crop_id,image_path,source_page,writer_id,x_min,y_min,x_max,y_max,label_raw,label_normalized,label_confidence,segmentation_confidence,review_required,review_status,notes,reviewer_notes,metadata_file,metadata_row,resolved_image_path,label,label_codepoints,image_exists,image_width,image_height,pixel_std,ink_ratio,auto_decision,auto_reason,group_id
W001_P001_L002,lines_raw/W001_P001_L002.png,page_001.png,W001,142,385,688,415,នៅលើសកលលោកយើងនេះ គ្រប់បណ្តាមនុស្ស ជាច្រើនរមែង   ,,0.0,0.95,True,verified,Line crop; human transcription required,AI pre-review: exact character-level transcription is unsafe at the available 29–33 px crop height; uncertain at the middle cluster and the final word at the right edge. label_raw intentionally left blank; human transcription required.,data/handwritten_external/W001/line_metadata.csv,3,/Users/macbookpro/Desktop/Development/khmer-handwritten-word-recognition/data/handwritten_external/W001/lines_raw/W001_P001_L002.png,នៅលើសកលលោកយើងនេះ គ្រប់បណ្តាមនុស្ស ជាច្រើនរមែង,45,True,546,30,58.1732,0.272344,review,contains_whitespace,W001
W001_P001_L003,lines_raw/W001_P001_L003.png,page_001.png,W001,81,411,688,440,តែងតែប្រាថ្នាចង់បាននូវសុខសន្តិភាព សុភមង្គលគ្រប់ៗគ្នា,,0.0,0.95,True,verified,Line crop; human transcription required,"AI pre-review: exact character-level transcription is unsafe at the available 29–33 px crop height; uncertain at the first word, several center subscripts, and the rightmost punctuation. label_raw intentionally left blank; human transcription required.",data/handwritten_external/W001/line_metadata.csv,4,/Users/macbookpro/Desktop/Development/khmer-handwritten-word-recognition/data/handwritten_external/W001/lines_raw/W001_P001_L003.png,តែងតែប្រាថ្នាចង់បាននូវសុខសន្តិភាព សុភមង្គលគ្រប់ៗគ្នា,52,True,607,29,59.3169,0.295575,review,contains_whitespace,W001
W001_P001_L004,lines_raw/W001_P001_L004.png,page_001.png,W001,81,436,688,466,នៅដោយមានការចេះអធ្យាស្រ័យគ្នា ទៅវិញទៅមក...... រស់នៅដោយមាន,,1.0,0.95,False,verified,Line crop; human transcription required,Verified: exact character-level Unicode transcription confirmed.,data/handwritten_external/W001/line_metadata.csv,5,/Users/macbookpro/Desktop/Development/khmer-handwritten-word-recognition/data/handwritten_external/W001/lines_raw/W001_P001_L004.png,នៅដោយមានការចេះអធ្យាស្រ័យគ្នា ទៅវិញទៅមក...... រស់នៅដោយមាន,56,True,607,30,58.3052,0.29665,review,contains_whitespace,W001
W001_P001_L005,lines_raw/W001_P001_L005.png,page_001.png,W001,81,462,688,491,ភាពសមរម្យស្របប្រកប...... ប្រកាន់យកភាពជាបងប្អូន រៀងៗ ខ្លួន...... គឺ ជា បំណង,,1.0,0.95,False,verified,Line crop; human transcription required,Verified: exact character-level Unicode transcription confirmed.,data/handwritten_external/W001/line_metadata.csv,6,/Users/macbookpro/Desktop/Development/khmer-handwritten-word-recognition/data/handwritten_external/W001/lines_raw/W001_P001_L005.png,ភាពសមរម្យស្របប្រកប...... ប្រកាន់យកភាពជាបងប្អូន រៀងៗ ខ្លួន...... គឺ ជា បំណង,74,True,607,29,57.1924,0.280861,review,contains_whitespace,W001
W001_P001_L006,lines_raw/W001_P001_L006.png,page_001.png,W001,81,487,686,517,របស់ប្រជាជន ទាំងមូល ដើម្បីរស់នៅបានសុខសាន្ត ។... ដោយហេតុថាគ្រប់,,1.0,0.95,False,verified,Line crop; human transcription required,Verified: exact character-level Unicode transcription confirmed.,data/handwritten_external/W001/line_metadata.csv,7,/Users/macbookpro/Desktop/Development/khmer-handwritten-word-recognition/data/handwritten_external/W001/lines_raw/W001_P001_L006.png,របស់ប្រជាជន ទាំងមូល ដើម្បីរស់នៅបានសុខសាន្ត ។... ដោយហេតុថាគ្រប់,62,True,605,30,58.5768,0.297245,review,contains_whitespace,W001
W001_P001_L007,lines_raw/W001_P001_L007.png,page_001.png,W001,81,513,688,543,មនុស្សទាំងអស់ គឺរស់នៅ មាន លក្ខណៈជាកុសលលក្ខណ៍...... ជាក្រុមៗដើម្បី ប្រា,,1.0,0.95,False,verified,Line crop; human transcription required,Verified: exact character-level Unicode transcription confirmed.,data/handwritten_external/W001/line_metadata.csv,8,/Users/macbookpro/Desktop/Development/khmer-handwritten-word-recognition/data/handwritten_external/W001/lines_raw/W001_P001_L007.png,មនុស្សទាំងអស់ គឺរស់នៅ មាន លក្ខណៈជាកុសលលក្ខណ៍...... ជាក្រុមៗដើម្បី ប្រា,70,True,607,30,59.3145,0.315596,review,contains_whitespace,W001
W001_P001_L008,lines_raw/W001_P001_L008.png,page_001.png,W001,81,539,688,569,ស្រ័យទាក់ទងគ្នា ទៅវិញទៅមក...... ។...... ឯព្រះពុទ្ធសាសនាក៏មាន នាទី យ៉ាងសំខាន់ ដើរ,,1.0,0.95,False,verified,Line crop; human transcription required,Verified: exact character-level Unicode transcription confirmed.,data/handwritten_external/W001/line_metadata.csv,9,/Users/macbookpro/Desktop/Development/khmer-handwritten-word-recognition/data/handwritten_external/W001/lines_raw/W001_P001_L008.png,ស្រ័យទាក់ទងគ្នា ទៅវិញទៅមក...... ។...... ឯព្រះពុទ្ធសាសនាក៏មាន នាទី យ៉ាងសំខាន់ ដើរ,80,True,607,30,59.2111,0.30313,review,contains_whitespace,W001
W001_P001_L009,lines_raw/W001_P001_L009.png,page_001.png,W001,81,565,688,594,ខាងផ្នែក សម្រាប់ប្រជាជន... ក៏ដូច ជាពុទ្ធបរិស័ទ... ដែលជាពុទ្ធសាសនិកដែរ...,,1.0,0.95,False,verified,Line crop; human transcription required,Verified: exact character-level Unicode transcription confirmed.,data/handwritten_external/W001/line_metadata.csv,10,/Users/macbookpro/Desktop/Development/khmer-handwritten-word-recognition/data/handwritten_external/W001/lines_raw/W001_P001_L009.png,ខាងផ្នែក សម្រាប់ប្រជាជន... ក៏ដូច ជាពុទ្ធបរិស័ទ... ដែលជាពុទ្ធសាសនិកដែរ...,72,True,607,29,59.1795,0.302619,review,contains_whitespace,W001
W001_P001_L010,lines_raw/W001_P001_L010.png,page_001.png,W001,94,590,688,619,ពុទ្ធសាសនា បានដើរតួយ៉ាង សំខាន់... ក្នុងការអប់រំផ្លូវកាយ និងផ្លូវ ចិត្តរបស់,,1.0,0.95,False,verified,Line crop; human transcription required,Verified: exact character-level Unicode transcription confirmed.,data/handwritten_external/W001/line_metadata.csv,11,/Users/macbookpro/Desktop/Development/khmer-handwritten-word-recognition/data/handwritten_external/W001/lines_raw/W001_P001_L010.png,ពុទ្ធសាសនា បានដើរតួយ៉ាង សំខាន់... ក្នុងការអប់រំផ្លូវកាយ និងផ្លូវ ចិត្តរបស់,74,True,594,29,60.318,0.310693,review,contains_whitespace,W001
W001_P001_L011,lines_raw/W001_P001_L011.png,page_001.png,W001,119,615,688,645,ណាស់ដែល ប្រតិបត្តិ តាមគន្លង ធម៌ របស់ព្រះពុទ្ធ ដែរ ។... ហេតុនេះ,,1.0,0.95,False,verified,Line crop; human transcription required,Verified: exact character-level Unicode transcription confirmed.,data/handwritten_external/W001/line_metadata.csv,12,/Users/macbookpro/Desktop/Development/khmer-handwritten-word-recognition/data/handwritten_external/W001/lines_raw/W001_P001_L011.png,ណាស់ដែល ប្រតិបត្តិ តាមគន្លង ធម៌ របស់ព្រះពុទ្ធ ដែរ ។... ហេតុនេះ,62,True,569,30,61.4994,0.325952,review,contains_whitespace,W001
W001_P001_L012,lines_raw/W001_P001_L012.png,page_001.png,W001,81,641,688,671,ហើយទើបបានជាទស្សនៈ មួយបានលើកឡើងថា “ ទ្រព្យសម្បត្តិ ដ៏ល្អ...,,1.0,0.95,False,verified,Line crop; human transcription required,Verified: exact character-level Unicode transcription confirmed.,data/handwritten_external/W001/line_metadata.csv,13,/Users/macbookpro/Desktop/Development/khmer-handwritten-word-recognition/data/handwritten_external/W001/lines_raw/W001_P001_L012.png,ហើយទើបបានជាទស្សនៈ មួយបានលើកឡើងថា “ ទ្រព្យសម្បត្តិ ដ៏ល្អ...,58,True,607,30,61.82,0.331631,review,contains_whitespace,W001
W001_P001_L013,lines_raw/W001_P001_L013.png,page_001.png,W001,81,667,455,696,សាសនា... បានធ្វើឱ្យមានវិទ្យាសាស្ត្រ សន្តិភាព... » ។,,1.0,0.95,False,verified,Line crop; human transcription required,Verified: exact character-level Unicode transcription confirmed.,data/handwritten_external/W001/line_metadata.csv,14,/Users/macbookpro/Desktop/Development/khmer-handwritten-word-recognition/data/handwritten_external/W001/lines_raw/W001_P001_L013.png,សាសនា... បានធ្វើឱ្យមានវិទ្យាសាស្ត្រ សន្តិភាព... » ។,51,True,374,29,60.7855,0.314309,review,contains_whitespace,W001
W001_P001_L014,lines_raw/W001_P001_L014.png,page_001.png,W001,157,692,678,722,តើ ទស្សនៈ ខាងលើនេះ មាន អត្ថន័យ និងខ្លឹមសារដូចម្តេចខ្លះ... ?,,1.0,0.95,False,verified,Line crop; human transcription required,Verified: exact character-level Unicode transcription confirmed.,data/handwritten_external/W001/line_metadata.csv,15,/Users/macbookpro/Desktop/Development/khmer-handwritten-word-recognition/data/handwritten_external/W001/lines_raw/W001_P001_L014.png,តើ ទស្សនៈ ខាងលើនេះ មាន អត្ថន័យ និងខ្លឹមសារដូចម្តេចខ្លះ... ?,59,True,521,30,60.5124,0.31913,review,contains_whitespace,W001
W001_P001_L015,lines_raw/W001_P001_L015.png,page_001.png,W001,143,718,688,747,ដើម្បីជាស្ពានឈាន ទៅដល់ ការបកស្រាយ ន័យនៃទស្សនៈ... ប្រធាន,,1.0,0.95,False,verified,Line crop; human transcription required,Verified: exact character-level Unicode transcription confirmed.,data/handwritten_external/W001/line_metadata.csv,16,/Users/macbookpro/Desktop/Development/khmer-handwritten-word-recognition/data/handwritten_external/W001/lines_raw/W001_P001_L015.png,ដើម្បីជាស្ពានឈាន ទៅដល់ ការបកស្រាយ ន័យនៃទស្សនៈ... ប្រធាន,55,True,545,29,60.9267,0.300538,review,contains_whitespace,W001
W001_P001_L016,lines_raw/W001_P001_L016.png,page_001.png,W001,81,743,688,772,ខាងលើឱ្យ បាន... ក្បោះក្បាយ... ស៊ីជម្រៅ... មានន័យទូលំទូលាយស្តាប់បាន,,1.0,0.95,False,verified,Line crop; human transcription required,Verified: exact character-level Unicode transcription confirmed.,data/handwritten_external/W001/line_metadata.csv,17,/Users/macbookpro/Desktop/Development/khmer-handwritten-word-recognition/data/handwritten_external/W001/lines_raw/W001_P001_L016.png,ខាងលើឱ្យ បាន... ក្បោះក្បាយ... ស៊ីជម្រៅ... មានន័យទូលំទូលាយស្តាប់បាន,66,True,607,29,60.2256,0.305289,review,contains_whitespace,W001
W001_P001_L017,lines_raw/W001_P001_L017.png,page_001.png,W001,81,768,688,798,ទៅទទួលយកប្រធានបទនោះ យើង... គប្បី ត្រូវស្វែងយល់ នូវអត្ថន័យនៃពាក្យ,,1.0,0.95,False,verified,Line crop; human transcription required,Verified: exact character-level Unicode transcription confirmed.,data/handwritten_external/W001/line_metadata.csv,18,/Users/macbookpro/Desktop/Development/khmer-handwritten-word-recognition/data/handwritten_external/W001/lines_raw/W001_P001_L017.png,ទៅទទួលយកប្រធានបទនោះ យើង... គប្បី ត្រូវស្វែងយល់ នូវអត្ថន័យនៃពាក្យ,64,True,607,30,61.2112,0.315925,review,contains_whitespace,W001
W001_P001_L018,lines_raw/W001_P001_L018.png,page_001.png,W001,81,794,688,823,គន្លឹះ មួយចំនួន សិន ។... « ព្រះពុទ្ធសាសនា » មានន័យថា... ជាសាសនា,,1.0,0.95,False,verified,Line crop; human transcription required,Verified: exact character-level Unicode transcription confirmed.,data/handwritten_external/W001/line_metadata.csv,19,/Users/macbookpro/Desktop/Development/khmer-handwritten-word-recognition/data/handwritten_external/W001/lines_raw/W001_P001_L018.png,គន្លឹះ មួយចំនួន សិន ។... « ព្រះពុទ្ធសាសនា » មានន័យថា... ជាសាសនា,63,True,607,29,61.2257,0.303982,review,contains_whitespace,W001
W001_P001_L019,lines_raw/W001_P001_L019.png,page_001.png,W001,81,819,688,847,ដ៏ខ្ពង់ខ្ពស់ដែលធ្វើឱ្យ ពុទ្ធសាសនិក ទាំងអស់ មានជំនឿសប់... និង ជឿសាសនា,,1.0,0.95,False,verified,Line crop; human transcription required,Verified: exact character-level Unicode transcription confirmed.,data/handwritten_external/W001/line_metadata.csv,20,/Users/macbookpro/Desktop/Development/khmer-handwritten-word-recognition/data/handwritten_external/W001/lines_raw/W001_P001_L019.png,ដ៏ខ្ពង់ខ្ពស់ដែលធ្វើឱ្យ ពុទ្ធសាសនិក ទាំងអស់ មានជំនឿសប់... និង ជឿសាសនា,68,True,607,28,62.2787,0.327312,review,contains_whitespace,W001
W001_P001_L020,lines_raw/W001_P001_L020.png,page_001.png,W001,81,843,688,873,ដែលបង្កើត ឡើងដោយព្រះបរមគ្រូ នៃយើង ។... ឯពាក្យ « វិទ្យាសាស្ត្រ » គឺ,,1.0,0.95,False,verified,Line crop; human transcription required,Verified: exact character-level Unicode transcription confirmed.,data/handwritten_external/W001/line_metadata.csv,21,/Users/macbookpro/Desktop/Development/khmer-handwritten-word-recognition/data/handwritten_external/W001/lines_raw/W001_P001_L020.png,ដែលបង្កើត ឡើងដោយព្រះបរមគ្រូ នៃយើង ។... ឯពាក្យ « វិទ្យាសាស្ត្រ » គឺ,66,True,607,30,58.2043,0.282702,review,contains_whitespace,W001
W001_P001_L021,lines_raw/W001_P001_L021.png,page_001.png,W001,81,869,688,898,ជាការសាបព្រោះ នូវ ចំណេះដឹង ។... ចំណែក « សន្តិភាព » ជាភាពស្ងប់,,1.0,0.95,False,verified,Line crop; human transcription required,Verified: exact character-level Unicode transcription confirmed.,data/handwritten_external/W001/line_metadata.csv,22,/Users/macbookpro/Desktop/Development/khmer-handwritten-word-recognition/data/handwritten_external/W001/lines_raw/W001_P001_L021.png,ជាការសាបព្រោះ នូវ ចំណេះដឹង ។... ចំណែក « សន្តិភាព » ជាភាពស្ងប់,61,True,607,29,57.2689,0.260183,review,contains_whitespace,W001
W001_P001_L022,lines_raw/W001_P001_L022.png,page_001.png,W001,81,894,688,923,ដែល មានលក្ខណៈ ស្ងប់ស្ងាត់... សុខសាន្ត... ភាពគ្មានសង្គ្រាម... ដូចនេះ,,1.0,0.95,False,verified,Line crop; human transcription required,Verified: exact character-level Unicode transcription confirmed.,data/handwritten_external/W001/line_metadata.csv,23,/Users/macbookpro/Desktop/Development/khmer-handwritten-word-recognition/data/handwritten_external/W001/lines_raw/W001_P001_L022.png,ដែល មានលក្ខណៈ ស្ងប់ស្ងាត់... សុខសាន្ត... ភាពគ្មានសង្គ្រាម... ដូចនេះ,67,True,607,29,59.1999,0.293018,review,contains_whitespace,W001
W001_P001_L023,lines_raw/W001_P001_L023.png,page_001.png,W001,81,919,688,949,ទស្សនៈ ប្រធាន ខាងលើដែល... លើកឡើងថា... ទ្រព្យ... សម្បត្តិ ព្រះពុទ្ធ,,1.0,0.95,False,verified,Line crop; human transcription required,Verified: exact character-level Unicode transcription confirmed.,data/handwritten_external/W001/line_metadata.csv,24,/Users/macbookpro/Desktop/Development/khmer-handwritten-word-recognition/data/handwritten_external/W001/lines_raw/W001_P001_L023.png,ទស្សនៈ ប្រធាន ខាងលើដែល... លើកឡើងថា... ទ្រព្យ... សម្បត្តិ ព្រះពុទ្ធ,66,True,607,30,59.5831,0.301373,review,contains_whitespace,W001
W001_P001_L024,lines_raw/W001_P001_L024.png,page_001.png,W001,81,945,688,974,សាសនា ដែល កើតមកដោយ ព្រះបរមគ្រូននៃយើង នេះ... បានធ្វើឱ្យមាន,,1.0,0.95,False,verified,Line crop; human transcription required,Verified: exact character-level Unicode transcription confirmed.,data/handwritten_external/W001/line_metadata.csv,25,/Users/macbookpro/Desktop/Development/khmer-handwritten-word-recognition/data/handwritten_external/W001/lines_raw/W001_P001_L024.png,សាសនា ដែល កើតមកដោយ ព្រះបរមគ្រូននៃយើង នេះ... បានធ្វើឱ្យមាន,57,True,607,29,59.6784,0.296768,review,contains_whitespace,W001
W001_P001_L025,lines_raw/W001_P001_L025.png,page_001.png,W001,81,970,663,1002,ការសាបព្រោះ... នូវចំណេះដឹង ផ្សេងៗ ដែលជាហេតុនាំឱ្យ មាន,,1.0,0.95,False,verified,Line crop; human transcription required,Verified: exact character-level Unicode transcription confirmed.,data/handwritten_external/W001/line_metadata.csv,26,/Users/macbookpro/Desktop/Development/khmer-handwritten-word-recognition/data/handwritten_external/W001/lines_raw/W001_P001_L025.png,ការសាបព្រោះ... នូវចំណេះដឹង ផ្សេងៗ ដែលជាហេតុនាំឱ្យ មាន,53,True,582,32,56.896,0.238348,review,contains_whitespace,W001
W001_P002_L001,lines_raw/W001_P002_L001.png,page_002.png,W001,87,229,652,266,សុខសន្តិភាព... ពេលនោះ គឺជា ភាពសុខសាន្ត... ។,,1.0,0.95,False,verified,Line crop; human transcription required; inspect possible header or source-overlay contamination,Verified: exact character-level Unicode transcription confirmed.,data/handwritten_external/W001/line_metadata.csv,27,/Users/macbookpro/Desktop/Development/khmer-handwritten-word-recognition/data/handwritten_external/W001/lines_raw/W001_P002_L001.png,សុខសន្តិភាព... ពេលនោះ គឺជា ភាពសុខសាន្ត... ។,43,True,565,37,35.4433,0.13901,review,contains_whitespace,W001
W001_P002_L002,lines_raw/W001_P002_L002.png,page_002.png,W001,155,262,688,292,ជាការពិតណាស់... ព្រះពុទ្ធសាសនា ដើរតួយ៉ាងសំខាន់ ណាស់ចំពោះ...,,1.0,0.95,False,verified,Line crop; human transcription required,Verified: exact character-level Unicode transcription confirmed.,data/handwritten_external/W001/line_metadata.csv,28,/Users/macbookpro/Desktop/Development/khmer-handwritten-word-recognition/data/handwritten_external/W001/lines_raw/W001_P002_L002.png,ជាការពិតណាស់... ព្រះពុទ្ធសាសនា ដើរតួយ៉ាងសំខាន់ ណាស់ចំពោះ...,59,True,533,30,45.1536,0.25122,review,contains_whitespace,W001
W001_P002_L003,lines_raw/W001_P002_L003.png,page_002.png,W001,84,288,688,317,សង្គមខ្មែរ... ដែលជា នាវានាំឆ្ពោះ... ទៅរកភាពសុខសាន្ត... ។ បើយើងងាក ត្រឡប់,,1.0,0.95,False,verified,Line crop; human transcription required,Verified: exact character-level Unicode transcription confirmed.,data/handwritten_external/W001/line_metadata.csv,29,/Users/macbookpro/Desktop/Development/khmer-handwritten-word-recognition/data/handwritten_external/W001/lines_raw/W001_P002_L003.png,សង្គមខ្មែរ... ដែលជា នាវានាំឆ្ពោះ... ទៅរកភាពសុខសាន្ត... ។ បើយើងងាក ត្រឡប់,72,True,604,29,47.917,0.272551,review,contains_whitespace,W001
W0010_P001_L018,lines_raw/W0010_P001_L018.png,page_001.png,W0010,30,1437,1235,1488,ទើបហៅថា ជាមនុស្សល្អ..។..ជាក់ស្តែងត្រង់ល្បះទី១..ទំព័រទី១..បានផ្តល់ដំបូន្មានថា «កុំទុក,,1.0,0.95,False,verified,Verified character-by-character line crop transcription,,data/handwritten_external/W0010/line_metadata.csv,19,/Users/macbookpro/Desktop/Development/khmer-handwritten-word-recognition/data/handwritten_external/W0010/lines_raw/W0010_P001_L018.png,ទើបហៅថា ជាមនុស្សល្អ..។..ជាក់ស្តែងត្រង់ល្បះទី១..ទំព័រទី១..បានផ្តល់ដំបូន្មានថា «កុំទុក,84,True,1205,51,57.6032,0.357123,review,contains_whitespace,W0010
W0011_P001_L001,lines_raw/W0011_P001_L001.png,page_001.png,W0011,209,44,1271,120,ប្រធាន: នៅក្នុងច្បាប់ល្បើកថ្មី,,1.0,0.95,False,verified,Verified character-by-character line crop transcription,,data/handwritten_external/W0011/line_metadata.csv,2,/Users/macbookpro/Desktop/Development/khmer-handwritten-word-recognition/data/handwritten_external/W0011/lines_raw/W0011_P001_L001.png,ប្រធាន: នៅក្នុងច្បាប់ល្បើកថ្មី,30,True,1062,76,62.6921,0.836208,review,contains_whitespace,W0011
W0011_P001_L002,lines_raw/W0011_P001_L002.png,page_001.png,W0011,47,116,1271,198,របស់ព្រះភិរម្យភាសាអ៊ូ ហៅង៉ុយបានចែងថា “ បម្រើម្ចាស់ពិត ប្រុងក្តី,,1.0,0.95,False,verified,Verified character-by-character line crop transcription,,data/handwritten_external/W0011/line_metadata.csv,3,/Users/macbookpro/Desktop/Development/khmer-handwritten-word-recognition/data/handwritten_external/W0011/lines_raw/W0011_P001_L002.png,របស់ព្រះភិរម្យភាសាអ៊ូ ហៅង៉ុយបានចែងថា “ បម្រើម្ចាស់ពិត ប្រុងក្តី,63,True,1224,82,61.2359,0.823838,review,contains_whitespace,W0011
W0011_P001_L003,lines_raw/W0011_P001_L003.png,page_001.png,W0011,309,194,1271,266,ឲ្យមត់ ស្មារតីឲ្យមាន សៅហ្មងឲ្យបាត់ សេពគប់,,1.0,0.95,False,verified,Verified character-by-character line crop transcription,,data/handwritten_external/W0011/line_metadata.csv,4,/Users/macbookpro/Desktop/Development/khmer-handwritten-word-recognition/data/handwritten_external/W0011/lines_raw/W0011_P001_L003.png,ឲ្យមត់ ស្មារតីឲ្យមាន សៅហ្មងឲ្យបាត់ សេពគប់,41,True,962,72,66.0417,0.800185,review,contains_whitespace,W0011
W0011_P001_L004,lines_raw/W0011_P001_L004.png,page_001.png,W0011,311,262,1271,332,ឲ្យហាន ចង់បានរបៀន កុំលោភកុំខ្វល់ » ។,,1.0,0.95,False,verified,Verified character-by-character line crop transcription,,data/handwritten_external/W0011/line_metadata.csv,5,/Users/macbookpro/Desktop/Development/khmer-handwritten-word-recognition/data/handwritten_external/W0011/lines_raw/W0011_P001_L004.png,ឲ្យហាន ចង់បានរបៀន កុំលោភកុំខ្វល់ » ។,36,True,960,70,64.6424,0.725878,review,contains_whitespace,W0011
W0011_P001_L005,lines_raw/W0011_P001_L005.png,page_001.png,W0011,96,328,1271,410,ចូរពន្យល់ដោយលើកឧទាហរណ៍មកបញ្ជាក់ ។,,1.0,0.95,False,verified,Verified character-by-character line crop transcription,,data/handwritten_external/W0011/line_metadata.csv,6,/Users/macbookpro/Desktop/Development/khmer-handwritten-word-recognition/data/handwritten_external/W0011/lines_raw/W0011_P001_L005.png,ចូរពន្យល់ដោយលើកឧទាហរណ៍មកបញ្ជាក់ ។,33,True,1175,82,61.2392,0.745688,review,contains_whitespace,W0011
W0011_P001_L008,lines_raw/W0011_P001_L008.png,page_001.png,W0011,308,546,1271,600,នៅក្នុងសង្គមមួយៗ មនុស្សតែងមានទំនាក់ទំនង,,1.0,0.95,False,verified,Verified character-by-character line crop transcription,,data/handwritten_external/W0011/line_metadata.csv,9,/Users/macbookpro/Desktop/Development/khmer-handwritten-word-recognition/data/handwritten_external/W0011/lines_raw/W0011_P001_L008.png,នៅក្នុងសង្គមមួយៗ មនុស្សតែងមានទំនាក់ទំនង,39,True,963,54,72.5447,0.785181,review,contains_whitespace,W0011
W0011_P001_L009,lines_raw/W0011_P001_L009.png,page_001.png,W0011,169,596,1271,668,គ្នាទៅវិញទៅមក ពិសេសបញ្ហាការងារ ឬការសេពគប់,,1.0,0.95,False,verified,Verified character-by-character line crop transcription,,data/handwritten_external/W0011/line_metadata.csv,10,/Users/macbookpro/Desktop/Development/khmer-handwritten-word-recognition/data/handwritten_external/W0011/lines_raw/W0011_P001_L009.png,គ្នាទៅវិញទៅមក ពិសេសបញ្ហាការងារ ឬការសេពគប់,41,True,1102,72,65.8913,0.810093,review,contains_whitespace,W0011
W0011_P001_L010,lines_raw/W0011_P001_L010.png,page_001.png,W0011,64,664,1271,736,រាប់អាន ។ ជាមួយគ្នានេះ វត្តមាន ចិត្តគំនិតរបស់មនុស្សល្អ,,1.0,0.95,False,verified,Verified character-by-character line crop transcription,,data/handwritten_external/W0011/line_metadata.csv,11,/Users/macbookpro/Desktop/Development/khmer-handwritten-word-recognition/data/handwritten_external/W0011/lines_raw/W0011_P001_L010.png,រាប់អាន ។ ជាមួយគ្នានេះ វត្តមាន ចិត្តគំនិតរបស់មនុស្សល្អ,54,True,1207,72,66.0872,0.726929,review,contains_whitespace,W0011
W0011_P001_L011,lines_raw/W0011_P001_L011.png,page_001.png,W0011,18,732,1271,804,ក៏មានលក្ខណៈច្រើនយ៉ាង តែយ៉ាងណាក៏ដោយ ក៏,,1.0,0.95,False,verified,Verified character-by-character line crop transcription,,data/handwritten_external/W0011/line_metadata.csv,12,/Users/macbookpro/Desktop/Development/khmer-handwritten-word-recognition/data/handwritten_external/W0011/lines_raw/W0011_P001_L011.png,ក៏មានលក្ខណៈច្រើនយ៉ាង តែយ៉ាងណាក៏ដោយ ក៏,37,True,1253,72,63.0505,0.777866,review,contains_whitespace,W0011
W0011_P001_L012,lines_raw/W0011_P001_L012.png,page_001.png,W0011,164,800,1271,881,យ៉ាងតម្រូវឲ្យមនុស្សមានប្រាជ្ញាឈ្លាសវៃ នៅពេលផ្សារភ្ជាប់ទំនាក់ទំនង ធ្វើការ ឬរាប់អាននឹង,,1.0,0.95,False,verified,Verified character-by-character line crop transcription,,data/handwritten_external/W0011/line_metadata.csv,13,/Users/macbookpro/Desktop/Development/khmer-handwritten-word-recognition/data/handwritten_external/W0011/lines_raw/W0011_P001_L012.png,យ៉ាងតម្រូវឲ្យមនុស្សមានប្រាជ្ញាឈ្លាសវៃ នៅពេលផ្សារភ្ជាប់ទំនាក់ទំនង ធ្វើការ ឬរាប់អាននឹង,84,True,1107,81,67.2733,0.756655,review,contains_whitespace,W0011
W0011_P001_L013,lines_raw/W0011_P001_L013.png,page_001.png,W0011,163,877,1271,950,គ្នាដោយការប្រុងប្រយ័ត្នឲ្យបានម៉ត់ចត់ ។ បើមនុស្ស,,1.0,0.95,False,verified,Verified character-by-character line crop transcription,,data/handwritten_external/W0011/line_metadata.csv,14,/Users/macbookpro/Desktop/Development/khmer-handwritten-word-recognition/data/handwritten_external/W0011/lines_raw/W0011_P001_L013.png,គ្នាដោយការប្រុងប្រយ័ត្នឲ្យបានម៉ត់ចត់ ។ បើមនុស្ស,47,True,1108,73,67.3034,0.783839,review,contains_whitespace,W0011
W0011_P001_L014,lines_raw/W0011_P001_L014.png,page_001.png,W0011,24,946,1271,1018,ល្អ គ្មានបញ្ហាអ្វីនោះទេ តែបើប៉ះមនុស្សទៀចវៀច មុខជា,,1.0,0.95,False,verified,Verified character-by-character line crop transcription,,data/handwritten_external/W0011/line_metadata.csv,15,/Users/macbookpro/Desktop/Development/khmer-handwritten-word-recognition/data/handwritten_external/W0011/lines_raw/W0011_P001_L014.png,ល្អ គ្មានបញ្ហាអ្វីនោះទេ តែបើប៉ះមនុស្សទៀចវៀច មុខជា,49,True,1247,72,63.8409,0.810668,review,contains_whitespace,W0011
W0011_P001_L015,lines_raw/W0011_P001_L015.png,page_001.png,W0011,18,1014,1271,1085,ជួបប្រទះ ការខាតបង់មិនខាន ។ ចំណែកចំណេះវិជ្ជាក៏,,1.0,0.95,False,verified,Verified character-by-character line crop transcription,,data/handwritten_external/W0011/line_metadata.csv,16,/Users/macbookpro/Desktop/Development/khmer-handwritten-word-recognition/data/handwritten_external/W0011/lines_raw/W0011_P001_L015.png,ជួបប្រទះ ការខាតបង់មិនខាន ។ ចំណែកចំណេះវិជ្ជាក៏,45,True,1253,71,62.9631,0.795578,review,contains_whitespace,W0011
W0011_P001_L016,lines_raw/W0011_P001_L016.png,page_001.png,W0011,53,1081,1271,1155,ទាមទារឲ្យមនុស្ស ខិតខំប្រឹងប្រែង បើចង់ចេះ ចង់ដឹងត្រូវ,,1.0,0.95,False,verified,Verified character-by-character line crop transcription,,data/handwritten_external/W0011/line_metadata.csv,17,/Users/macbookpro/Desktop/Development/khmer-handwritten-word-recognition/data/handwritten_external/W0011/lines_raw/W0011_P001_L016.png,ទាមទារឲ្យមនុស្ស ខិតខំប្រឹងប្រែង បើចង់ចេះ ចង់ដឹងត្រូវ,52,True,1218,74,66.2239,0.791473,review,contains_whitespace,W0011
W0011_P001_L017,lines_raw/W0011_P001_L017.png,page_001.png,W0011,49,1151,1271,1224,ហ៊ានជម្នះ ឧបសគ្គ មិនត្រូវភ័យខ្លាចនោះទេ ។ អាស្រ័យ,,1.0,0.95,False,verified,Verified character-by-character line crop transcription,,data/handwritten_external/W0011/line_metadata.csv,18,/Users/macbookpro/Desktop/Development/khmer-handwritten-word-recognition/data/handwritten_external/W0011/lines_raw/W0011_P001_L017.png,ហ៊ានជម្នះ ឧបសគ្គ មិនត្រូវភ័យខ្លាចនោះទេ ។ អាស្រ័យ,48,True,1222,73,62.8302,0.790653,review,contains_whitespace,W0011
W0011_P002_L001,lines_raw/W0011_P002_L001.png,page_002.png,W0011,116,20,1271,85,ហេតុនេះហើយ ទើបនៅក្នុងច្បាប់ល្បើកថ្មីរបស់ព្រះភិរម្យ,,1.0,0.95,False,verified,Verified character-by-character line crop transcription,,data/handwritten_external/W0011/line_metadata.csv,19,/Users/macbookpro/Desktop/Development/khmer-handwritten-word-recognition/data/handwritten_external/W0011/lines_raw/W0011_P002_L001.png,ហេតុនេះហើយ ទើបនៅក្នុងច្បាប់ល្បើកថ្មីរបស់ព្រះភិរម្យ,50,True,1155,65,65.5828,0.742458,review,contains_whitespace,W0011
W0011_P002_L002,lines_raw/W0011_P002_L002.png,page_002.png,W0011,116,81,1271,153,ភាសាអ៊ូ ហៅង៉ុយ បានចែងថា “ បម្រើម្ចាស់ពិត ប្រុងក្តី,,1.0,0.95,False,verified,Verified character-by-character line crop transcription,,data/handwritten_external/W0011/line_metadata.csv,20,/Users/macbookpro/Desktop/Development/khmer-handwritten-word-recognition/data/handwritten_external/W0011/lines_raw/W0011_P002_L002.png,ភាសាអ៊ូ ហៅង៉ុយ បានចែងថា “ បម្រើម្ចាស់ពិត ប្រុងក្តី,50,True,1155,72,63.89,0.740428,review,contains_whitespace,W0011
W0011_P002_L003,lines_raw/W0011_P002_L003.png,page_002.png,W0011,116,149,1271,221,ឲ្យមត់ ស្មារតីឲ្យមាន សៅហ្មងឲ្យបាត់ បើខ្វះឲ្យហាន ចង់,,1.0,0.95,False,verified,Verified character-by-character line crop transcription,,data/handwritten_external/W0011/line_metadata.csv,21,/Users/macbookpro/Desktop/Development/khmer-handwritten-word-recognition/data/handwritten_external/W0011/lines_raw/W0011_P002_L003.png,ឲ្យមត់ ស្មារតីឲ្យមាន សៅហ្មងឲ្យបាត់ បើខ្វះឲ្យហាន ចង់,51,True,1155,72,64.9495,0.788191,review,contains_whitespace,W0011
W0011_P002_L004,lines_raw/W0011_P002_L004.png,page_002.png,W0011,116,217,1271,288,បានរបៀន កុំលោភកុំខ្វល់ » ។,,1.0,0.95,False,verified,Verified character-by-character line crop transcription,,data/handwritten_external/W0011/line_metadata.csv,22,/Users/macbookpro/Desktop/Development/khmer-handwritten-word-recognition/data/handwritten_external/W0011/lines_raw/W0011_P002_L004.png,បានរបៀន កុំលោភកុំខ្វល់ » ។,26,True,1155,71,50.7453,0.86941,review,contains_whitespace,W0011
W0011_P002_L005,lines_raw/W0011_P002_L005.png,page_002.png,W0011,116,284,1271,356,តើពំនោលក្នុងច្បាប់នេះ មានខ្លឹមសារយ៉ាងដូចម្តេច ?,,1.0,0.95,False,verified,Verified character-by-character line crop transcription,,data/handwritten_external/W0011/line_metadata.csv,23,/Users/macbookpro/Desktop/Development/khmer-handwritten-word-recognition/data/handwritten_external/W0011/lines_raw/W0011_P002_L005.png,តើពំនោលក្នុងច្បាប់នេះ មានខ្លឹមសារយ៉ាងដូចម្តេច ?,47,True,1155,72,63.1587,0.780856,review,contains_whitespace,W0011
W0011_P002_L007,lines_raw/W0011_P002_L007.png,page_002.png,W0011,116,419,1271,489,ល្បើកថ្មីខាងលើឲ្យបានក្បោះក្បាយ គប្បីយល់ន័យនៃ,,1.0,0.95,False,verified,Verified character-by-character line crop transcription,,data/handwritten_external/W0011/line_metadata.csv,25,/Users/macbookpro/Desktop/Development/khmer-handwritten-word-recognition/data/handwritten_external/W0011/lines_raw/W0011_P002_L007.png,ល្បើកថ្មីខាងលើឲ្យបានក្បោះក្បាយ គប្បីយល់ន័យនៃ,44,True,1155,70,63.5097,0.780297,review,contains_whitespace,W0011
W0011_P002_L008,lines_raw/W0011_P002_L008.png,page_002.png,W0011,116,485,1271,554,ពាក្យ ព្រត មុត ល្ងៅ និងពាក្យរបៀន ជាមុនសិន ។ ពាក្យ ព្រត,,1.0,0.95,False,verified,Verified character-by-character line crop transcription,,data/handwritten_external/W0011/line_metadata.csv,26,/Users/macbookpro/Desktop/Development/khmer-handwritten-word-recognition/data/handwritten_external/W0011/lines_raw/W0011_P002_L008.png,ពាក្យ ព្រត មុត ល្ងៅ និងពាក្យរបៀន ជាមុនសិន ។ ពាក្យ ព្រត,54,True,1155,69,64.0463,0.812046,review,contains_whitespace,W0011
W0011_P002_L009,lines_raw/W0011_P002_L009.png,page_002.png,W0011,116,550,1271,627,គឺសំដៅលើ ល្បិចកល ចិត្តគំនិត រវត្ដចរិត ។ មុត គឺ សំដៅ,,1.0,0.95,False,verified,Verified character-by-character line crop transcription,,data/handwritten_external/W0011/line_metadata.csv,27,/Users/macbookpro/Desktop/Development/khmer-handwritten-word-recognition/data/handwritten_external/W0011/lines_raw/W0011_P002_L009.png,គឺសំដៅលើ ល្បិចកល ចិត្តគំនិត រវត្ដចរិត ។ មុត គឺ សំដៅ,51,True,1155,77,65.233,0.724034,review,contains_whitespace,W0011
W002_P001_L001,lines_raw/W002_P001_L001.png,page_001.png,W002,56,36,682,76,ប្រធាន៖ សុភាសិតខ្មែរបានចែងថា « ការពារជាជាងព្យាបាល » ។ ចូរបកស្រាយ,,1.0,0.95,False,verified,Line crop; human transcription required; inspect possible header or source-overlay contamination,Verified: character-by-character transcription confirmed against crop image.,data/handwritten_external/W002/line_metadata.csv,2,/Users/macbookpro/Desktop/Development/khmer-handwritten-word-recognition/data/handwritten_external/W002/lines_raw/W002_P001_L001.png,ប្រធាន៖ សុភាសិតខ្មែរបានចែងថា « ការពារជាជាងព្យាបាល » ។ ចូរបកស្រាយ,64,True,626,40,54.011,0.200919,review,contains_whitespace,W002
W002_P001_L002,lines_raw/W002_P001_L002.png,page_001.png,W002,134,72,493,115,ដោយលើកឧទាហរណ៍ក្នុងជីវិត មកបញ្ជាក់ ។,,1.0,0.95,False,verified,Line crop; human transcription required,Verified: character-by-character transcription confirmed against crop image.,data/handwritten_external/W002/line_metadata.csv,3,/Users/macbookpro/Desktop/Development/khmer-handwritten-word-recognition/data/handwritten_external/W002/lines_raw/W002_P001_L002.png,ដោយលើកឧទាហរណ៍ក្នុងជីវិត មកបញ្ជាក់ ។,35,True,359,43,54.0641,0.190452,review,contains_whitespace,W002
W002_P001_L004,lines_raw/W002_P001_L004.png,page_001.png,W002,93,149,687,189,នៅលើសកលលោកយើងនេះ គ្រប់អ្វីៗ ទាំងអស់តែងតែមានការប្រែប្រួលជា,,1.0,0.95,False,verified,Line crop; human transcription required,Verified: character-by-character transcription confirmed against crop image.,data/handwritten_external/W002/line_metadata.csv,5,/Users/macbookpro/Desktop/Development/khmer-handwritten-word-recognition/data/handwritten_external/W002/lines_raw/W002_P001_L004.png,នៅលើសកលលោកយើងនេះ គ្រប់អ្វីៗ ទាំងអស់តែងតែមានការប្រែប្រួលជា,57,True,594,40,54.5638,0.213721,review,contains_whitespace,W002
W002_P001_L005,lines_raw/W002_P001_L005.png,page_001.png,W002,29,185,683,225,និច្ច ។ គ្រាន់តែពេលខ្លះ ប្រែប្រួលតិច និងពេលខ្លះ មាន ការប្រែប្រួលខ្លាំងប៉ុណ្ណោះ ។,,1.0,0.95,False,verified,Line crop; human transcription required,Verified: character-by-character transcription confirmed against crop image.,data/handwritten_external/W002/line_metadata.csv,6,/Users/macbookpro/Desktop/Development/khmer-handwritten-word-recognition/data/handwritten_external/W002/lines_raw/W002_P001_L005.png,និច្ច ។ គ្រាន់តែពេលខ្លះ ប្រែប្រួលតិច និងពេលខ្លះ មាន ការប្រែប្រួលខ្លាំងប៉ុណ្ណោះ ។,80,True,654,40,53.8938,0.205696,review,contains_whitespace,W002
W002_P001_L006,lines_raw/W002_P001_L006.png,page_001.png,W002,31,221,680,263,មាន ហេតុ ត្រូវតែ មានផល ។ ដោយសារតែបែបនេះហើយទើបចាស់បុរាណយើង,,1.0,0.95,False,verified,Line crop; human transcription required,Verified: character-by-character transcription confirmed against crop image.,data/handwritten_external/W002/line_metadata.csv,7,/Users/macbookpro/Desktop/Development/khmer-handwritten-word-recognition/data/handwritten_external/W002/lines_raw/W002_P001_L006.png,មាន ហេតុ ត្រូវតែ មានផល ។ ដោយសារតែបែបនេះហើយទើបចាស់បុរាណយើង,57,True,649,42,53.1604,0.193961,review,contains_whitespace,W002
W002_P001_L007,lines_raw/W002_P001_L007.png,page_001.png,W002,32,259,689,299,បានចំណាយពេលវេលា របស់ខ្លួនស្ទើរពេញ មួយជីវិតរបស់ខ្លួន ដើម្បីសិក្សាស្វែងយល់,,1.0,0.95,False,verified,Line crop; human transcription required,Verified: character-by-character transcription confirmed against crop image.,data/handwritten_external/W002/line_metadata.csv,8,/Users/macbookpro/Desktop/Development/khmer-handwritten-word-recognition/data/handwritten_external/W002/lines_raw/W002_P001_L007.png,បានចំណាយពេលវេលា របស់ខ្លួនស្ទើរពេញ មួយជីវិតរបស់ខ្លួន ដើម្បីសិក្សាស្វែងយល់,72,True,657,40,55.9264,0.227626,review,contains_whitespace,W002
W002_P001_L008,lines_raw/W002_P001_L008.png,page_001.png,W002,31,295,677,336,នូវអ្វីៗ ដែលកើតមានឡើង ដើម្បីយកមកចងក្រងជាសុភាសិត ចងក្រង ជាពាក្យ-,,1.0,0.95,False,verified,Line crop; human transcription required,Verified: character-by-character transcription confirmed against crop image.,data/handwritten_external/W002/line_metadata.csv,9,/Users/macbookpro/Desktop/Development/khmer-handwritten-word-recognition/data/handwritten_external/W002/lines_raw/W002_P001_L008.png,នូវអ្វីៗ ដែលកើតមានឡើង ដើម្បីយកមកចងក្រងជាសុភាសិត ចងក្រង ជាពាក្យ-,63,True,646,41,54.6693,0.208034,review,contains_whitespace,W002
W002_P001_L009,lines_raw/W002_P001_L009.png,page_001.png,W002,30,332,682,374,ស្លោក ពាក្យប្រដៅ របស់ផ្សេងៗ ដើម្បីទុកអប់រំទូន្មានដល់កូនចៅជំនាន់ក្រោយ ឱ្យ,,1.0,0.95,False,verified,Line crop; human transcription required,Verified: character-by-character transcription confirmed against crop image.,data/handwritten_external/W002/line_metadata.csv,10,/Users/macbookpro/Desktop/Development/khmer-handwritten-word-recognition/data/handwritten_external/W002/lines_raw/W002_P001_L009.png,ស្លោក ពាក្យប្រដៅ របស់ផ្សេងៗ ដើម្បីទុកអប់រំទូន្មានដល់កូនចៅជំនាន់ក្រោយ ឱ្យ,72,True,652,42,54.0941,0.208333,review,contains_whitespace,W002
W002_P001_L010,lines_raw/W002_P001_L010.png,page_001.png,W002,29,370,677,411,សិក្សាស្វែងយល់ ។ ដែលពាក្យស្លោក ក៏ដូចជាសុភាសិតទាំងនោះ មានឥទ្ធិពលខ្ពស់,,1.0,0.95,False,verified,Line crop; human transcription required,Verified: character-by-character transcription confirmed against crop image.,data/handwritten_external/W002/line_metadata.csv,11,/Users/macbookpro/Desktop/Development/khmer-handwritten-word-recognition/data/handwritten_external/W002/lines_raw/W002_P001_L010.png,សិក្សាស្វែងយល់ ។ ដែលពាក្យស្លោក ក៏ដូចជាសុភាសិតទាំងនោះ មានឥទ្ធិពលខ្ពស់,68,True,648,41,53.9315,0.207731,review,contains_whitespace,W002
W002_P001_L011,lines_raw/W002_P001_L011.png,page_001.png,W002,31,407,694,447,សង្គមជាតិផងដែរ ។ ហេតុនេះ ហើយទើបមានសុភាសិតមួយលើកឡើងថា “ ការពា,,1.0,0.95,False,verified,Line crop; human transcription required,Verified: character-by-character transcription confirmed against crop image.,data/handwritten_external/W002/line_metadata.csv,12,/Users/macbookpro/Desktop/Development/khmer-handwritten-word-recognition/data/handwritten_external/W002/lines_raw/W002_P001_L011.png,សង្គមជាតិផងដែរ ។ ហេតុនេះ ហើយទើបមានសុភាសិតមួយលើកឡើងថា “ ការពា,60,True,663,40,53.9307,0.208183,review,contains_whitespace,W002
W002_P001_L012,lines_raw/W002_P001_L012.png,page_001.png,W002,24,443,204,485,រ ជាជាងព្យាបាល » ។,,1.0,0.95,False,verified,Line crop; human transcription required,Verified: character-by-character transcription confirmed against crop image.,data/handwritten_external/W002/line_metadata.csv,13,/Users/macbookpro/Desktop/Development/khmer-handwritten-word-recognition/data/handwritten_external/W002/lines_raw/W002_P001_L012.png,រ ជាជាងព្យាបាល » ។,18,True,180,42,47.9572,0.148545,review,contains_whitespace,W002
W002_P001_L013,lines_raw/W002_P001_L013.png,page_001.png,W002,89,481,634,524,តើសុភាសិត ដែលបានលើកឡើងខាងលើនេះ មាន អត្ថន័យដូចម្តេចខ្លះ ?,,1.0,0.95,False,verified,Line crop; human transcription required,Verified: character-by-character transcription confirmed against crop image.,data/handwritten_external/W002/line_metadata.csv,14,/Users/macbookpro/Desktop/Development/khmer-handwritten-word-recognition/data/handwritten_external/W002/lines_raw/W002_P001_L013.png,តើសុភាសិត ដែលបានលើកឡើងខាងលើនេះ មាន អត្ថន័យដូចម្តេចខ្លះ ?,56,True,545,43,54.5448,0.209857,review,contains_whitespace,W002
W002_P001_L014,lines_raw/W002_P001_L014.png,page_001.png,W002,89,520,672,561,ដើម្បីជាស្ពានឈានទៅដល់ការបកស្រាយ អត្ថន័យខ្លឹមសារនៃទស្សនៈប្រធាន,,1.0,0.95,False,verified,Line crop; human transcription required,Verified: character-by-character transcription confirmed against crop image.,data/handwritten_external/W002/line_metadata.csv,15,/Users/macbookpro/Desktop/Development/khmer-handwritten-word-recognition/data/handwritten_external/W002/lines_raw/W002_P001_L014.png,ដើម្បីជាស្ពានឈានទៅដល់ការបកស្រាយ អត្ថន័យខ្លឹមសារនៃទស្សនៈប្រធាន,61,True,583,41,54.9244,0.210057,review,contains_whitespace,W002
W002_P001_L015,lines_raw/W002_P001_L015.png,page_001.png,W002,30,557,686,599,ឱ្យកាន់តែពិរោះពិសា និងច្បាស់លាស់ថែមទាំងស៊ីជម្រៅ មួយកម្រិតទៀតនោះ យើងគប្បី,,1.0,0.95,False,verified,Line crop; human transcription required,Verified: character-by-character transcription confirmed against crop image.,data/handwritten_external/W002/line_metadata.csv,16,/Users/macbookpro/Desktop/Development/khmer-handwritten-word-recognition/data/handwritten_external/W002/lines_raw/W002_P001_L015.png,ឱ្យកាន់តែពិរោះពិសា និងច្បាស់លាស់ថែមទាំងស៊ីជម្រៅ មួយកម្រិតទៀតនោះ យើងគប្បី,72,True,656,42,54.6131,0.222162,review,contains_whitespace,W002
W002_P001_L016,lines_raw/W002_P001_L016.png,page_001.png,W002,29,595,689,638,ត្រូវស្វែងយល់គន្លឹះនៃគំនិតជាមុន ត្រូវសិក្សាអំពីអត្ថន័យនៃពាក្យគន្លឹះ ដែលមានក្នុងអត្ថ-,,1.0,0.95,False,verified,Line crop; human transcription required,Verified: character-by-character transcription confirmed against crop image.,data/handwritten_external/W002/line_metadata.csv,17,/Users/macbookpro/Desktop/Development/khmer-handwritten-word-recognition/data/handwritten_external/W002/lines_raw/W002_P001_L016.png,ត្រូវស្វែងយល់គន្លឹះនៃគំនិតជាមុន ត្រូវសិក្សាអំពីអត្ថន័យនៃពាក្យគន្លឹះ ដែលមានក្នុងអត្ថ-,84,True,660,43,56.534,0.230056,review,contains_whitespace,W002
W002_P001_L017,lines_raw/W002_P001_L017.png,page_001.png,W002,31,634,690,675,ន័យ ប្រធាន ដែលជាសុភាសិតខាងលើនេះជាមុនសិន ។ ការពារ មានន័យថា ការប្រឆាំង,,1.0,0.95,False,verified,Line crop; human transcription required,Verified: character-by-character transcription confirmed against crop image.,data/handwritten_external/W002/line_metadata.csv,18,/Users/macbookpro/Desktop/Development/khmer-handwritten-word-recognition/data/handwritten_external/W002/lines_raw/W002_P001_L017.png,ន័យ ប្រធាន ដែលជាសុភាសិតខាងលើនេះជាមុនសិន ។ ការពារ មានន័យថា ការប្រឆាំង,68,True,659,41,54.2064,0.197861,review,contains_whitespace,W002
W002_P001_L018,lines_raw/W002_P001_L018.png,page_001.png,W002,28,671,688,713,ការទប់ស្កាត់ នូវអ្វីៗដែលមិនទាន់កើតឡើងតែយើងដឹងមុន ។ ចំណែកឯ « ព្យាបាល»,,1.0,0.95,False,verified,Line crop; human transcription required,Verified: character-by-character transcription confirmed against crop image.,data/handwritten_external/W002/line_metadata.csv,19,/Users/macbookpro/Desktop/Development/khmer-handwritten-word-recognition/data/handwritten_external/W002/lines_raw/W002_P001_L018.png,ការទប់ស្កាត់ នូវអ្វីៗដែលមិនទាន់កើតឡើងតែយើងដឹងមុន ។ ចំណែកឯ « ព្យាបាល»,68,True,660,42,55.8934,0.214322,review,contains_whitespace,W002
W002_P001_L019,lines_raw/W002_P001_L019.png,page_001.png,W002,26,709,678,751,សម្ដៅលើ ដំណោះស្រាយ ការស្វែងរកនូវ វិធីសាស្ត្រក្នុងការដោះស្រាយ នូវអ្វីៗដែល,,1.0,0.95,False,verified,Line crop; human transcription required,Verified: character-by-character transcription confirmed against crop image.,data/handwritten_external/W002/line_metadata.csv,20,/Users/macbookpro/Desktop/Development/khmer-handwritten-word-recognition/data/handwritten_external/W002/lines_raw/W002_P001_L019.png,សម្ដៅលើ ដំណោះស្រាយ ការស្វែងរកនូវ វិធីសាស្ត្រក្នុងការដោះស្រាយ នូវអ្វីៗដែល,72,True,652,42,56.9114,0.220129,review,contains_whitespace,W002
W002_P001_L020,lines_raw/W002_P001_L020.png,page_001.png,W002,27,747,689,788,បានកើតឡើងរួចហើយ ។ ដូចនេះ សុភាសិតខាងលើនេះ ចង់សម្ដៅលើ ការប្រឆាំង,,1.0,0.95,False,verified,Line crop; human transcription required,Verified: character-by-character transcription confirmed against crop image.,data/handwritten_external/W002/line_metadata.csv,21,/Users/macbookpro/Desktop/Development/khmer-handwritten-word-recognition/data/handwritten_external/W002/lines_raw/W002_P001_L020.png,បានកើតឡើងរួចហើយ ។ ដូចនេះ សុភាសិតខាងលើនេះ ចង់សម្ដៅលើ ការប្រឆាំង,62,True,662,41,56.3673,0.215017,review,contains_whitespace,W002
W002_P001_L021,lines_raw/W002_P001_L021.png,page_001.png,W002,29,784,691,824,ឬការប្រុងប្រយ័ត្ន ការទប់ស្កាត់មុន គឺជាវិធានការមួយដែលល្អជាង ការជួបហើយ,,1.0,0.95,False,verified,Line crop; human transcription required,Verified: character-by-character transcription confirmed against crop image.,data/handwritten_external/W002/line_metadata.csv,22,/Users/macbookpro/Desktop/Development/khmer-handwritten-word-recognition/data/handwritten_external/W002/lines_raw/W002_P001_L021.png,ឬការប្រុងប្រយ័ត្ន ការទប់ស្កាត់មុន គឺជាវិធានការមួយដែលល្អជាង ការជួបហើយ,68,True,662,40,57.1714,0.223301,review,contains_whitespace,W002
W002_P001_L022,lines_raw/W002_P001_L022.png,page_001.png,W002,29,820,583,863,ទើបដោះស្រាយ តាមក្រោយ ឬក៏ទាល់តែមានគ្រោះថ្នាក់ទើបប្រុងប្រយ័ត្ន ។,,1.0,0.95,False,verified,Line crop; human transcription required,Verified: character-by-character transcription confirmed against crop image.,data/handwritten_external/W002/line_metadata.csv,23,/Users/macbookpro/Desktop/Development/khmer-handwritten-word-recognition/data/handwritten_external/W002/lines_raw/W002_P001_L022.png,ទើបដោះស្រាយ តាមក្រោយ ឬក៏ទាល់តែមានគ្រោះថ្នាក់ទើបប្រុងប្រយ័ត្ន ។,62,True,554,43,58.1749,0.229746,review,contains_whitespace,W002
W002_P001_L023,lines_raw/W002_P001_L023.png,page_001.png,W002,77,859,681,902,ជាការពិតណាស់ វិធីសាស្ត្រការពារមុន គឺជាជម្រើសដ៏ល្អមួយក្នុងការ-,,1.0,0.95,False,verified,Line crop; human transcription required,Verified: character-by-character transcription confirmed against crop image.,data/handwritten_external/W002/line_metadata.csv,24,/Users/macbookpro/Desktop/Development/khmer-handwritten-word-recognition/data/handwritten_external/W002/lines_raw/W002_P001_L023.png,ជាការពិតណាស់ វិធីសាស្ត្រការពារមុន គឺជាជម្រើសដ៏ល្អមួយក្នុងការ-,61,True,604,43,56.7911,0.208879,review,contains_whitespace,W002
W002_P001_L024,lines_raw/W002_P001_L024.png,page_001.png,W002,29,898,682,939,ចៀសផុតពីគ្រោះថ្នាក់ផ្សេងៗ ។ រាល់រឿងរ៉ាវ រាល់បញ្ហា តែងតែកើតមានឡើង។,,1.0,0.95,False,verified,Line crop; human transcription required,Verified: character-by-character transcription confirmed against crop image.,data/handwritten_external/W002/line_metadata.csv,25,/Users/macbookpro/Desktop/Development/khmer-handwritten-word-recognition/data/handwritten_external/W002/lines_raw/W002_P001_L024.png,ចៀសផុតពីគ្រោះថ្នាក់ផ្សេងៗ ។ រាល់រឿងរ៉ាវ រាល់បញ្ហា តែងតែកើតមានឡើង។,65,True,653,41,57.0354,0.223994,review,contains_whitespace,W002
W002_P001_L025,lines_raw/W002_P001_L025.png,page_001.png,W002,28,935,664,982,គ្រាន់តែ បញ្ហាទាំងនោះ មាន តូចមានធំ ឬបញ្ហា តិច ឬច្រើន ប៉ុណ្ណោះ ។ ពាក្យថា,,1.0,0.95,False,verified,Line crop; human transcription required,Verified: character-by-character transcription confirmed against crop image.,data/handwritten_external/W002/line_metadata.csv,26,/Users/macbookpro/Desktop/Development/khmer-handwritten-word-recognition/data/handwritten_external/W002/lines_raw/W002_P001_L025.png,គ្រាន់តែ បញ្ហាទាំងនោះ មាន តូចមានធំ ឬបញ្ហា តិច ឬច្រើន ប៉ុណ្ណោះ ។ ពាក្យថា,71,True,636,47,52.7523,0.181353,review,contains_whitespace,W002
W003_P001_L001,lines_raw/W003_P001_L001.png,page_001.png,W003,73,31,623,69,ប្រធាន: បុរាណលោកពោលថា៖ « ចេះដប់ពុំស្មើនឹងប្រសប់មួយ » ។,,1.0,0.95,False,verified,Line crop; human transcription required,Verified: character-by-character transcription confirmed against crop image.,data/handwritten_external/W003/line_metadata.csv,2,/Users/macbookpro/Desktop/Development/khmer-handwritten-word-recognition/data/handwritten_external/W003/lines_raw/W003_P001_L001.png,ប្រធាន: បុរាណលោកពោលថា៖ « ចេះដប់ពុំស្មើនឹងប្រសប់មួយ » ។,54,True,550,38,34.3057,0.902871,review,contains_whitespace,W003
W003_P001_L004,lines_raw/W003_P001_L004.png,page_001.png,W003,47,131,681,168,នោះមានទឹកដីដ៏ស្រស់បំព្រង មានប្រាសាទរាប់ពាន់ដែលបានផ្តល់ចំណូលថវិកាយ៉ាងច្រើន,,1.0,0.95,False,verified,Line crop; human transcription required,Verified: character-by-character transcription confirmed against crop image.,data/handwritten_external/W003/line_metadata.csv,5,/Users/macbookpro/Desktop/Development/khmer-handwritten-word-recognition/data/handwritten_external/W003/lines_raw/W003_P001_L004.png,នោះមានទឹកដីដ៏ស្រស់បំព្រង មានប្រាសាទរាប់ពាន់ដែលបានផ្តល់ចំណូលថវិកាយ៉ាងច្រើន,73,True,634,37,37.8817,0.857447,review,contains_whitespace,W003
W003_P001_L005,lines_raw/W003_P001_L005.png,page_001.png,W003,46,164,676,201,ដល់សេដ្ឋកិច្ចជាតិ ។ មិនតែប៉ុណ្ណោះ លោកបានបន្សល់ទុកនូវទស្សនៈអប់រំល្អៗដើម្បី,,1.0,0.95,False,verified,Line crop; human transcription required,Verified: character-by-character transcription confirmed against crop image.,data/handwritten_external/W003/line_metadata.csv,6,/Users/macbookpro/Desktop/Development/khmer-handwritten-word-recognition/data/handwritten_external/W003/lines_raw/W003_P001_L005.png,ដល់សេដ្ឋកិច្ចជាតិ ។ មិនតែប៉ុណ្ណោះ លោកបានបន្សល់ទុកនូវទស្សនៈអប់រំល្អៗដើម្បី,73,True,630,37,37.0676,0.839983,review,contains_whitespace,W003
W003_P001_L006,lines_raw/W003_P001_L006.png,page_001.png,W003,43,197,681,235,ដាស់តឿនក្រើនរំលឹក មិនឱ្យមានការធ្វេសប្រហែស ឱ្យខំសិក្សារៀនសូត្រដើម្បីមាន,,1.0,0.95,False,verified,Line crop; human transcription required,Verified: character-by-character transcription confirmed against crop image.,data/handwritten_external/W003/line_metadata.csv,7,/Users/macbookpro/Desktop/Development/khmer-handwritten-word-recognition/data/handwritten_external/W003/lines_raw/W003_P001_L006.png,ដាស់តឿនក្រើនរំលឹក មិនឱ្យមានការធ្វេសប្រហែស ឱ្យខំសិក្សារៀនសូត្រដើម្បីមាន,70,True,638,38,37.7211,0.789309,review,contains_whitespace,W003
W003_P001_L007,lines_raw/W003_P001_L007.png,page_001.png,W003,42,231,674,268,ជំនាញមួយច្បាស់លាស់ប្រចាំជីវិត ។ អាស្រ័យហេតុនេះហើយ ទើបមានសុភាសិត,,1.0,0.95,False,verified,Line crop; human transcription required,Verified: character-by-character transcription confirmed against crop image.,data/handwritten_external/W003/line_metadata.csv,8,/Users/macbookpro/Desktop/Development/khmer-handwritten-word-recognition/data/handwritten_external/W003/lines_raw/W003_P001_L007.png,ជំនាញមួយច្បាស់លាស់ប្រចាំជីវិត ។ អាស្រ័យហេតុនេះហើយ ទើបមានសុភាសិត,63,True,632,37,36.2957,0.792722,review,contains_whitespace,W003
W003_P001_L008,lines_raw/W003_P001_L008.png,page_001.png,W003,42,264,441,302,មួយពោលថា៖ « ចេះដប់ពុំស្មើនឹងប្រសប់មួយ » ។,,1.0,0.95,False,verified,Line crop; human transcription required,Verified: character-by-character transcription confirmed against crop image.,data/handwritten_external/W003/line_metadata.csv,9,/Users/macbookpro/Desktop/Development/khmer-handwritten-word-recognition/data/handwritten_external/W003/lines_raw/W003_P001_L008.png,មួយពោលថា៖ « ចេះដប់ពុំស្មើនឹងប្រសប់មួយ » ។,41,True,399,38,36.0248,0.766324,review,contains_whitespace,W003
W003_P001_L009,lines_raw/W003_P001_L009.png,page_001.png,W003,93,298,562,336,តើសុភាសិតមួយឃ្លានេះ មានអត្ថន័យខ្លឹមសារយ៉ាងណាខ្លះ ?,,1.0,0.95,False,verified,Line crop; human transcription required,Verified: character-by-character transcription confirmed against crop image.,data/handwritten_external/W003/line_metadata.csv,10,/Users/macbookpro/Desktop/Development/khmer-handwritten-word-recognition/data/handwritten_external/W003/lines_raw/W003_P001_L009.png,តើសុភាសិតមួយឃ្លានេះ មានអត្ថន័យខ្លឹមសារយ៉ាងណាខ្លះ ?,50,True,469,38,37.9211,0.684267,review,contains_whitespace,W003
W003_P001_L010,lines_raw/W003_P001_L010.png,page_001.png,W003,93,332,687,370,"មុននឹងបកស្រាយអត្ថន័យនៃសុភាសិតនេះ យើងត្រូវយល់នូវពាក្យថា""ប្រសប់""",,1.0,0.95,False,verified,Line crop; human transcription required,Verified: character-by-character transcription confirmed against crop image.,data/handwritten_external/W003/line_metadata.csv,11,/Users/macbookpro/Desktop/Development/khmer-handwritten-word-recognition/data/handwritten_external/W003/lines_raw/W003_P001_L010.png,"មុននឹងបកស្រាយអត្ថន័យនៃសុភាសិតនេះ យើងត្រូវយល់នូវពាក្យថា""ប្រសប់""",62,True,594,38,35.6123,0.646598,review,contains_whitespace,W003
W003_P001_L011,lines_raw/W003_P001_L011.png,page_001.png,W003,37,366,668,404,"ជាមុនសិន។ ពាក្យថា ""ប្រសប់"" គឺជាការចេះធ្វើស្ទាត់ច្បាស់លាស់ចំពោះអ្វីមួយ។",,1.0,0.95,False,verified,Line crop; human transcription required,Verified: character-by-character transcription confirmed against crop image.,data/handwritten_external/W003/line_metadata.csv,12,/Users/macbookpro/Desktop/Development/khmer-handwritten-word-recognition/data/handwritten_external/W003/lines_raw/W003_P001_L011.png,"ជាមុនសិន។ ពាក្យថា ""ប្រសប់"" គឺជាការចេះធ្វើស្ទាត់ច្បាស់លាស់ចំពោះអ្វីមួយ។",70,True,631,38,35.8201,0.67637,review,contains_whitespace,W003
W003_P001_L012,lines_raw/W003_P001_L012.png,page_001.png,W003,36,400,669,436,ប្រធានខាងលើចង់មានន័យថា អ្នកចេះដប់នាក់ មិនអាចស្មើនឹងបុគ្គលដែលមាននូវ,,1.0,0.95,False,verified,Line crop; human transcription required,Verified: character-by-character transcription confirmed against crop image.,data/handwritten_external/W003/line_metadata.csv,13,/Users/macbookpro/Desktop/Development/khmer-handwritten-word-recognition/data/handwritten_external/W003/lines_raw/W003_P001_L012.png,ប្រធានខាងលើចង់មានន័យថា អ្នកចេះដប់នាក់ មិនអាចស្មើនឹងបុគ្គលដែលមាននូវ,66,True,633,36,36.814,0.701246,review,contains_whitespace,W003
W003_P001_L014,lines_raw/W003_P001_L014.png,page_001.png,W003,87,466,682,505,ជាការពិតណាស់ ការចេះនូវជំនាញមួយឱ្យបានច្បាស់លាស់ មានសារៈសំខាន់ខ្លាំង,,1.0,0.95,False,verified,Line crop; human transcription required,Verified: character-by-character transcription confirmed against crop image.,data/handwritten_external/W003/line_metadata.csv,15,/Users/macbookpro/Desktop/Development/khmer-handwritten-word-recognition/data/handwritten_external/W003/lines_raw/W003_P001_L014.png,ជាការពិតណាស់ ការចេះនូវជំនាញមួយឱ្យបានច្បាស់លាស់ មានសារៈសំខាន់ខ្លាំង,66,True,595,39,35.0049,0.695583,review,contains_whitespace,W003
W003_P001_L015,lines_raw/W003_P001_L015.png,page_001.png,W003,34,501,687,539,ណាស់ដើម្បីប្រកបរបរចិញ្ចឹមជីវិតប្រចាំថ្ងៃ។ ការចេះប្រសប់នេះ អាចនាំឱ្យយើង,,1.0,0.95,False,verified,Line crop; human transcription required,Verified: character-by-character transcription confirmed against crop image.,data/handwritten_external/W003/line_metadata.csv,16,/Users/macbookpro/Desktop/Development/khmer-handwritten-word-recognition/data/handwritten_external/W003/lines_raw/W003_P001_L015.png,ណាស់ដើម្បីប្រកបរបរចិញ្ចឹមជីវិតប្រចាំថ្ងៃ។ ការចេះប្រសប់នេះ អាចនាំឱ្យយើង,70,True,653,38,38.4131,0.732852,review,contains_whitespace,W003
W003_P001_L016,lines_raw/W003_P001_L016.png,page_001.png,W003,34,535,680,574,ខំប្រឹងអនុវត្តនូវកិច្ចការរបស់យើងបានស្ទាត់ មិនភ្លាំងភ្លេច គឺត្រូវស្រាវជ្រាវឱ្យបាន,,1.0,0.95,False,verified,Line crop; human transcription required,Verified: character-by-character transcription confirmed against crop image.,data/handwritten_external/W003/line_metadata.csv,17,/Users/macbookpro/Desktop/Development/khmer-handwritten-word-recognition/data/handwritten_external/W003/lines_raw/W003_P001_L016.png,ខំប្រឹងអនុវត្តនូវកិច្ចការរបស់យើងបានស្ទាត់ មិនភ្លាំងភ្លេច គឺត្រូវស្រាវជ្រាវឱ្យបាន,80,True,646,39,39.6897,0.725887,review,contains_whitespace,W003
W003_P001_L017,lines_raw/W003_P001_L017.png,page_001.png,W003,30,570,679,610,វិទ្យាសាស្ត្រ នោះការងាររបស់យើងនឹងទទួលបានជោគជ័យ។ នៅពេលដែលយើង,,1.0,0.95,False,verified,Line crop; human transcription required,Verified: character-by-character transcription confirmed against crop image.,data/handwritten_external/W003/line_metadata.csv,18,/Users/macbookpro/Desktop/Development/khmer-handwritten-word-recognition/data/handwritten_external/W003/lines_raw/W003_P001_L017.png,វិទ្យាសាស្ត្រ នោះការងាររបស់យើងនឹងទទួលបានជោគជ័យ។ នៅពេលដែលយើង,59,True,649,40,37.6693,0.783243,review,contains_whitespace,W003
W003_P001_L018,lines_raw/W003_P001_L018.png,page_001.png,W003,34,606,683,645,ចំណេះដឹងខ្ពស់ខ្ពស់រួមផ្សំនឹងភាពប៉ុនប្រសប់លើការងារនោះទៀត អ្នកដទៃគេប្រាកដ,,1.0,0.95,False,verified,Line crop; human transcription required,Verified: character-by-character transcription confirmed against crop image.,data/handwritten_external/W003/line_metadata.csv,19,/Users/macbookpro/Desktop/Development/khmer-handwritten-word-recognition/data/handwritten_external/W003/lines_raw/W003_P001_L018.png,ចំណេះដឹងខ្ពស់ខ្ពស់រួមផ្សំនឹងភាពប៉ុនប្រសប់លើការងារនោះទៀត អ្នកដទៃគេប្រាកដ,71,True,649,39,39.2152,0.810636,review,contains_whitespace,W003
W003_P001_L019,lines_raw/W003_P001_L019.png,page_001.png,W003,32,641,688,680,ជាគោរពនិងឱ្យតម្លៃលើការងាររបស់យើង នោះសង្គមគេទទួលស្គាល់ស្នាដៃយើង,,1.0,0.95,False,verified,Line crop; human transcription required,Verified: character-by-character transcription confirmed against crop image.,data/handwritten_external/W003/line_metadata.csv,20,/Users/macbookpro/Desktop/Development/khmer-handwritten-word-recognition/data/handwritten_external/W003/lines_raw/W003_P001_L019.png,ជាគោរពនិងឱ្យតម្លៃលើការងាររបស់យើង នោះសង្គមគេទទួលស្គាល់ស្នាដៃយើង,62,True,656,39,38.7766,0.867964,review,contains_whitespace,W003
W003_P001_L020,lines_raw/W003_P001_L020.png,page_001.png,W003,30,676,684,717,និងមានកេរ្តិ៍ឈ្មោះល្បីល្បាញ អ្នកដទៃគេនឹងយកយើងធ្វើជាគំរូថែមទៀតផង។ ប៉ុន្តែ,,1.0,0.95,False,verified,Line crop; human transcription required,Verified: character-by-character transcription confirmed against crop image.,data/handwritten_external/W003/line_metadata.csv,21,/Users/macbookpro/Desktop/Development/khmer-handwritten-word-recognition/data/handwritten_external/W003/lines_raw/W003_P001_L020.png,និងមានកេរ្តិ៍ឈ្មោះល្បីល្បាញ អ្នកដទៃគេនឹងយកយើងធ្វើជាគំរូថែមទៀតផង។ ប៉ុន្តែ,72,True,654,41,40.3869,0.879354,review,contains_whitespace,W003
W003_P001_L021,lines_raw/W003_P001_L021.png,page_001.png,W003,30,713,683,755,បើយើងចេះនេះបន្តិច ចេះនោះបន្តិច មិនច្បាស់ត្រង់ណា នោះធ្វើអ្វីមិនបាននូវ,,1.0,0.95,False,verified,Line crop; human transcription required,Verified: character-by-character transcription confirmed against crop image.,data/handwritten_external/W003/line_metadata.csv,22,/Users/macbookpro/Desktop/Development/khmer-handwritten-word-recognition/data/handwritten_external/W003/lines_raw/W003_P001_L021.png,បើយើងចេះនេះបន្តិច ចេះនោះបន្តិច មិនច្បាស់ត្រង់ណា នោះធ្វើអ្វីមិនបាននូវ,68,True,653,42,39.1893,0.91158,review,contains_whitespace,W003
W003_P001_L022,lines_raw/W003_P001_L022.png,page_001.png,W003,27,751,667,790,លទ្ធផលជាទីពេញចិត្ត ហើយច្រើនតែបរាជ័យ ។ ជាក់ស្តែង យើងរៀនដល់ថ្នាក់,,1.0,0.95,False,verified,Line crop; human transcription required,Verified: character-by-character transcription confirmed against crop image.,data/handwritten_external/W003/line_metadata.csv,23,/Users/macbookpro/Desktop/Development/khmer-handwritten-word-recognition/data/handwritten_external/W003/lines_raw/W003_P001_L022.png,លទ្ធផលជាទីពេញចិត្ត ហើយច្រើនតែបរាជ័យ ។ ជាក់ស្តែង យើងរៀនដល់ថ្នាក់,63,True,640,39,39.5722,0.913381,review,contains_whitespace,W003
W003_P001_L023,lines_raw/W003_P001_L023.png,page_001.png,W003,27,786,678,825,បណ្ឌិត មានសញ្ញាបត្ររាប់ភ្លេច ពូកែទ្រឹស្តីវេយ្យាករណ៍ គ្មាននរណាអាចប្រៀបធៀបបាន,,1.0,0.95,False,verified,Line crop; human transcription required,Verified: character-by-character transcription confirmed against crop image.,data/handwritten_external/W003/line_metadata.csv,24,/Users/macbookpro/Desktop/Development/khmer-handwritten-word-recognition/data/handwritten_external/W003/lines_raw/W003_P001_L023.png,បណ្ឌិត មានសញ្ញាបត្ររាប់ភ្លេច ពូកែទ្រឹស្តីវេយ្យាករណ៍ គ្មាននរណាអាចប្រៀបធៀបបាន,75,True,651,39,39.877,0.918744,review,contains_whitespace,W003
W003_P001_L024,lines_raw/W003_P001_L024.png,page_001.png,W003,24,821,684,861,តែដល់ពេលឱ្យអនុវត្តកិច្ចការជាក់ស្តែងធ្វើមិនកើត នោះសញ្ញាបត្រថ្នាក់បណ្ឌិតនិង,,1.0,0.95,False,verified,Line crop; human transcription required,Verified: character-by-character transcription confirmed against crop image.,data/handwritten_external/W003/line_metadata.csv,25,/Users/macbookpro/Desktop/Development/khmer-handwritten-word-recognition/data/handwritten_external/W003/lines_raw/W003_P001_L024.png,តែដល់ពេលឱ្យអនុវត្តកិច្ចការជាក់ស្តែងធ្វើមិនកើត នោះសញ្ញាបត្រថ្នាក់បណ្ឌិតនិង,73,True,660,40,41.8868,0.911742,review,contains_whitespace,W003
W003_P001_L025,lines_raw/W003_P001_L025.png,page_001.png,W003,22,857,684,906,ពាក្យសម្តីដ៏ពូកែរបស់យើងគ្មានតម្លៃសោះឡើយ។ បើមើលក្នុងសង្គមសព្វថ្ងៃនេះ,,1.0,0.95,False,verified,Line crop; human transcription required,Verified: character-by-character transcription confirmed against crop image.,data/handwritten_external/W003/line_metadata.csv,26,/Users/macbookpro/Desktop/Development/khmer-handwritten-word-recognition/data/handwritten_external/W003/lines_raw/W003_P001_L025.png,ពាក្យសម្តីដ៏ពូកែរបស់យើងគ្មានតម្លៃសោះឡើយ។ បើមើលក្នុងសង្គមសព្វថ្ងៃនេះ,67,True,662,49,36.0104,0.932024,review,contains_whitespace,W003
W004_P001_L001,lines_raw/W004_P001_L001.png,page_001.png,W004,26,34,798,83,ប្រធាន: មានអ្នកសិក្សាមួយចំនួនយល់ថា « ស្រីបង្វិលជើងក្រាន,,1.0,0.95,False,verified,Verified character-by-character line crop transcription,,data/handwritten_external/W004/line_metadata.csv,2,/Users/macbookpro/Desktop/Development/khmer-handwritten-word-recognition/data/handwritten_external/W004/lines_raw/W004_P001_L001.png,ប្រធាន: មានអ្នកសិក្សាមួយចំនួនយល់ថា « ស្រីបង្វិលជើងក្រាន,55,True,772,49,72.6807,0.820636,review,contains_whitespace,W004
W004_P001_L007,lines_raw/W004_P001_L007.png,page_001.png,W004,26,288,824,333,ចេះហើយ។ ទន្ទឹមនឹងនេះ ការប្រកាន់បែងចែកវណ្ណៈខ្ពស់ទាប មានក្រ,,1.0,0.95,False,verified,Verified character-by-character line crop transcription,,data/handwritten_external/W004/line_metadata.csv,8,/Users/macbookpro/Desktop/Development/khmer-handwritten-word-recognition/data/handwritten_external/W004/lines_raw/W004_P001_L007.png,ចេះហើយ។ ទន្ទឹមនឹងនេះ ការប្រកាន់បែងចែកវណ្ណៈខ្ពស់ទាប មានក្រ,57,True,798,45,71.8467,0.904929,review,contains_whitespace,W004
W004_P001_L009,lines_raw/W004_P001_L009.png,page_001.png,W004,26,355,824,395,ចេះតែកើតមានជាបន្តបន្ទាប់ ក្នុងនោះការជិះជាន់កេងប្រវ័ញ្ចមេ,,1.0,0.95,False,verified,Verified character-by-character line crop transcription,,data/handwritten_external/W004/line_metadata.csv,10,/Users/macbookpro/Desktop/Development/khmer-handwritten-word-recognition/data/handwritten_external/W004/lines_raw/W004_P001_L009.png,ចេះតែកើតមានជាបន្តបន្ទាប់ ក្នុងនោះការជិះជាន់កេងប្រវ័ញ្ចមេ,56,True,798,40,73.2644,0.892951,review,contains_whitespace,W004
W004_P001_L010,lines_raw/W004_P001_L010.png,page_001.png,W004,26,391,821,448,លងាយមើលថោក រិះគន់ដេញដោល ពីសំណាក់វណ្ណៈខ្លាំងទៅលើវ,,1.0,0.95,False,verified,Verified character-by-character line crop transcription,,data/handwritten_external/W004/line_metadata.csv,11,/Users/macbookpro/Desktop/Development/khmer-handwritten-word-recognition/data/handwritten_external/W004/lines_raw/W004_P001_L010.png,លងាយមើលថោក រិះគន់ដេញដោល ពីសំណាក់វណ្ណៈខ្លាំងទៅលើវ,48,True,795,57,68.288,0.908507,review,contains_whitespace,W004
W004_P001_L011,lines_raw/W004_P001_L011.png,page_001.png,W004,26,444,824,500,ណ្ណៈខ្សោយកំសត់ទុរគត ក៏ចេះតែប្រព្រឹត្តទៅ ហើយប្រែក្លាយទៅជាព្យុ,,1.0,0.95,False,verified,Verified character-by-character line crop transcription,,data/handwritten_external/W004/line_metadata.csv,12,/Users/macbookpro/Desktop/Development/khmer-handwritten-word-recognition/data/handwritten_external/W004/lines_raw/W004_P001_L011.png,ណ្ណៈខ្សោយកំសត់ទុរគត ក៏ចេះតែប្រព្រឹត្តទៅ ហើយប្រែក្លាយទៅជាព្យុ,60,True,798,56,70.5912,0.896505,review,contains_whitespace,W004
W004_P001_L012,lines_raw/W004_P001_L012.png,page_001.png,W004,26,496,824,553,ងធម្មតាទៅហើយ។ អំពើអយុត្តិធម៌ វិសមភាពសង្គមបានបង,,1.0,0.95,False,verified,Verified character-by-character line crop transcription,,data/handwritten_external/W004/line_metadata.csv,13,/Users/macbookpro/Desktop/Development/khmer-handwritten-word-recognition/data/handwritten_external/W004/lines_raw/W004_P001_L012.png,ងធម្មតាទៅហើយ។ អំពើអយុត្តិធម៌ វិសមភាពសង្គមបានបង,46,True,798,57,68.4594,0.905465,review,contains_whitespace,W004
W004_P001_L013,lines_raw/W004_P001_L013.png,page_001.png,W004,26,549,824,596,ង្កោយវណ្ណៈដែលខ្លាំងដែល មានអំណាច និងលទ្ធភាព ក្នុងបំណង បំពេញ,,1.0,0.95,False,verified,Verified character-by-character line crop transcription,,data/handwritten_external/W004/line_metadata.csv,14,/Users/macbookpro/Desktop/Development/khmer-handwritten-word-recognition/data/handwritten_external/W004/lines_raw/W004_P001_L013.png,ង្កោយវណ្ណៈដែលខ្លាំងដែល មានអំណាច និងលទ្ធភាព ក្នុងបំណង បំពេញ,58,True,798,47,73.3756,0.856476,review,contains_whitespace,W004
W004_P001_L015,lines_raw/W004_P001_L015.png,page_001.png,W004,26,618,816,648,បានភោគផលរបស់ខ្លួន។ សូម្បីតែរវាងភេទនិងភេទ ក៏មានការបែង,,1.0,0.95,False,verified,Verified character-by-character line crop transcription,,data/handwritten_external/W004/line_metadata.csv,16,/Users/macbookpro/Desktop/Development/khmer-handwritten-word-recognition/data/handwritten_external/W004/lines_raw/W004_P001_L015.png,បានភោគផលរបស់ខ្លួន។ សូម្បីតែរវាងភេទនិងភេទ ក៏មានការបែង,52,True,790,30,83.5716,0.799114,review,contains_whitespace,W004
W004_P001_L017,lines_raw/W004_P001_L017.png,page_001.png,W004,26,671,824,712,ចែក ប្រមាថមើលងាយគ្នាដែរ។ ដូចនេះហើយទើបនាំឲ្យអ្នកសិក្សា,,1.0,0.95,False,verified,Verified character-by-character line crop transcription,,data/handwritten_external/W004/line_metadata.csv,18,/Users/macbookpro/Desktop/Development/khmer-handwritten-word-recognition/data/handwritten_external/W004/lines_raw/W004_P001_L017.png,ចែក ប្រមាថមើលងាយគ្នាដែរ។ ដូចនេះហើយទើបនាំឲ្យអ្នកសិក្សា,53,True,798,41,78.4713,0.80011,review,contains_whitespace,W004
W004_P001_L018,lines_raw/W004_P001_L018.png,page_001.png,W004,26,708,751,764,មួយចំនួនយល់ថា « ស្រីបង្វិលជើងក្រានមិនជុំទេ»។,,1.0,0.95,False,verified,Verified character-by-character line crop transcription,,data/handwritten_external/W004/line_metadata.csv,19,/Users/macbookpro/Desktop/Development/khmer-handwritten-word-recognition/data/handwritten_external/W004/lines_raw/W004_P001_L018.png,មួយចំនួនយល់ថា « ស្រីបង្វិលជើងក្រានមិនជុំទេ»។,44,True,725,56,67.2269,0.818399,review,contains_whitespace,W004
W004_P001_L020,lines_raw/W004_P001_L020.png,page_001.png,W004,26,814,776,871,អ្វីទៅ? ហើយមានលក្ខណៈ ត្រឹមត្រូវដែរឬទេ?,,1.0,0.95,False,verified,Verified character-by-character line crop transcription,,data/handwritten_external/W004/line_metadata.csv,21,/Users/macbookpro/Desktop/Development/khmer-handwritten-word-recognition/data/handwritten_external/W004/lines_raw/W004_P001_L020.png,អ្វីទៅ? ហើយមានលក្ខណៈ ត្រឹមត្រូវដែរឬទេ?,38,True,750,57,62.8982,0.687789,review,contains_whitespace,W004
W004_P001_L021,lines_raw/W004_P001_L021.png,page_001.png,W004,130,867,824,922,ជាបឋម ដើម្បីជាជំនួយដល់ការបកស្រាយនូវប្រយោគ,,1.0,0.95,False,verified,Verified character-by-character line crop transcription,,data/handwritten_external/W004/line_metadata.csv,22,/Users/macbookpro/Desktop/Development/khmer-handwritten-word-recognition/data/handwritten_external/W004/lines_raw/W004_P001_L021.png,ជាបឋម ដើម្បីជាជំនួយដល់ការបកស្រាយនូវប្រយោគ,41,True,694,55,70.4803,0.629421,review,contains_whitespace,W004
W004_P001_L022,lines_raw/W004_P001_L022.png,page_001.png,W004,26,918,824,976,គំនិតប្រធានខាងលើឱ្យស៊ីជម្រៅនិងពិស្ដារ យើងគប្បីយល់នូវពាក្យ,,1.0,0.95,False,verified,Verified character-by-character line crop transcription,,data/handwritten_external/W004/line_metadata.csv,23,/Users/macbookpro/Desktop/Development/khmer-handwritten-word-recognition/data/handwritten_external/W004/lines_raw/W004_P001_L022.png,គំនិតប្រធានខាងលើឱ្យស៊ីជម្រៅនិងពិស្ដារ យើងគប្បីយល់នូវពាក្យ,57,True,798,58,73.7024,0.640567,review,contains_whitespace,W004
W004_P001_L023,lines_raw/W004_P001_L023.png,page_001.png,W004,26,972,679,1030,“ បង្វិលជើងក្រានមិនជុំ ” ដែលជាចំណុចស្នូលជាមុនស,,1.0,0.95,False,verified,Verified character-by-character line crop transcription,,data/handwritten_external/W004/line_metadata.csv,24,/Users/macbookpro/Desktop/Development/khmer-handwritten-word-recognition/data/handwritten_external/W004/lines_raw/W004_P001_L023.png,“ បង្វិលជើងក្រានមិនជុំ ” ដែលជាចំណុចស្នូលជាមុនស,46,True,653,58,69.8609,0.695305,review,contains_whitespace,W004
W004_P001_L024,lines_raw/W004_P001_L024.png,page_001.png,W004,66,1026,685,1086,ជើងក្រានមិនជុំនៅពេលនេះ គឺចង់និយាយសំដៅទៅ,,1.0,0.95,False,verified,Verified character-by-character line crop transcription,,data/handwritten_external/W004/line_metadata.csv,25,/Users/macbookpro/Desktop/Development/khmer-handwritten-word-recognition/data/handwritten_external/W004/lines_raw/W004_P001_L024.png,ជើងក្រានមិនជុំនៅពេលនេះ គឺចង់និយាយសំដៅទៅ,39,True,619,60,69.4177,0.65412,review,contains_whitespace,W004
W004_P001_L025,lines_raw/W004_P001_L025.png,page_001.png,W004,26,1082,674,1134,តើរវល់ត្រឹមតែ ការងារកំប៉ុកកំប៉ុក ជុំវិញបញ្ហាជើង,,1.0,0.95,False,verified,Verified character-by-character line crop transcription,,data/handwritten_external/W004/line_metadata.csv,26,/Users/macbookpro/Desktop/Development/khmer-handwritten-word-recognition/data/handwritten_external/W004/lines_raw/W004_P001_L025.png,តើរវល់ត្រឹមតែ ការងារកំប៉ុកកំប៉ុក ជុំវិញបញ្ហាជើង,47,True,648,52,73.4967,0.716821,review,contains_whitespace,W004
W004_P002_L001,lines_raw/W004_P002_L001.png,page_002.png,W004,27,59,810,124,ផ្ទះសម្អាត ប៉ុណ្ណោះ មិនអាចធ្វើការអ្វីធំដុំ ដែលសំខាន់កើតបាន,,1.0,0.95,False,verified,Verified character-by-character line crop transcription,,data/handwritten_external/W004/line_metadata.csv,27,/Users/macbookpro/Desktop/Development/khmer-handwritten-word-recognition/data/handwritten_external/W004/lines_raw/W004_P002_L001.png,ផ្ទះសម្អាត ប៉ុណ្ណោះ មិនអាចធ្វើការអ្វីធំដុំ ដែលសំខាន់កើតបាន,58,True,783,65,66.1772,0.785421,review,contains_whitespace,W004
W004_P002_L002,lines_raw/W004_P002_L002.png,page_002.png,W004,27,120,813,179,ឡើយ។ ដូចនេះទស្សនៈប្រធានដែលលើកឡើងថា ស្រីបង្វិលជើង,,1.0,0.95,False,verified,Verified character-by-character line crop transcription,,data/handwritten_external/W004/line_metadata.csv,28,/Users/macbookpro/Desktop/Development/khmer-handwritten-word-recognition/data/handwritten_external/W004/lines_raw/W004_P002_L002.png,ឡើយ។ ដូចនេះទស្សនៈប្រធានដែលលើកឡើងថា ស្រីបង្វិលជើង,48,True,786,59,69.8779,0.867361,review,contains_whitespace,W004
W004_P002_L003,lines_raw/W004_P002_L003.png,page_002.png,W004,56,175,817,233,ក្រានមិនជុំ មានន័យថា ស្រីៗមិនអាចសម្រេចការងារណាមួយ,,1.0,0.95,False,verified,Verified character-by-character line crop transcription,,data/handwritten_external/W004/line_metadata.csv,29,/Users/macbookpro/Desktop/Development/khmer-handwritten-word-recognition/data/handwritten_external/W004/lines_raw/W004_P002_L003.png,ក្រានមិនជុំ មានន័យថា ស្រីៗមិនអាចសម្រេចការងារណាមួយ,49,True,761,58,67.7599,0.889438,review,contains_whitespace,W004
W004_P002_L004,lines_raw/W004_P002_L004.png,page_002.png,W004,27,229,792,286,ដែលមានសារៈសំខាន់បានឡើយ ហើយសមត្ថភាពទៀតសោត,,1.0,0.95,False,verified,Verified character-by-character line crop transcription,,data/handwritten_external/W004/line_metadata.csv,30,/Users/macbookpro/Desktop/Development/khmer-handwritten-word-recognition/data/handwritten_external/W004/lines_raw/W004_P002_L004.png,ដែលមានសារៈសំខាន់បានឡើយ ហើយសមត្ថភាពទៀតសោត,40,True,765,57,68.9666,0.889967,review,contains_whitespace,W004
W005_P001_L001,lines_raw/W005_P001_L001.png,page_001.png,W005,51,212,1233,283,រឿងទុំទាវ ជាកម្រងវណ្ណកម្មនៃអក្សរសិល្ប៍ខេមរនិយមដែលមានប្រជាប្រិយភាពមួយ,,1.0,0.95,False,verified,Verified character-by-character line crop transcription,,data/handwritten_external/W005/line_metadata.csv,2,/Users/macbookpro/Desktop/Development/khmer-handwritten-word-recognition/data/handwritten_external/W005/lines_raw/W005_P001_L001.png,រឿងទុំទាវ ជាកម្រងវណ្ណកម្មនៃអក្សរសិល្ប៍ខេមរនិយមដែលមានប្រជាប្រិយភាពមួយ,68,True,1182,71,45.0048,0.987167,review,contains_whitespace,W005
W005_P001_L002,lines_raw/W005_P001_L002.png,page_001.png,W005,51,279,1233,330,ដែលស្រង់ចេញពីទឹកដៃដ៏ប៉ិនប្រសប់ព្រមទាំងឈ្លាសវៃរបស់កវីនិពន្ធ បុទុមត្ថេរ ងួន សោ,,1.0,0.95,False,verified,Verified character-by-character line crop transcription,,data/handwritten_external/W005/line_metadata.csv,3,/Users/macbookpro/Desktop/Development/khmer-handwritten-word-recognition/data/handwritten_external/W005/lines_raw/W005_P001_L002.png,ដែលស្រង់ចេញពីទឹកដៃដ៏ប៉ិនប្រសប់ព្រមទាំងឈ្លាសវៃរបស់កវីនិពន្ធ បុទុមត្ថេរ ងួន សោ,76,True,1182,51,52.0553,0.987177,review,contains_whitespace,W005
W005_P001_L003,lines_raw/W005_P001_L003.png,page_001.png,W005,51,326,1233,377,ម ជាប្រភេទ ស្មូត នៃអក្សរសិល្ប៍ បុរាណ ដែលលោកតែងនៅឆ្នាំមួយពាន់ប្រាំបួនរយដប់ប្រាំ ។ តែបើ,,1.0,0.95,False,verified,Verified character-by-character line crop transcription,,data/handwritten_external/W005/line_metadata.csv,4,/Users/macbookpro/Desktop/Development/khmer-handwritten-word-recognition/data/handwritten_external/W005/lines_raw/W005_P001_L003.png,ម ជាប្រភេទ ស្មូត នៃអក្សរសិល្ប៍ បុរាណ ដែលលោកតែងនៅឆ្នាំមួយពាន់ប្រាំបួនរយដប់ប្រាំ ។ តែបើ,85,True,1182,51,49.1426,0.989682,review,contains_whitespace,W005
W005_P001_L004,lines_raw/W005_P001_L004.png,page_001.png,W005,51,373,1233,424,នៅក្នុងស្នាដៃរឿងនេះ កវីនិពន្ធបានផ្សារភ្ជាប់ទៅនិង អត្តសញ្ញាណជាតិ អរិយធម៌ វប្បធម៌ខ្មែរ,,1.0,0.95,False,verified,Verified character-by-character line crop transcription,,data/handwritten_external/W005/line_metadata.csv,5,/Users/macbookpro/Desktop/Development/khmer-handwritten-word-recognition/data/handwritten_external/W005/lines_raw/W005_P001_L004.png,នៅក្នុងស្នាដៃរឿងនេះ កវីនិពន្ធបានផ្សារភ្ជាប់ទៅនិង អត្តសញ្ញាណជាតិ អរិយធម៌ វប្បធម៌ខ្មែរ,84,True,1182,51,48.7301,0.994526,review,contains_whitespace,W005
W005_P001_L005,lines_raw/W005_P001_L005.png,page_001.png,W005,51,420,1233,471,យ៉ាងប្រត្យក្សដើម្បីឲ្យអ្នកអាន អ្នកស្ដាប់ ពិសេសអ្នកសិក្សាយល់នូវលក្ខណៈ ជាតិខ្មែរ,,1.0,0.95,False,verified,Verified character-by-character line crop transcription,,data/handwritten_external/W005/line_metadata.csv,6,/Users/macbookpro/Desktop/Development/khmer-handwritten-word-recognition/data/handwritten_external/W005/lines_raw/W005_P001_L005.png,យ៉ាងប្រត្យក្សដើម្បីឲ្យអ្នកអាន អ្នកស្ដាប់ ពិសេសអ្នកសិក្សាយល់នូវលក្ខណៈ ជាតិខ្មែរ,78,True,1182,51,47.825,0.993365,review,contains_whitespace,W005
W005_P001_L006,lines_raw/W005_P001_L006.png,page_001.png,W005,51,467,1233,504,ដែលខុសប្លែកពីជាតិសាសន៍ដទៃទៀត បានស្ដែងចេញតាមរយៈរឿងទុំទាវ ។ ដោយបាន,,1.0,0.95,False,verified,Verified character-by-character line crop transcription,,data/handwritten_external/W005/line_metadata.csv,7,/Users/macbookpro/Desktop/Development/khmer-handwritten-word-recognition/data/handwritten_external/W005/lines_raw/W005_P001_L006.png,ដែលខុសប្លែកពីជាតិសាសន៍ដទៃទៀត បានស្ដែងចេញតាមរយៈរឿងទុំទាវ ។ ដោយបាន,64,True,1182,37,51.1626,0.986578,review,contains_whitespace,W005
W005_P001_L008,lines_raw/W005_P001_L008.png,page_001.png,W005,51,524,1233,566,មើលឃើញបញ្ហាបែបនេះហើយ ទើបគ្រូឲ្យយើងបង្ហាញ « លក្ខណៈជាតិខ្មែរតាមរយៈ,,1.0,0.95,False,verified,Verified character-by-character line crop transcription,,data/handwritten_external/W005/line_metadata.csv,9,/Users/macbookpro/Desktop/Development/khmer-handwritten-word-recognition/data/handwritten_external/W005/lines_raw/W005_P001_L008.png,មើលឃើញបញ្ហាបែបនេះហើយ ទើបគ្រូឲ្យយើងបង្ហាញ « លក្ខណៈជាតិខ្មែរតាមរយៈ,64,True,1182,42,50.0343,0.990049,review,contains_whitespace,W005
W005_P001_L009,lines_raw/W005_P001_L009.png,page_001.png,W005,51,562,1233,613,រឿងទុំទាវ » ។,,1.0,0.95,False,verified,Verified character-by-character line crop transcription,,data/handwritten_external/W005/line_metadata.csv,10,/Users/macbookpro/Desktop/Development/khmer-handwritten-word-recognition/data/handwritten_external/W005/lines_raw/W005_P001_L009.png,រឿងទុំទាវ » ។,13,True,1182,51,31.8887,0.998341,review,contains_whitespace,W005
W005_P001_L012,lines_raw/W005_P001_L012.png,page_001.png,W005,51,665,1233,707,ដើម្បីបកស្រាយនូវពាក្យគន្លឹះ ដើម្បីស្រាយអត្ថប្រធានខាងលើឲ្យបានក្បោះ,,1.0,0.95,False,verified,Verified character-by-character line crop transcription,,data/handwritten_external/W005/line_metadata.csv,13,/Users/macbookpro/Desktop/Development/khmer-handwritten-word-recognition/data/handwritten_external/W005/lines_raw/W005_P001_L012.png,ដើម្បីបកស្រាយនូវពាក្យគន្លឹះ ដើម្បីស្រាយអត្ថប្រធានខាងលើឲ្យបានក្បោះ,65,True,1182,42,47.9456,0.995105,review,contains_whitespace,W005
W005_P001_L013,lines_raw/W005_P001_L013.png,page_001.png,W005,51,703,1233,754,ក្បាយ ច្បាស់លាស់ ស៊ីជម្រៅជ្រាលជ្រៅជាងនេះទៅទៀតនោះ យើងគួរគប្បីសិក្សាពាក្យ,,1.0,0.95,False,verified,Verified character-by-character line crop transcription,,data/handwritten_external/W005/line_metadata.csv,14,/Users/macbookpro/Desktop/Development/khmer-handwritten-word-recognition/data/handwritten_external/W005/lines_raw/W005_P001_L013.png,ក្បាយ ច្បាស់លាស់ ស៊ីជម្រៅជ្រាលជ្រៅជាងនេះទៅទៀតនោះ យើងគួរគប្បីសិក្សាពាក្យ,71,True,1182,51,47.6413,0.996035,review,contains_whitespace,W005
W005_P001_L014,lines_raw/W005_P001_L014.png,page_001.png,W005,51,750,1233,801,គន្លឹះជាមុនសិន ។ ពាក្យថា « លក្ខណៈជាតិខ្មែរ » សំដៅលើ លក្ខណៈពិសេសរបស់ជាតិខ្មែរ,,1.0,0.95,False,verified,Verified character-by-character line crop transcription,,data/handwritten_external/W005/line_metadata.csv,15,/Users/macbookpro/Desktop/Development/khmer-handwritten-word-recognition/data/handwritten_external/W005/lines_raw/W005_P001_L014.png,គន្លឹះជាមុនសិន ។ ពាក្យថា « លក្ខណៈជាតិខ្មែរ » សំដៅលើ លក្ខណៈពិសេសរបស់ជាតិខ្មែរ,76,True,1182,51,46.4735,0.995322,review,contains_whitespace,W005
W005_P001_L015,lines_raw/W005_P001_L015.png,page_001.png,W005,51,797,1233,849,ដែលលេចធ្លោរខុសពីជាតិសាសន៍ដទៃ ដែលស្ដែងចេញតាមរយៈអក្សរសិល្ប៍ខ្មែរ ។ រីឯ,,1.0,0.95,False,verified,Verified character-by-character line crop transcription,,data/handwritten_external/W005/line_metadata.csv,16,/Users/macbookpro/Desktop/Development/khmer-handwritten-word-recognition/data/handwritten_external/W005/lines_raw/W005_P001_L015.png,ដែលលេចធ្លោរខុសពីជាតិសាសន៍ដទៃ ដែលស្ដែងចេញតាមរយៈអក្សរសិល្ប៍ខ្មែរ ។ រីឯ,68,True,1182,52,46.7384,0.997348,review,contains_whitespace,W005
W005_P001_L016,lines_raw/W005_P001_L016.png,page_001.png,W005,51,845,1233,882,« រឿងទុំទាវ » មានន័យថា តម្រង់វណ្ណកម្មស្នាដៃនិពន្ធរបស់ ភិក្ខុសោម និពន្ធនៅឆ្នាំមួយ,,1.0,0.95,False,verified,Verified character-by-character line crop transcription,,data/handwritten_external/W005/line_metadata.csv,17,/Users/macbookpro/Desktop/Development/khmer-handwritten-word-recognition/data/handwritten_external/W005/lines_raw/W005_P001_L016.png,« រឿងទុំទាវ » មានន័យថា តម្រង់វណ្ណកម្មស្នាដៃនិពន្ធរបស់ ភិក្ខុសោម និពន្ធនៅឆ្នាំមួយ,80,True,1182,37,51.3056,0.99609,review,contains_whitespace,W005
W005_P001_L018,lines_raw/W005_P001_L018.png,page_001.png,W005,51,902,1233,945,ពាន់ប្រាំបួនរយដប់ប្រាំ ។ ដូចនេះ អត្ថន័យប្រធានខាងលើមានន័យថា លក្ខណភាព,,1.0,0.95,False,verified,Verified character-by-character line crop transcription,,data/handwritten_external/W005/line_metadata.csv,19,/Users/macbookpro/Desktop/Development/khmer-handwritten-word-recognition/data/handwritten_external/W005/lines_raw/W005_P001_L018.png,ពាន់ប្រាំបួនរយដប់ប្រាំ ។ ដូចនេះ អត្ថន័យប្រធានខាងលើមានន័យថា លក្ខណភាព,67,True,1182,43,50.1705,0.993114,review,contains_whitespace,W005
W005_P001_L019,lines_raw/W005_P001_L019.png,page_001.png,W005,51,941,1233,993,របស់ជាតិខ្មែរដែលលេចធ្លោរខុសពីជាតិដទៃ ដែលស្ដែងចេញតាមរយៈអក្សរសិល្ប៍ខ្មែ,,1.0,0.95,False,verified,Verified character-by-character line crop transcription,,data/handwritten_external/W005/line_metadata.csv,20,/Users/macbookpro/Desktop/Development/khmer-handwritten-word-recognition/data/handwritten_external/W005/lines_raw/W005_P001_L019.png,របស់ជាតិខ្មែរដែលលេចធ្លោរខុសពីជាតិដទៃ ដែលស្ដែងចេញតាមរយៈអក្សរសិល្ប៍ខ្មែ,69,True,1182,52,47.3254,0.99756,review,contains_whitespace,W005
W005_P001_L020,lines_raw/W005_P001_L020.png,page_001.png,W005,51,989,1233,1041,ដែលជាកម្រងវណ្ណកម្មជាស្នាដៃនិពន្ធរបស់ភិក្ខុ សោមនិពន្ធនៅឆ្នាំ មួយពាន់ប្រាំបួនរយដប់,,1.0,0.95,False,verified,Verified character-by-character line crop transcription,,data/handwritten_external/W005/line_metadata.csv,21,/Users/macbookpro/Desktop/Development/khmer-handwritten-word-recognition/data/handwritten_external/W005/lines_raw/W005_P001_L020.png,ដែលជាកម្រងវណ្ណកម្មជាស្នាដៃនិពន្ធរបស់ភិក្ខុ សោមនិពន្ធនៅឆ្នាំ មួយពាន់ប្រាំបួនរយដប់,80,True,1182,52,45.958,0.997023,review,contains_whitespace,W005
W005_P001_L021,lines_raw/W005_P001_L021.png,page_001.png,W005,51,1037,1233,1090,ប្រាំ ។,,1.0,0.95,False,verified,Verified character-by-character line crop transcription,,data/handwritten_external/W005/line_metadata.csv,22,/Users/macbookpro/Desktop/Development/khmer-handwritten-word-recognition/data/handwritten_external/W005/lines_raw/W005_P001_L021.png,ប្រាំ ។,7,True,1182,53,28.9401,0.997941,review,contains_whitespace,W005
W005_P001_L022,lines_raw/W005_P001_L022.png,page_001.png,W005,51,1086,1233,1138,ជាការពិតណាស់រឿងទុំទាវ ជារឿងដែលបានបង្ហាញពីលក្ខណៈជាតិខ្មែរ,,1.0,0.95,False,verified,Verified character-by-character line crop transcription,,data/handwritten_external/W005/line_metadata.csv,23,/Users/macbookpro/Desktop/Development/khmer-handwritten-word-recognition/data/handwritten_external/W005/lines_raw/W005_P001_L022.png,ជាការពិតណាស់រឿងទុំទាវ ជារឿងដែលបានបង្ហាញពីលក្ខណៈជាតិខ្មែរ,56,True,1182,52,43.9687,0.996339,review,contains_whitespace,W005
W005_P001_L023,lines_raw/W005_P001_L023.png,page_001.png,W005,51,1134,1233,1187,ពិតមែន ពីព្រោះរឿងទុំទាវ បានបង្កប់នូវលក្ខណៈជាតិខ្មែរជាច្រើន រួមមាន ថ្នាក់គំនិត,,1.0,0.95,False,verified,Verified character-by-character line crop transcription,,data/handwritten_external/W005/line_metadata.csv,24,/Users/macbookpro/Desktop/Development/khmer-handwritten-word-recognition/data/handwritten_external/W005/lines_raw/W005_P001_L023.png,ពិតមែន ពីព្រោះរឿងទុំទាវ បានបង្កប់នូវលក្ខណៈជាតិខ្មែរជាច្រើន រួមមាន ថ្នាក់គំនិត,77,True,1182,53,47.2807,0.997286,review,contains_whitespace,W005
W005_P001_L024,lines_raw/W005_P001_L024.png,page_001.png,W005,51,1183,1233,1237,ជំនឿ ប្រពៃណីទំនៀមទម្លាប់ មុខរបរ បញ្ហាសង្គម ជីវភាពរស់នៅ សិល្បៈ ទីតាំងភូ,,1.0,0.95,False,verified,Verified character-by-character line crop transcription,,data/handwritten_external/W005/line_metadata.csv,25,/Users/macbookpro/Desktop/Development/khmer-handwritten-word-recognition/data/handwritten_external/W005/lines_raw/W005_P001_L024.png,ជំនឿ ប្រពៃណីទំនៀមទម្លាប់ មុខរបរ បញ្ហាសង្គម ជីវភាពរស់នៅ សិល្បៈ ទីតាំងភូ,70,True,1182,54,45.4903,0.998559,review,contains_whitespace,W005
W005_P001_L025,lines_raw/W005_P001_L025.png,page_001.png,W005,51,1233,1233,1287,មិសាស្ត្រ របបគ្រប់គ្រងរបស់ខ្មែរនាសម័យលង្វែកទៀតផង ។ ក្នុងនោះដែរ លក្ខណៈជាតិ,,1.0,0.95,False,verified,Verified character-by-character line crop transcription,,data/handwritten_external/W005/line_metadata.csv,26,/Users/macbookpro/Desktop/Development/khmer-handwritten-word-recognition/data/handwritten_external/W005/lines_raw/W005_P001_L025.png,មិសាស្ត្រ របបគ្រប់គ្រងរបស់ខ្មែរនាសម័យលង្វែកទៀតផង ។ ក្នុងនោះដែរ លក្ខណៈជាតិ,73,True,1182,54,44.8829,0.998919,review,contains_whitespace,W005
W005_P001_L026,lines_raw/W005_P001_L026.png,page_001.png,W005,51,1283,1233,1336,នៃអក្សរសិល្ប៍ដែលឆ្លុះបញ្ចាំង តាមរយៈរឿងទុំទាវ តាមរយៈ ជំនឿ ពោលគឺ នាសម័យ,,1.0,0.95,False,verified,Verified character-by-character line crop transcription,,data/handwritten_external/W005/line_metadata.csv,27,/Users/macbookpro/Desktop/Development/khmer-handwritten-word-recognition/data/handwritten_external/W005/lines_raw/W005_P001_L026.png,នៃអក្សរសិល្ប៍ដែលឆ្លុះបញ្ចាំង តាមរយៈរឿងទុំទាវ តាមរយៈ ជំនឿ ពោលគឺ នាសម័យ,69,True,1182,53,43.6004,0.999617,review,contains_whitespace,W005
W005_P001_L027,lines_raw/W005_P001_L027.png,page_001.png,W005,51,1332,1233,1386,លង្វែកប្រជាជនខ្មែរ តែងតែជឿលើ ជំនឿផ្សេងៗច្រើនបែបយ៉ាងដែល ផ្ដល់លក្ខណៈ,,1.0,0.95,False,verified,Verified character-by-character line crop transcription,,data/handwritten_external/W005/line_metadata.csv,28,/Users/macbookpro/Desktop/Development/khmer-handwritten-word-recognition/data/handwritten_external/W005/lines_raw/W005_P001_L027.png,លង្វែកប្រជាជនខ្មែរ តែងតែជឿលើ ជំនឿផ្សេងៗច្រើនបែបយ៉ាងដែល ផ្ដល់លក្ខណៈ,66,True,1182,54,43.8704,0.99942,review,contains_whitespace,W005
W005_P001_L028,lines_raw/W005_P001_L028.png,page_001.png,W005,51,1382,1233,1437,ជាតិរបស់ខ្មែរនាសម័យលង្វែក ។ ម្យ៉ាងទៀតប្រជាជនខ្មែរនាសម័យលង្វែក,,1.0,0.95,False,verified,Verified character-by-character line crop transcription,,data/handwritten_external/W005/line_metadata.csv,29,/Users/macbookpro/Desktop/Development/khmer-handwritten-word-recognition/data/handwritten_external/W005/lines_raw/W005_P001_L028.png,ជាតិរបស់ខ្មែរនាសម័យលង្វែក ។ ម្យ៉ាងទៀតប្រជាជនខ្មែរនាសម័យលង្វែក,61,True,1182,55,42.7358,0.998062,review,contains_whitespace,W005
W006_P001_L002,lines_raw/W006_P001_L002.png,page_001.png,W006,89,227,677,262,ប្រធាន: សុភាសិតមួយចែងថា “ សន្សឹមៗ កុំបំបោល,,1.0,0.95,False,verified,Verified character-by-character line crop transcription,,data/handwritten_external/W006/line_metadata.csv,3,/Users/macbookpro/Desktop/Development/khmer-handwritten-word-recognition/data/handwritten_external/W006/lines_raw/W006_P001_L002.png,ប្រធាន: សុភាសិតមួយចែងថា “ សន្សឹមៗ កុំបំបោល,42,True,588,35,59.5033,0.583139,review,contains_whitespace,W006
W006_P001_L003,lines_raw/W006_P001_L003.png,page_001.png,W006,203,258,661,304,ក្រែងមិនដល់ដូចប្រាថ្នា” ។ ចូរពន្យល់,,1.0,0.95,False,verified,Verified character-by-character line crop transcription,,data/handwritten_external/W006/line_metadata.csv,4,/Users/macbookpro/Desktop/Development/khmer-handwritten-word-recognition/data/handwritten_external/W006/lines_raw/W006_P001_L003.png,ក្រែងមិនដល់ដូចប្រាថ្នា” ។ ចូរពន្យល់,35,True,458,46,59.4156,0.521644,review,contains_whitespace,W006
W006_P001_L004,lines_raw/W006_P001_L004.png,page_001.png,W006,204,300,650,346,ដោយលើកឧទាហរណ៍មកបញ្ជាក់ ។,,1.0,0.95,False,verified,Verified character-by-character line crop transcription,,data/handwritten_external/W006/line_metadata.csv,5,/Users/macbookpro/Desktop/Development/khmer-handwritten-word-recognition/data/handwritten_external/W006/lines_raw/W006_P001_L004.png,ដោយលើកឧទាហរណ៍មកបញ្ជាក់ ។,24,True,446,46,58.2311,0.485913,review,contains_whitespace,W006
W006_P001_L006,lines_raw/W006_P001_L006.png,page_001.png,W006,166,379,694,415,នៅក្នុងជីវិតរស់នៅប្រចាំថ្ងៃ របស់មនុស្ស,,1.0,0.95,False,verified,Verified character-by-character line crop transcription,,data/handwritten_external/W006/line_metadata.csv,7,/Users/macbookpro/Desktop/Development/khmer-handwritten-word-recognition/data/handwritten_external/W006/lines_raw/W006_P001_L006.png,នៅក្នុងជីវិតរស់នៅប្រចាំថ្ងៃ របស់មនុស្ស,38,True,528,36,63.3541,0.499,review,contains_whitespace,W006
W006_P001_L007,lines_raw/W006_P001_L007.png,page_001.png,W006,83,411,697,449,មានតម្រូវការ គ្រប់បែបយ៉ាង ទាំងអស់ ។ កត្តានេះ,,1.0,0.95,False,verified,Verified character-by-character line crop transcription,,data/handwritten_external/W006/line_metadata.csv,8,/Users/macbookpro/Desktop/Development/khmer-handwritten-word-recognition/data/handwritten_external/W006/lines_raw/W006_P001_L007.png,មានតម្រូវការ គ្រប់បែបយ៉ាង ទាំងអស់ ។ កត្តានេះ,44,True,614,38,61.4474,0.506686,review,contains_whitespace,W006
W006_P001_L008,lines_raw/W006_P001_L008.png,page_001.png,W006,81,445,687,492,តម្រូវឲ្យមនុស្សប្រកបកិច្ចការផ្សេងៗ ដោយ មិន,,1.0,0.95,False,verified,Verified character-by-character line crop transcription,,data/handwritten_external/W006/line_metadata.csv,9,/Users/macbookpro/Desktop/Development/khmer-handwritten-word-recognition/data/handwritten_external/W006/lines_raw/W006_P001_L008.png,តម្រូវឲ្យមនុស្សប្រកបកិច្ចការផ្សេងៗ ដោយ មិន,42,True,606,47,58.4493,0.466365,review,contains_whitespace,W006
W006_P001_L009,lines_raw/W006_P001_L009.png,page_001.png,W006,77,488,701,530,ខ្លាចការនឿយហត់ ។ ការងារខ្លះ ទាមទារឲ្យមនុស្ស,,1.0,0.95,False,verified,Verified character-by-character line crop transcription,,data/handwritten_external/W006/line_metadata.csv,10,/Users/macbookpro/Desktop/Development/khmer-handwritten-word-recognition/data/handwritten_external/W006/lines_raw/W006_P001_L009.png,ខ្លាចការនឿយហត់ ។ ការងារខ្លះ ទាមទារឲ្យមនុស្ស,43,True,624,42,59.4898,0.50931,review,contains_whitespace,W006
W006_P001_L010,lines_raw/W006_P001_L010.png,page_001.png,W006,75,526,706,571,មានការប្រុងប្រយ័ត្ន សន្សឹមៗ មិនអាចបង្ខំ ជាដាច់,,1.0,0.95,False,verified,Verified character-by-character line crop transcription,,data/handwritten_external/W006/line_metadata.csv,11,/Users/macbookpro/Desktop/Development/khmer-handwritten-word-recognition/data/handwritten_external/W006/lines_raw/W006_P001_L010.png,មានការប្រុងប្រយ័ត្ន សន្សឹមៗ មិនអាចបង្ខំ ជាដាច់,46,True,631,45,60.3375,0.53763,review,contains_whitespace,W006
W006_P001_L011,lines_raw/W006_P001_L011.png,page_001.png,W006,74,567,700,616,ខាត ។ ប្រសិនបើបំពេញកិច្ចការនោះ ទាំង បង្ខំ វា,,1.0,0.95,False,verified,Verified character-by-character line crop transcription,,data/handwritten_external/W006/line_metadata.csv,12,/Users/macbookpro/Desktop/Development/khmer-handwritten-word-recognition/data/handwritten_external/W006/lines_raw/W006_P001_L011.png,ខាត ។ ប្រសិនបើបំពេញកិច្ចការនោះ ទាំង បង្ខំ វា,44,True,626,49,57.8547,0.583002,review,contains_whitespace,W006
W006_P001_L012,lines_raw/W006_P001_L012.png,page_001.png,W006,72,612,706,658,មិនត្រឹមតែមិន បាន លទ្ធផល ប៉ុណ្ណោះ ទេ ថែមទាំង,,1.0,0.95,False,verified,Verified character-by-character line crop transcription,,data/handwritten_external/W006/line_metadata.csv,13,/Users/macbookpro/Desktop/Development/khmer-handwritten-word-recognition/data/handwritten_external/W006/lines_raw/W006_P001_L012.png,មិនត្រឹមតែមិន បាន លទ្ធផល ប៉ុណ្ណោះ ទេ ថែមទាំង,44,True,634,46,59.4141,0.760835,review,contains_whitespace,W006
W006_P001_L013,lines_raw/W006_P001_L013.png,page_001.png,W006,71,654,706,700,ខាតបង់ ពេលវេលា និងទ្រព្យសម្បត្តិ ទៀតផង ។,,1.0,0.95,False,verified,Verified character-by-character line crop transcription,,data/handwritten_external/W006/line_metadata.csv,14,/Users/macbookpro/Desktop/Development/khmer-handwritten-word-recognition/data/handwritten_external/W006/lines_raw/W006_P001_L013.png,ខាតបង់ ពេលវេលា និងទ្រព្យសម្បត្តិ ទៀតផង ។,40,True,635,46,58.9114,0.870558,review,contains_whitespace,W006
W006_P001_L014,lines_raw/W006_P001_L014.png,page_001.png,W006,70,696,681,737,អាស្រ័យហេតុនេះហើយ ទើបមានសុភាសិត,,1.0,0.95,False,verified,Verified character-by-character line crop transcription,,data/handwritten_external/W006/line_metadata.csv,15,/Users/macbookpro/Desktop/Development/khmer-handwritten-word-recognition/data/handwritten_external/W006/lines_raw/W006_P001_L014.png,អាស្រ័យហេតុនេះហើយ ទើបមានសុភាសិត,31,True,611,41,58.2459,0.907469,review,contains_whitespace,W006
W006_P001_L015,lines_raw/W006_P001_L015.png,page_001.png,W006,70,733,696,774,មួយបានចែងថា “ សន្សឹមៗ កុំបំបោល ក្រែងមិន,,1.0,0.95,False,verified,Verified character-by-character line crop transcription,,data/handwritten_external/W006/line_metadata.csv,16,/Users/macbookpro/Desktop/Development/khmer-handwritten-word-recognition/data/handwritten_external/W006/lines_raw/W006_P001_L015.png,មួយបានចែងថា “ សន្សឹមៗ កុំបំបោល ក្រែងមិន,39,True,626,41,57.8884,0.944089,review,contains_whitespace,W006
W006_P001_L016,lines_raw/W006_P001_L016.png,page_001.png,W006,57,770,470,817,ដល់ដូចប្រាថ្នា » ។,,1.0,0.95,False,verified,Verified character-by-character line crop transcription,,data/handwritten_external/W006/line_metadata.csv,17,/Users/macbookpro/Desktop/Development/khmer-handwritten-word-recognition/data/handwritten_external/W006/lines_raw/W006_P001_L016.png,ដល់ដូចប្រាថ្នា » ។,18,True,413,47,47.68,0.978311,review,contains_whitespace,W006
W006_P001_L017,lines_raw/W006_P001_L017.png,page_001.png,W006,151,813,691,860,តើសុភាសិតនេះ បង្កប់តម្លៃអប់រំ យ៉ាង,,1.0,0.95,False,verified,Verified character-by-character line crop transcription,,data/handwritten_external/W006/line_metadata.csv,18,/Users/macbookpro/Desktop/Development/khmer-handwritten-word-recognition/data/handwritten_external/W006/lines_raw/W006_P001_L017.png,តើសុភាសិតនេះ បង្កប់តម្លៃអប់រំ យ៉ាង,34,True,540,47,55.6749,0.977935,review,contains_whitespace,W006
W006_P001_L018,lines_raw/W006_P001_L018.png,page_001.png,W006,21,856,520,905,ណា ?,,1.0,0.95,False,verified,Verified character-by-character line crop transcription,,data/handwritten_external/W006/line_metadata.csv,19,/Users/macbookpro/Desktop/Development/khmer-handwritten-word-recognition/data/handwritten_external/W006/lines_raw/W006_P001_L018.png,ណា ?,4,True,499,49,25.6369,0.997873,review,contains_whitespace,W006
W006_P002_L001,lines_raw/W006_P002_L001.png,page_002.png,W006,146,105,671,150,ដើម្បីជាជំនួយដល់ការ បកស្រាយ សុភាសិត,,1.0,0.95,False,verified,Verified character-by-character line crop transcription,,data/handwritten_external/W006/line_metadata.csv,20,/Users/macbookpro/Desktop/Development/khmer-handwritten-word-recognition/data/handwritten_external/W006/lines_raw/W006_P002_L001.png,ដើម្បីជាជំនួយដល់ការ បកស្រាយ សុភាសិត,35,True,525,45,53.2911,0.315217,review,contains_whitespace,W006
W006_P002_L002,lines_raw/W006_P002_L002.png,page_002.png,W006,68,146,642,186,ខាងលើ ឲ្យបានក្បោះក្បាយ គប្បី យល់ន័យ នៃ,,1.0,0.95,False,verified,Verified character-by-character line crop transcription,,data/handwritten_external/W006/line_metadata.csv,21,/Users/macbookpro/Desktop/Development/khmer-handwritten-word-recognition/data/handwritten_external/W006/lines_raw/W006_P002_L002.png,ខាងលើ ឲ្យបានក្បោះក្បាយ គប្បី យល់ន័យ នៃ,38,True,574,40,57.1459,0.453484,review,contains_whitespace,W006
W006_P002_L003,lines_raw/W006_P002_L003.png,page_002.png,W006,63,182,706,223,ពាក្យ សន្សឹមៗ បំបោល និង ប្រាថ្នា ជាមុនសិន ។ ពាក្យ,,1.0,0.95,False,verified,Verified character-by-character line crop transcription,,data/handwritten_external/W006/line_metadata.csv,22,/Users/macbookpro/Desktop/Development/khmer-handwritten-word-recognition/data/handwritten_external/W006/lines_raw/W006_P002_L003.png,ពាក្យ សន្សឹមៗ បំបោល និង ប្រាថ្នា ជាមុនសិន ។ ពាក្យ,49,True,643,41,56.2443,0.510754,review,contains_whitespace,W006
W006_P002_L004,lines_raw/W006_P002_L004.png,page_002.png,W006,63,219,706,262,សន្សឹមៗ គឺសំដៅលើកិរិយា សកម្មភាព យឺតៗមួយៗ.,,1.0,0.95,False,verified,Verified character-by-character line crop transcription,,data/handwritten_external/W006/line_metadata.csv,23,/Users/macbookpro/Desktop/Development/khmer-handwritten-word-recognition/data/handwritten_external/W006/lines_raw/W006_P002_L004.png,សន្សឹមៗ គឺសំដៅលើកិរិយា សកម្មភាព យឺតៗមួយៗ.,41,True,643,43,57.6071,0.639191,review,contains_whitespace,W006
W006_P002_L005,lines_raw/W006_P002_L005.png,page_002.png,W006,64,258,669,297,មិនប្រញាប់ ។ បំបោល គឺ និយាយដល់ ភាព រហ័ស,,1.0,0.95,False,verified,Verified character-by-character line crop transcription,,data/handwritten_external/W006/line_metadata.csv,24,/Users/macbookpro/Desktop/Development/khmer-handwritten-word-recognition/data/handwritten_external/W006/lines_raw/W006_P002_L005.png,មិនប្រញាប់ ។ បំបោល គឺ និយាយដល់ ភាព រហ័ស,39,True,605,39,58.2204,0.725026,review,contains_whitespace,W006
W006_P002_L006,lines_raw/W006_P002_L006.png,page_002.png,W006,63,293,674,331,ឬលឿន ។ រីឯពាក្យប្រាថ្នាវិញ គឺជា គោលបំណង ។,,1.0,0.95,False,verified,Verified character-by-character line crop transcription,,data/handwritten_external/W006/line_metadata.csv,25,/Users/macbookpro/Desktop/Development/khmer-handwritten-word-recognition/data/handwritten_external/W006/lines_raw/W006_P002_L006.png,ឬលឿន ។ រីឯពាក្យប្រាថ្នាវិញ គឺជា គោលបំណង ។,41,True,611,38,58.8866,0.74326,review,contains_whitespace,W006
W006_P002_L007,lines_raw/W006_P002_L007.png,page_002.png,W006,60,327,673,369,ន័យប្រធាន តាមរយៈ សុភាសិតនេះ បានសេចក្តី ថា,,1.0,0.95,False,verified,Verified character-by-character line crop transcription,,data/handwritten_external/W006/line_metadata.csv,26,/Users/macbookpro/Desktop/Development/khmer-handwritten-word-recognition/data/handwritten_external/W006/lines_raw/W006_P002_L007.png,ន័យប្រធាន តាមរយៈ សុភាសិតនេះ បានសេចក្តី ថា,41,True,613,42,56.9266,0.661889,review,contains_whitespace,W006
W006_P002_L008,lines_raw/W006_P002_L008.png,page_002.png,W006,60,365,686,407,ការបរ រទេះ មិនអាច បង្ខំ បានទេ ត្រូវ បរយឺតៗ ទើប,,1.0,0.95,False,verified,Verified character-by-character line crop transcription,,data/handwritten_external/W006/line_metadata.csv,27,/Users/macbookpro/Desktop/Development/khmer-handwritten-word-recognition/data/handwritten_external/W006/lines_raw/W006_P002_L008.png,ការបរ រទេះ មិនអាច បង្ខំ បានទេ ត្រូវ បរយឺតៗ ទើប,46,True,626,42,56.5739,0.707782,review,contains_whitespace,W006
W007_P001_L001,lines_raw/W007_P001_L001.png,page_001.png,W007,103,38,1147,132,ប្រធាន ៖ មានទស្សនៈមួយបានចែងមកថា “ ការសិក្សាអក្សរ,,1.0,0.95,False,verified,Verified character-by-character line crop transcription,,data/handwritten_external/W007/line_metadata.csv,2,/Users/macbookpro/Desktop/Development/khmer-handwritten-word-recognition/data/handwritten_external/W007/lines_raw/W007_P001_L001.png,ប្រធាន ៖ មានទស្សនៈមួយបានចែងមកថា “ ការសិក្សាអក្សរ,48,True,1044,94,37.0333,0.996739,review,contains_whitespace,W007
W007_P001_L002,lines_raw/W007_P001_L002.png,page_001.png,W007,230,128,1147,191,សិល្ប៍ គឺជាការសិក្សាពីមនុស្ស ដើម្បីមនុស្ស ។,,1.0,0.95,False,verified,Verified character-by-character line crop transcription,,data/handwritten_external/W007/line_metadata.csv,3,/Users/macbookpro/Desktop/Development/khmer-handwritten-word-recognition/data/handwritten_external/W007/lines_raw/W007_P001_L002.png,សិល្ប៍ គឺជាការសិក្សាពីមនុស្ស ដើម្បីមនុស្ស ។,43,True,917,63,39.7214,0.999083,review,contains_whitespace,W007
W007_P001_L004,lines_raw/W007_P001_L004.png,page_001.png,W007,223,229,1147,306,ចូរពន្យល់ ដោយលើកឧទាហរណ៍ក្នុងអក្សរសិល្ប៍មកបញ្ជាក់,,1.0,0.95,False,verified,Verified character-by-character line crop transcription,,data/handwritten_external/W007/line_metadata.csv,5,/Users/macbookpro/Desktop/Development/khmer-handwritten-word-recognition/data/handwritten_external/W007/lines_raw/W007_P001_L004.png,ចូរពន្យល់ ដោយលើកឧទាហរណ៍ក្នុងអក្សរសិល្ប៍មកបញ្ជាក់,48,True,924,77,38.9893,0.999452,review,contains_whitespace,W007
W007_P001_L007,lines_raw/W007_P001_L007.png,page_001.png,W007,48,471,1147,553,អំពីការរស់នៅជនជាតិខ្មែរពីមួយជំនាន់ទៅមួយជំនាន់ ពីរបៀប,,1.0,0.95,False,verified,Verified character-by-character line crop transcription,,data/handwritten_external/W007/line_metadata.csv,8,/Users/macbookpro/Desktop/Development/khmer-handwritten-word-recognition/data/handwritten_external/W007/lines_raw/W007_P001_L007.png,អំពីការរស់នៅជនជាតិខ្មែរពីមួយជំនាន់ទៅមួយជំនាន់ ពីរបៀប,52,True,1099,82,39.4438,0.994196,review,contains_whitespace,W007
W007_P001_L008,lines_raw/W007_P001_L008.png,page_001.png,W007,55,549,1147,632,របបនៃការរស់នៅ ទំនៀមទម្លាប់បែបផែន ជាពិសេសទៀត,,1.0,0.95,False,verified,Verified character-by-character line crop transcription,,data/handwritten_external/W007/line_metadata.csv,9,/Users/macbookpro/Desktop/Development/khmer-handwritten-word-recognition/data/handwritten_external/W007/lines_raw/W007_P001_L008.png,របបនៃការរស់នៅ ទំនៀមទម្លាប់បែបផែន ជាពិសេសទៀត,43,True,1092,83,39.4629,0.996392,review,contains_whitespace,W007
W007_P001_L009,lines_raw/W007_P001_L009.png,page_001.png,W007,57,628,1147,710,អក្សរសិល្ប៍បានផ្តល់ភាពចេះដឹងដល់អ្នកអានគ្រប់រូប ។ ដោយ,,1.0,0.95,False,verified,Verified character-by-character line crop transcription,,data/handwritten_external/W007/line_metadata.csv,10,/Users/macbookpro/Desktop/Development/khmer-handwritten-word-recognition/data/handwritten_external/W007/lines_raw/W007_P001_L009.png,អក្សរសិល្ប៍បានផ្តល់ភាពចេះដឹងដល់អ្នកអានគ្រប់រូប ។ ដោយ,52,True,1090,82,39.1618,0.99501,review,contains_whitespace,W007
W007_P001_L010,lines_raw/W007_P001_L010.png,page_001.png,W007,57,706,1147,788,ហេតុនេះ ទើបមានទស្សនៈមួយចែងថា “ អក្សរសិល្ប៍ គឺ,,1.0,0.95,False,verified,Verified character-by-character line crop transcription,,data/handwritten_external/W007/line_metadata.csv,11,/Users/macbookpro/Desktop/Development/khmer-handwritten-word-recognition/data/handwritten_external/W007/lines_raw/W007_P001_L010.png,ហេតុនេះ ទើបមានទស្សនៈមួយចែងថា “ អក្សរសិល្ប៍ គឺ,45,True,1090,82,38.468,0.995737,review,contains_whitespace,W007
W007_P001_L011,lines_raw/W007_P001_L011.png,page_001.png,W007,50,784,1147,867,ការសិក្សាពីមនុស្ស ដើម្បីមនុស្ស” ។,,1.0,0.95,False,verified,Verified character-by-character line crop transcription,,data/handwritten_external/W007/line_metadata.csv,12,/Users/macbookpro/Desktop/Development/khmer-handwritten-word-recognition/data/handwritten_external/W007/lines_raw/W007_P001_L011.png,ការសិក្សាពីមនុស្ស ដើម្បីមនុស្ស” ។,33,True,1097,83,31.7127,0.996727,review,contains_whitespace,W007
W007_P001_L012,lines_raw/W007_P001_L012.png,page_001.png,W007,216,863,1147,946,តើការសិក្សាអក្សរសិល្ប៍ គឺជាការសិក្សាពីមនុស្ស,,1.0,0.95,False,verified,Verified character-by-character line crop transcription,,data/handwritten_external/W007/line_metadata.csv,13,/Users/macbookpro/Desktop/Development/khmer-handwritten-word-recognition/data/handwritten_external/W007/lines_raw/W007_P001_L012.png,តើការសិក្សាអក្សរសិល្ប៍ គឺជាការសិក្សាពីមនុស្ស,44,True,931,83,37.7466,0.999599,review,contains_whitespace,W007
W007_P001_L013,lines_raw/W007_P001_L013.png,page_001.png,W007,54,942,1147,1025,ទៅមនុស្ស មានអត្ថន័យដូចម្តេច?,,1.0,0.95,False,verified,Verified character-by-character line crop transcription,,data/handwritten_external/W007/line_metadata.csv,14,/Users/macbookpro/Desktop/Development/khmer-handwritten-word-recognition/data/handwritten_external/W007/lines_raw/W007_P001_L013.png,ទៅមនុស្ស មានអត្ថន័យដូចម្តេច?,28,True,1093,83,32.3193,0.998369,review,contains_whitespace,W007
W007_P001_L014,lines_raw/W007_P001_L014.png,page_001.png,W007,158,1021,1147,1104,ដើម្បីបានចក្ខុវិស័យក្នុងការបក ស្រាយនូវប្រធានខាង,,1.0,0.95,False,verified,Verified character-by-character line crop transcription,,data/handwritten_external/W007/line_metadata.csv,15,/Users/macbookpro/Desktop/Development/khmer-handwritten-word-recognition/data/handwritten_external/W007/lines_raw/W007_P001_L014.png,ដើម្បីបានចក្ខុវិស័យក្នុងការបក ស្រាយនូវប្រធានខាង,47,True,989,83,37.5793,0.999915,review,contains_whitespace,W007
W007_P001_L015,lines_raw/W007_P001_L015.png,page_001.png,W007,48,1100,1147,1184,លើឱ្យកាន់តែស៊ីជម្រៅ យើងគប្បីយល់ពាក្យគន្លឹះមួយចំនួនជា,,1.0,0.95,False,verified,Verified character-by-character line crop transcription,,data/handwritten_external/W007/line_metadata.csv,16,/Users/macbookpro/Desktop/Development/khmer-handwritten-word-recognition/data/handwritten_external/W007/lines_raw/W007_P001_L015.png,លើឱ្យកាន់តែស៊ីជម្រៅ យើងគប្បីយល់ពាក្យគន្លឹះមួយចំនួនជា,52,True,1099,84,38.6277,0.999621,review,contains_whitespace,W007
W007_P001_L016,lines_raw/W007_P001_L016.png,page_001.png,W007,49,1180,1147,1265,មុនសិន ។ « អក្សរ » គឺជាស្នាមគំនូស ។ «សិល្ប៍» គឺជា ការ,,1.0,0.95,False,verified,Verified character-by-character line crop transcription,,data/handwritten_external/W007/line_metadata.csv,17,/Users/macbookpro/Desktop/Development/khmer-handwritten-word-recognition/data/handwritten_external/W007/lines_raw/W007_P001_L016.png,មុនសិន ។ « អក្សរ » គឺជាស្នាមគំនូស ។ «សិល្ប៍» គឺជា ការ,53,True,1098,85,36.7058,0.999732,review,contains_whitespace,W007
W007_P001_L017,lines_raw/W007_P001_L017.png,page_001.png,W007,45,1261,1147,1345,ចេះដឹងបែបបទ ក្បួន សិល្ប៍វិជ្ជា » ។ “ មនុស្ស ” ជនអ្នកដឹង,,1.0,0.95,False,verified,Verified character-by-character line crop transcription,,data/handwritten_external/W007/line_metadata.csv,18,/Users/macbookpro/Desktop/Development/khmer-handwritten-word-recognition/data/handwritten_external/W007/lines_raw/W007_P001_L017.png,ចេះដឹងបែបបទ ក្បួន សិល្ប៍វិជ្ជា » ។ “ មនុស្ស ” ជនអ្នកដឹង,55,True,1102,84,36.4712,0.999935,review,contains_whitespace,W007
W007_P001_L018,lines_raw/W007_P001_L018.png,page_001.png,W007,43,1341,1147,1413,ខុសត្រូវ បុណ្យ បាប ។ ដូចនេះគំនិតប្រធានខាងលើចង់មាន,,1.0,0.95,False,verified,Verified character-by-character line crop transcription,,data/handwritten_external/W007/line_metadata.csv,19,/Users/macbookpro/Desktop/Development/khmer-handwritten-word-recognition/data/handwritten_external/W007/lines_raw/W007_P001_L018.png,ខុសត្រូវ បុណ្យ បាប ។ ដូចនេះគំនិតប្រធានខាងលើចង់មាន,49,True,1104,72,37.7694,0.999975,review,contains_whitespace,W007
W007_P001_L020,lines_raw/W007_P001_L020.png,page_001.png,W007,41,1461,1147,1515,ន័យយ៉ាងនេះថា រឯការសិក្សាអក្សរសិល្ប៍ គឺជាការដឹង នូវហេតុ,,1.0,0.95,False,verified,Verified character-by-character line crop transcription,,data/handwritten_external/W007/line_metadata.csv,21,/Users/macbookpro/Desktop/Development/khmer-handwritten-word-recognition/data/handwritten_external/W007/lines_raw/W007_P001_L020.png,ន័យយ៉ាងនេះថា រឯការសិក្សាអក្សរសិល្ប៍ គឺជាការដឹង នូវហេតុ,54,True,1106,54,41.4947,0.999983,review,contains_whitespace,W007
W007_P001_L021,lines_raw/W007_P001_L021.png,page_001.png,W007,36,1511,1147,1575,ការណ៍ រំអំពី សម័យកាលនៃការរស់នៅខ្មែរយើងពីមួយជំនាន់,,1.0,0.95,False,verified,Verified character-by-character line crop transcription,,data/handwritten_external/W007/line_metadata.csv,22,/Users/macbookpro/Desktop/Development/khmer-handwritten-word-recognition/data/handwritten_external/W007/lines_raw/W007_P001_L021.png,ការណ៍ រំអំពី សម័យកាលនៃការរស់នៅខ្មែរយើងពីមួយជំនាន់,49,True,1111,64,42.0153,0.999887,review,contains_whitespace,W007
W007_P002_L001,lines_raw/W007_P002_L001.png,page_002.png,W007,15,27,1147,156,ទៅមួយជំនាន់ ពិសេសបំផុតអាចយល់ពីបញ្ហាផ្សេងៗទៅ,,1.0,0.95,False,verified,Verified character-by-character line crop transcription,,data/handwritten_external/W007/line_metadata.csv,23,/Users/macbookpro/Desktop/Development/khmer-handwritten-word-recognition/data/handwritten_external/W007/lines_raw/W007_P002_L001.png,ទៅមួយជំនាន់ ពិសេសបំផុតអាចយល់ពីបញ្ហាផ្សេងៗទៅ,43,True,1132,129,35.0899,0.985647,review,contains_whitespace,W007
W007_P002_L002,lines_raw/W007_P002_L002.png,page_002.png,W007,15,152,1147,239,ទិដ្ឋភាពនៃការរស់នៅរបស់មនុស្សពីអតីតកាលរហូតមក ។,,1.0,0.95,False,verified,Verified character-by-character line crop transcription,,data/handwritten_external/W007/line_metadata.csv,24,/Users/macbookpro/Desktop/Development/khmer-handwritten-word-recognition/data/handwritten_external/W007/lines_raw/W007_P002_L002.png,ទិដ្ឋភាពនៃការរស់នៅរបស់មនុស្សពីអតីតកាលរហូតមក ។,45,True,1132,87,38.9814,0.984383,review,contains_whitespace,W007
W007_P002_L003,lines_raw/W007_P002_L003.png,page_002.png,W007,101,235,1147,322,ជាការពិតណាស់ បើយើងសិក្សាមើលក្នុង ក្នុងរឿងអក្សរ,,1.0,0.95,False,verified,Verified character-by-character line crop transcription,,data/handwritten_external/W007/line_metadata.csv,25,/Users/macbookpro/Desktop/Development/khmer-handwritten-word-recognition/data/handwritten_external/W007/lines_raw/W007_P002_L003.png,ជាការពិតណាស់ បើយើងសិក្សាមើលក្នុង ក្នុងរឿងអក្សរ,46,True,1046,87,42.1945,0.983759,review,contains_whitespace,W007
W007_P002_L004,lines_raw/W007_P002_L004.png,page_002.png,W007,15,318,1147,404,សិល្ប៍ តែងបង្ហាញអំពីកម្មភាពរបស់តួអង្គក្នុងរឿងនីមួយៗ,,1.0,0.95,False,verified,Verified character-by-character line crop transcription,,data/handwritten_external/W007/line_metadata.csv,26,/Users/macbookpro/Desktop/Development/khmer-handwritten-word-recognition/data/handwritten_external/W007/lines_raw/W007_P002_L004.png,សិល្ប៍ តែងបង្ហាញអំពីកម្មភាពរបស់តួអង្គក្នុងរឿងនីមួយៗ,51,True,1132,86,43.582,0.97205,review,contains_whitespace,W007
W007_P002_L006,lines_raw/W007_P002_L006.png,page_002.png,W007,15,482,1147,568,ហើយផ្សារភ្ជាប់ទៅប្រវត្តិសាស្ត្រ របស់ជាតិ ។ ជាក់ស្តែងដូច,,1.0,0.95,False,verified,Verified character-by-character line crop transcription,,data/handwritten_external/W007/line_metadata.csv,28,/Users/macbookpro/Desktop/Development/khmer-handwritten-word-recognition/data/handwritten_external/W007/lines_raw/W007_P002_L006.png,ហើយផ្សារភ្ជាប់ទៅប្រវត្តិសាស្ត្រ របស់ជាតិ ។ ជាក់ស្តែងដូច,55,True,1132,86,42.7462,0.949585,review,contains_whitespace,W007
W008_P001_L001,lines_raw/W008_P001_L001.png,page_001.png,W008,68,78,839,125,= ប្រធាន ៖ ទស្សនៈមួយលើកឡើងថា “ វប្បធម៌សន្តិភាពកើតឡើងតាម,,1.0,0.95,False,verified,Verified character-by-character line crop transcription,,data/handwritten_external/W008/line_metadata.csv,2,/Users/macbookpro/Desktop/Development/khmer-handwritten-word-recognition/data/handwritten_external/W008/lines_raw/W008_P001_L001.png,= ប្រធាន ៖ ទស្សនៈមួយលើកឡើងថា “ វប្បធម៌សន្តិភាពកើតឡើងតាម,55,True,771,47,48.7677,0.94398,review,contains_whitespace,W008
W008_P001_L002,lines_raw/W008_P001_L002.png,page_001.png,W008,27,121,839,179,រយៈពុទ្ធសាសនា » ។ ចូរបកស្រាយឲ្យបានច្បោះច្បាយ ។,,1.0,0.95,False,verified,Verified character-by-character line crop transcription,,data/handwritten_external/W008/line_metadata.csv,3,/Users/macbookpro/Desktop/Development/khmer-handwritten-word-recognition/data/handwritten_external/W008/lines_raw/W008_P001_L002.png,រយៈពុទ្ធសាសនា » ។ ចូរបកស្រាយឲ្យបានច្បោះច្បាយ ។,46,True,812,58,41.9579,0.94405,review,contains_whitespace,W008
W008_P001_L004,lines_raw/W008_P001_L004.png,page_001.png,W008,66,230,839,279,ព្រះពុទ្ធសាសនា គឺជាសាសនាដ៏ធំមួយក្នុងចំណោមសាសនាធំៗ ដទៃទៀត,,1.0,0.95,False,verified,Verified character-by-character line crop transcription,,data/handwritten_external/W008/line_metadata.csv,5,/Users/macbookpro/Desktop/Development/khmer-handwritten-word-recognition/data/handwritten_external/W008/lines_raw/W008_P001_L004.png,ព្រះពុទ្ធសាសនា គឺជាសាសនាដ៏ធំមួយក្នុងចំណោមសាសនាធំៗ ដទៃទៀត,56,True,773,49,48.4494,0.9383,review,contains_whitespace,W008
W008_P001_L006,lines_raw/W008_P001_L006.png,page_001.png,W008,28,319,839,367,កាន់ពុទ្ធសាសនាខ្មែរតាំងពីសម័យបុរាណ ហើយសាសនានេះក៏ជាមាគ៌ាមួយ,,1.0,0.95,False,verified,Verified character-by-character line crop transcription,,data/handwritten_external/W008/line_metadata.csv,7,/Users/macbookpro/Desktop/Development/khmer-handwritten-word-recognition/data/handwritten_external/W008/lines_raw/W008_P001_L006.png,កាន់ពុទ្ធសាសនាខ្មែរតាំងពីសម័យបុរាណ ហើយសាសនានេះក៏ជាមាគ៌ាមួយ,58,True,811,48,48.1289,0.944616,review,contains_whitespace,W008
W008_P001_L007,lines_raw/W008_P001_L007.png,page_001.png,W008,27,363,839,411,នាំមនុស្សឆ្ពោះទៅរកសន្តិភាព ឬប្រពៃណីដែលធ្វើឲ្យគ្មានចលាចលសង្គម ។,,1.0,0.95,False,verified,Verified character-by-character line crop transcription,,data/handwritten_external/W008/line_metadata.csv,8,/Users/macbookpro/Desktop/Development/khmer-handwritten-word-recognition/data/handwritten_external/W008/lines_raw/W008_P001_L007.png,នាំមនុស្សឆ្ពោះទៅរកសន្តិភាព ឬប្រពៃណីដែលធ្វើឲ្យគ្មានចលាចលសង្គម ។,62,True,812,48,48.5899,0.944453,review,contains_whitespace,W008
W008_P001_L008,lines_raw/W008_P001_L008.png,page_001.png,W008,27,407,839,455,ដោយហេតុនេះ ទើបមានទស្សនៈមួយលើកឡើងថា “ វប្បធម៌សន្តិភាពកើត,,1.0,0.95,False,verified,Verified character-by-character line crop transcription,,data/handwritten_external/W008/line_metadata.csv,9,/Users/macbookpro/Desktop/Development/khmer-handwritten-word-recognition/data/handwritten_external/W008/lines_raw/W008_P001_L008.png,ដោយហេតុនេះ ទើបមានទស្សនៈមួយលើកឡើងថា “ វប្បធម៌សន្តិភាពកើត,55,True,812,48,48.4458,0.955408,review,contains_whitespace,W008
W008_P001_L009,lines_raw/W008_P001_L009.png,page_001.png,W008,28,451,839,499,ឡើងតាមរយៈពុទ្ធសាសនា ” ។,,1.0,0.95,False,verified,Verified character-by-character line crop transcription,,data/handwritten_external/W008/line_metadata.csv,10,/Users/macbookpro/Desktop/Development/khmer-handwritten-word-recognition/data/handwritten_external/W008/lines_raw/W008_P001_L009.png,ឡើងតាមរយៈពុទ្ធសាសនា ” ។,23,True,811,48,34.5905,0.953864,review,contains_whitespace,W008
W008_P001_L010,lines_raw/W008_P001_L010.png,page_001.png,W008,71,495,839,543,តើទស្សនៈខាងលើនេះ មានខ្លឹមសារបែបណាខ្លះ ?,,1.0,0.95,False,verified,Verified character-by-character line crop transcription,,data/handwritten_external/W008/line_metadata.csv,11,/Users/macbookpro/Desktop/Development/khmer-handwritten-word-recognition/data/handwritten_external/W008/lines_raw/W008_P001_L010.png,តើទស្សនៈខាងលើនេះ មានខ្លឹមសារបែបណាខ្លះ ?,39,True,768,48,41.4753,0.956272,review,contains_whitespace,W008
W008_P001_L011,lines_raw/W008_P001_L011.png,page_001.png,W008,71,539,839,587,ដើម្បីបកស្រាយទស្សនៈខាងលើនេះ ឲ្យបានច្បោះច្បាយហើយស៊ីជម្រៅ,,1.0,0.95,False,verified,Verified character-by-character line crop transcription,,data/handwritten_external/W008/line_metadata.csv,12,/Users/macbookpro/Desktop/Development/khmer-handwritten-word-recognition/data/handwritten_external/W008/lines_raw/W008_P001_L011.png,ដើម្បីបកស្រាយទស្សនៈខាងលើនេះ ឲ្យបានច្បោះច្បាយហើយស៊ីជម្រៅ,55,True,768,48,47.6859,0.956977,review,contains_whitespace,W008
W008_P001_L012,lines_raw/W008_P001_L012.png,page_001.png,W008,27,583,839,632,ទៀតនោះ ជាបឋមយើងគួរយល់ឃ្លាថា “ វប្បធម៌សន្តិភាព ” និង “ពុទ្ធសាស-,,1.0,0.95,False,verified,Verified character-by-character line crop transcription,,data/handwritten_external/W008/line_metadata.csv,13,/Users/macbookpro/Desktop/Development/khmer-handwritten-word-recognition/data/handwritten_external/W008/lines_raw/W008_P001_L012.png,ទៀតនោះ ជាបឋមយើងគួរយល់ឃ្លាថា “ វប្បធម៌សន្តិភាព ” និង “ពុទ្ធសាស-,62,True,812,49,45.6628,0.967076,review,contains_whitespace,W008
W008_P001_L013,lines_raw/W008_P001_L013.png,page_001.png,W008,27,628,839,677,នា ” ជាមុនសិន ។ “ វប្បធម៌សន្តិភាព ” ជាការសាបព្រោះ នូវភាពសុខសាន្តត្រាណ ។,,1.0,0.95,False,verified,Verified character-by-character line crop transcription,,data/handwritten_external/W008/line_metadata.csv,14,/Users/macbookpro/Desktop/Development/khmer-handwritten-word-recognition/data/handwritten_external/W008/lines_raw/W008_P001_L013.png,នា ” ជាមុនសិន ។ “ វប្បធម៌សន្តិភាព ” ជាការសាបព្រោះ នូវភាពសុខសាន្តត្រាណ ។,71,True,812,49,44.2574,0.975244,review,contains_whitespace,W008
W008_P001_L014,lines_raw/W008_P001_L014.png,page_001.png,W008,27,673,839,722,តែទីនេះ សំដៅលើសកម្មភាពឆ្ពោះទៅរកសន្តិភាព ឬប្រពៃណី ធ្វើឲ្យគ្មានចលាចល,,1.0,0.95,False,verified,Verified character-by-character line crop transcription,,data/handwritten_external/W008/line_metadata.csv,15,/Users/macbookpro/Desktop/Development/khmer-handwritten-word-recognition/data/handwritten_external/W008/lines_raw/W008_P001_L014.png,តែទីនេះ សំដៅលើសកម្មភាពឆ្ពោះទៅរកសន្តិភាព ឬប្រពៃណី ធ្វើឲ្យគ្មានចលាចល,66,True,812,49,45.9063,0.967779,review,contains_whitespace,W008
W008_P001_L015,lines_raw/W008_P001_L015.png,page_001.png,W008,27,718,839,768,សង្គម ។ ដោយឡែក “ ពុទ្ធសាសនា ” គឺជាសាសនាកំពូលដែលបង្កើតឡើង,,1.0,0.95,False,verified,Verified character-by-character line crop transcription,,data/handwritten_external/W008/line_metadata.csv,16,/Users/macbookpro/Desktop/Development/khmer-handwritten-word-recognition/data/handwritten_external/W008/lines_raw/W008_P001_L015.png,សង្គម ។ ដោយឡែក “ ពុទ្ធសាសនា ” គឺជាសាសនាកំពូលដែលបង្កើតឡើង,56,True,812,50,46.1045,0.949631,review,contains_whitespace,W008
W008_P001_L016,lines_raw/W008_P001_L016.png,page_001.png,W008,27,764,839,815,ដោយព្រះពុទ្ធសមណគោត្តម ។ ដូចនេះ អត្ថន័យរបស់ប្រធានបង្ហាញឲ្យឃើញ,,1.0,0.95,False,verified,Verified character-by-character line crop transcription,,data/handwritten_external/W008/line_metadata.csv,17,/Users/macbookpro/Desktop/Development/khmer-handwritten-word-recognition/data/handwritten_external/W008/lines_raw/W008_P001_L016.png,ដោយព្រះពុទ្ធសមណគោត្តម ។ ដូចនេះ អត្ថន័យរបស់ប្រធានបង្ហាញឲ្យឃើញ,60,True,812,51,45.5554,0.94702,review,contains_whitespace,W008
W008_P001_L017,lines_raw/W008_P001_L017.png,page_001.png,W008,27,811,839,860,ថា សាសនាកំពូលដែលបង្កើតឡើងដោយ សមណគោត្តម គឺជាសាសនាមួយ,,1.0,0.95,False,verified,Verified character-by-character line crop transcription,,data/handwritten_external/W008/line_metadata.csv,18,/Users/macbookpro/Desktop/Development/khmer-handwritten-word-recognition/data/handwritten_external/W008/lines_raw/W008_P001_L017.png,ថា សាសនាកំពូលដែលបង្កើតឡើងដោយ សមណគោត្តម គឺជាសាសនាមួយ,51,True,812,49,47.2743,0.939127,review,contains_whitespace,W008
W008_P001_L018,lines_raw/W008_P001_L018.png,page_001.png,W008,27,856,839,905,ដែលបង្កើតនូវមាគ៌ាឆ្ពោះទៅរកសន្តិភាព ឬប្រពៃណីធ្វើឲ្យគ្មានចលាចលសង្គម ។,,1.0,0.95,False,verified,Verified character-by-character line crop transcription,,data/handwritten_external/W008/line_metadata.csv,19,/Users/macbookpro/Desktop/Development/khmer-handwritten-word-recognition/data/handwritten_external/W008/lines_raw/W008_P001_L018.png,ដែលបង្កើតនូវមាគ៌ាឆ្ពោះទៅរកសន្តិភាព ឬប្រពៃណីធ្វើឲ្យគ្មានចលាចលសង្គម ។,67,True,812,49,48.9744,0.930079,review,contains_whitespace,W008
W008_P001_L019,lines_raw/W008_P001_L019.png,page_001.png,W008,66,901,839,950,ជាការពិតណាស់ ផ្អែកលើការលើកឡើងខាងលើនេះ យើងអាចដឹងបាន,,1.0,0.95,False,verified,Verified character-by-character line crop transcription,,data/handwritten_external/W008/line_metadata.csv,20,/Users/macbookpro/Desktop/Development/khmer-handwritten-word-recognition/data/handwritten_external/W008/lines_raw/W008_P001_L019.png,ជាការពិតណាស់ ផ្អែកលើការលើកឡើងខាងលើនេះ យើងអាចដឹងបាន,50,True,773,49,47.7875,0.929007,review,contains_whitespace,W008
W008_P001_L020,lines_raw/W008_P001_L020.png,page_001.png,W008,27,946,839,997,ថា បើកាលណានិយាយពីព្រះពុទ្ធសាសនា ឃើញថាសាសនានេះត្រូវបានបង្កើ-,,1.0,0.95,False,verified,Verified character-by-character line crop transcription,,data/handwritten_external/W008/line_metadata.csv,21,/Users/macbookpro/Desktop/Development/khmer-handwritten-word-recognition/data/handwritten_external/W008/lines_raw/W008_P001_L020.png,ថា បើកាលណានិយាយពីព្រះពុទ្ធសាសនា ឃើញថាសាសនានេះត្រូវបានបង្កើ-,59,True,812,51,47.0146,0.941297,review,contains_whitespace,W008
W008_P001_L021,lines_raw/W008_P001_L021.png,page_001.png,W008,27,993,839,1042,តឡើងដោយស្ថាបនិកដ៏ឆ្នើមមួយរូប គឺព្រះសមណគោត្តម ដែលមានតាំងពី,,1.0,0.95,False,verified,Verified character-by-character line crop transcription,,data/handwritten_external/W008/line_metadata.csv,22,/Users/macbookpro/Desktop/Development/khmer-handwritten-word-recognition/data/handwritten_external/W008/lines_raw/W008_P001_L021.png,តឡើងដោយស្ថាបនិកដ៏ឆ្នើមមួយរូប គឺព្រះសមណគោត្តម ដែលមានតាំងពី,57,True,812,49,49.4205,0.940661,review,contains_whitespace,W008
W008_P001_L023,lines_raw/W008_P001_L023.png,page_001.png,W008,27,1083,839,1131,ខ្លាំងនៅរវាងសតវត្សរ៍ទី ៣ក្នុងរជ្ជកាលព្រះបាទអសោក ដែលត្រូវបានផ្សព្វផ្សាយពាស,,1.0,0.95,False,verified,Verified character-by-character line crop transcription,,data/handwritten_external/W008/line_metadata.csv,24,/Users/macbookpro/Desktop/Development/khmer-handwritten-word-recognition/data/handwritten_external/W008/lines_raw/W008_P001_L023.png,ខ្លាំងនៅរវាងសតវត្សរ៍ទី ៣ក្នុងរជ្ជកាលព្រះបាទអសោក ដែលត្រូវបានផ្សព្វផ្សាយពាស,73,True,812,48,49.062,0.932779,review,contains_whitespace,W008
W008_P001_L024,lines_raw/W008_P001_L024.png,page_001.png,W008,27,1127,839,1193,ពេញទឹកដីសុវណ្ណភូមិនៅរវាងសតវត្សរ៍ទីពីរ នៃគ្រឹស្តសករាជ ។ សាសនានេះទំ-,,1.0,0.95,False,verified,Verified character-by-character line crop transcription,,data/handwritten_external/W008/line_metadata.csv,25,/Users/macbookpro/Desktop/Development/khmer-handwritten-word-recognition/data/handwritten_external/W008/lines_raw/W008_P001_L024.png,ពេញទឹកដីសុវណ្ណភូមិនៅរវាងសតវត្សរ៍ទីពីរ នៃគ្រឹស្តសករាជ ។ សាសនានេះទំ-,66,True,812,66,47.9551,0.928702,review,contains_whitespace,W008
W008_P002_L001,lines_raw/W008_P002_L001.png,page_002.png,W008,42,35,849,87,នងហូរចូលមកក្នុងទឹកដីសុវណ្ណភូមិដោយព្រះបាទស្រីមារៈ ដែលយើងអាចដឹង,,1.0,0.95,False,verified,Verified character-by-character line crop transcription,,data/handwritten_external/W008/line_metadata.csv,26,/Users/macbookpro/Desktop/Development/khmer-handwritten-word-recognition/data/handwritten_external/W008/lines_raw/W008_P002_L001.png,នងហូរចូលមកក្នុងទឹកដីសុវណ្ណភូមិដោយព្រះបាទស្រីមារៈ ដែលយើងអាចដឹង,61,True,807,52,44.6872,0.956296,review,contains_whitespace,W008
W008_P002_L002,lines_raw/W008_P002_L002.png,page_002.png,W008,80,83,849,131,បានតាមរយៈសិលាចារឹកវ៉ូកាញ់ ខេត្តញ៉ាត្រាង ដែនដីកម្ពុជាក្រោម ។ មួយវិញ,,1.0,0.95,False,verified,Verified character-by-character line crop transcription,,data/handwritten_external/W008/line_metadata.csv,27,/Users/macbookpro/Desktop/Development/khmer-handwritten-word-recognition/data/handwritten_external/W008/lines_raw/W008_P002_L002.png,បានតាមរយៈសិលាចារឹកវ៉ូកាញ់ ខេត្តញ៉ាត្រាង ដែនដីកម្ពុជាក្រោម ។ មួយវិញ,66,True,769,48,48.5896,0.935333,review,contains_whitespace,W008
W008_P002_L003,lines_raw/W008_P002_L003.png,page_002.png,W008,42,127,849,176,ទៀតបើផ្អែកតាមទ្រឹស្តីព្រះពុទ្ធសាសនា យើងឃើញថា ព្រះពុទ្ធបានបង្រៀនឲ្យបុ-,,1.0,0.95,False,verified,Verified character-by-character line crop transcription,,data/handwritten_external/W008/line_metadata.csv,28,/Users/macbookpro/Desktop/Development/khmer-handwritten-word-recognition/data/handwritten_external/W008/lines_raw/W008_P002_L003.png,ទៀតបើផ្អែកតាមទ្រឹស្តីព្រះពុទ្ធសាសនា យើងឃើញថា ព្រះពុទ្ធបានបង្រៀនឲ្យបុ-,69,True,807,49,47.4603,0.94047,review,contains_whitespace,W008
W009_P001_L001,lines_raw/W009_P001_L001.png,page_001.png,W009,138,16,1271,82,ប្រធាន: ទស្សនៈមួយបានយល់ថា ៖ “ អ្នកសាងអំពើអកុសលរមែង,,1.0,0.95,False,verified,Verified character-by-character line crop transcription,,data/handwritten_external/W009/line_metadata.csv,2,/Users/macbookpro/Desktop/Development/khmer-handwritten-word-recognition/data/handwritten_external/W009/lines_raw/W009_P001_L001.png,ប្រធាន: ទស្សនៈមួយបានយល់ថា ៖ “ អ្នកសាងអំពើអកុសលរមែង,50,True,1133,66,67.53,0.249311,review,contains_whitespace,W009
W009_P001_L002,lines_raw/W009_P001_L002.png,page_001.png,W009,261,78,1271,144,តែងតែជួបក្តីអន្តរាយក្នុងជីវិត » ចូរពន្យល់ដោយរកឧទា,,1.0,0.95,False,verified,Verified character-by-character line crop transcription,,data/handwritten_external/W009/line_metadata.csv,3,/Users/macbookpro/Desktop/Development/khmer-handwritten-word-recognition/data/handwritten_external/W009/lines_raw/W009_P001_L002.png,តែងតែជួបក្តីអន្តរាយក្នុងជីវិត » ចូរពន្យល់ដោយរកឧទា,49,True,1010,66,64.8143,0.222262,review,contains_whitespace,W009
W009_P001_L003,lines_raw/W009_P001_L003.png,page_001.png,W009,263,140,1271,197,ហរណ៍ បញ្ជាក់ ផង ។,,1.0,0.95,False,verified,Verified character-by-character line crop transcription,,data/handwritten_external/W009/line_metadata.csv,4,/Users/macbookpro/Desktop/Development/khmer-handwritten-word-recognition/data/handwritten_external/W009/lines_raw/W009_P001_L003.png,ហរណ៍ បញ្ជាក់ ផង ។,17,True,1008,57,47.105,0.122476,review,contains_whitespace,W009
W009_P001_L005,lines_raw/W009_P001_L005.png,page_001.png,W009,125,254,1271,329,ជីវិតគឺជាការរស់នៅប្រចាំថ្ងៃ ទាំងបុរសស្រីសុទ្ធតែប្រាថ្នាសេចក្តីសុខ,,1.0,0.95,False,verified,Verified character-by-character line crop transcription,,data/handwritten_external/W009/line_metadata.csv,6,/Users/macbookpro/Desktop/Development/khmer-handwritten-word-recognition/data/handwritten_external/W009/lines_raw/W009_P001_L005.png,ជីវិតគឺជាការរស់នៅប្រចាំថ្ងៃ ទាំងបុរសស្រីសុទ្ធតែប្រាថ្នាសេចក្តីសុខ,65,True,1146,75,64.0287,0.230611,review,contains_whitespace,W009
W009_P001_L006,lines_raw/W009_P001_L006.png,page_001.png,W009,14,325,1271,392,មិនចង់បានទុក្ខឲ្យបុគ្គលណាមកធ្វើនូវភ័យអន្តរាយមកលើខ្លួនឡើយ ទើប,,1.0,0.95,False,verified,Verified character-by-character line crop transcription,,data/handwritten_external/W009/line_metadata.csv,7,/Users/macbookpro/Desktop/Development/khmer-handwritten-word-recognition/data/handwritten_external/W009/lines_raw/W009_P001_L006.png,មិនចង់បានទុក្ខឲ្យបុគ្គលណាមកធ្វើនូវភ័យអន្តរាយមកលើខ្លួនឡើយ ទើប,60,True,1257,67,63.8009,0.236657,review,contains_whitespace,W009
W009_P001_L008,lines_raw/W009_P001_L008.png,page_001.png,W009,77,449,1271,514,ក្សាន្ត ក្នុងអំពើល្អរបស់ខ្លួន ។ រក្សាសីល ៥ ហេតុនេះ ទើបទស្សនៈមួយបានលើក,,1.0,0.95,False,verified,Verified character-by-character line crop transcription,,data/handwritten_external/W009/line_metadata.csv,9,/Users/macbookpro/Desktop/Development/khmer-handwritten-word-recognition/data/handwritten_external/W009/lines_raw/W009_P001_L008.png,ក្សាន្ត ក្នុងអំពើល្អរបស់ខ្លួន ។ រក្សាសីល ៥ ហេតុនេះ ទើបទស្សនៈមួយបានលើក,69,True,1194,65,63.5609,0.232496,review,contains_whitespace,W009
W009_P001_L009,lines_raw/W009_P001_L009.png,page_001.png,W009,13,510,1271,577,ឡើងថា “ អ្នកសាងអំពើអកុសល រមែងតែងតែជួបក្តីអន្តរាយក្នុងជីវិត ។,,1.0,0.95,False,verified,Verified character-by-character line crop transcription,,data/handwritten_external/W009/line_metadata.csv,10,/Users/macbookpro/Desktop/Development/khmer-handwritten-word-recognition/data/handwritten_external/W009/lines_raw/W009_P001_L009.png,ឡើងថា “ អ្នកសាងអំពើអកុសល រមែងតែងតែជួបក្តីអន្តរាយក្នុងជីវិត ។,60,True,1258,67,64.9796,0.242686,review,contains_whitespace,W009
W009_P001_L010,lines_raw/W009_P001_L010.png,page_001.png,W009,123,573,1271,637,តើទស្សនៈខាងលើនេះមានអត្ថន័យ យ៉ាងណា?,,1.0,0.95,False,verified,Verified character-by-character line crop transcription,,data/handwritten_external/W009/line_metadata.csv,11,/Users/macbookpro/Desktop/Development/khmer-handwritten-word-recognition/data/handwritten_external/W009/lines_raw/W009_P001_L010.png,តើទស្សនៈខាងលើនេះមានអត្ថន័យ យ៉ាងណា?,34,True,1148,64,53.6184,0.150942,review,contains_whitespace,W009
W009_P001_L012,lines_raw/W009_P001_L012.png,page_001.png,W009,8,693,1271,759,ជាក់ច្បាស់ យើងគប្បីយល់នូវពាក្យគន្លឹះជាមុនសិន ។ ពាក្យអន្តរាយ គឺជា,,1.0,0.95,False,verified,Verified character-by-character line crop transcription,,data/handwritten_external/W009/line_metadata.csv,13,/Users/macbookpro/Desktop/Development/khmer-handwritten-word-recognition/data/handwritten_external/W009/lines_raw/W009_P001_L012.png,ជាក់ច្បាស់ យើងគប្បីយល់នូវពាក្យគន្លឹះជាមុនសិន ។ ពាក្យអន្តរាយ គឺជា,64,True,1263,66,64.0355,0.221011,review,contains_whitespace,W009
W009_P001_L013,lines_raw/W009_P001_L013.png,page_001.png,W009,5,755,1271,822,សេចក្តីវិនាស ។ ពាក្យថា ទង្វើ គឺជាការប្រព្រឹត្ត ។ ពាក្យថា អកុសល គឺ,,1.0,0.95,False,verified,Verified character-by-character line crop transcription,,data/handwritten_external/W009/line_metadata.csv,14,/Users/macbookpro/Desktop/Development/khmer-handwritten-word-recognition/data/handwritten_external/W009/lines_raw/W009_P001_L013.png,សេចក្តីវិនាស ។ ពាក្យថា ទង្វើ គឺជាការប្រព្រឹត្ត ។ ពាក្យថា អកុសល គឺ,65,True,1266,67,62.5464,0.204346,review,contains_whitespace,W009
W009_P001_L014,lines_raw/W009_P001_L014.png,page_001.png,W009,25,818,1271,884,ជា អំពើ បាប ឬ អំពើ អាក្រក់ ទាំងពួង ។ អត្ថន័យខាងលើចង់បង្ហាញពី,,1.0,0.95,False,verified,Verified character-by-character line crop transcription,,data/handwritten_external/W009/line_metadata.csv,15,/Users/macbookpro/Desktop/Development/khmer-handwritten-word-recognition/data/handwritten_external/W009/lines_raw/W009_P001_L014.png,ជា អំពើ បាប ឬ អំពើ អាក្រក់ ទាំងពួង ។ អត្ថន័យខាងលើចង់បង្ហាញពី,60,True,1246,66,64.6764,0.229717,review,contains_whitespace,W009
W009_P001_L015,lines_raw/W009_P001_L015.png,page_001.png,W009,21,880,1271,951,ការធ្វើអំពើអាក្រក់ទាំងឡាយ រមែងដល់នូវសេចក្តីវិនាស អន្តរាយ ។,,1.0,0.95,False,verified,Verified character-by-character line crop transcription,,data/handwritten_external/W009/line_metadata.csv,16,/Users/macbookpro/Desktop/Development/khmer-handwritten-word-recognition/data/handwritten_external/W009/lines_raw/W009_P001_L015.png,ការធ្វើអំពើអាក្រក់ទាំងឡាយ រមែងដល់នូវសេចក្តីវិនាស អន្តរាយ ។,58,True,1250,71,62.3798,0.210479,review,contains_whitespace,W009
W009_P001_L016,lines_raw/W009_P001_L016.png,page_001.png,W009,118,947,1271,1014,ជាការពិតណាស់ មនុស្សយើងម្នាក់ៗ សុទ្ធតែមានសេចក្តីភ័យខ្លាចដូច,,1.0,0.95,False,verified,Verified character-by-character line crop transcription,,data/handwritten_external/W009/line_metadata.csv,17,/Users/macbookpro/Desktop/Development/khmer-handwritten-word-recognition/data/handwritten_external/W009/lines_raw/W009_P001_L016.png,ជាការពិតណាស់ មនុស្សយើងម្នាក់ៗ សុទ្ធតែមានសេចក្តីភ័យខ្លាចដូច,58,True,1153,67,67.132,0.249421,review,contains_whitespace,W009
W009_P001_L017,lines_raw/W009_P001_L017.png,page_001.png,W009,19,1010,1271,1074,គ្នាទាំងអស់ ភ័យនៃអន្តរាយនោះគឺ ភ័យព្រោះសេចក្តីស្លាប់ មនុស្សណាក៏,,1.0,0.95,False,verified,Verified character-by-character line crop transcription,,data/handwritten_external/W009/line_metadata.csv,18,/Users/macbookpro/Desktop/Development/khmer-handwritten-word-recognition/data/handwritten_external/W009/lines_raw/W009_P001_L017.png,គ្នាទាំងអស់ ភ័យនៃអន្តរាយនោះគឺ ភ័យព្រោះសេចក្តីស្លាប់ មនុស្សណាក៏,62,True,1252,64,66.1832,0.243024,review,contains_whitespace,W009
W009_P001_L018,lines_raw/W009_P001_L018.png,page_001.png,W009,17,1070,1271,1137,ខ្លាចស្លាប់ដែរ ប្រសិនបើមនុស្សតែងញ៉ាំងអន្តរាយដល់អ្នកដទៃ,,1.0,0.95,False,verified,Verified character-by-character line crop transcription,,data/handwritten_external/W009/line_metadata.csv,19,/Users/macbookpro/Desktop/Development/khmer-handwritten-word-recognition/data/handwritten_external/W009/lines_raw/W009_P001_L018.png,ខ្លាចស្លាប់ដែរ ប្រសិនបើមនុស្សតែងញ៉ាំងអន្តរាយដល់អ្នកដទៃ,54,True,1254,67,66.9217,0.24102,review,contains_whitespace,W009
W009_P001_L019,lines_raw/W009_P001_L019.png,page_001.png,W009,8,1133,1271,1197,ដោយទៅសម្លាប់គេ នោះអំពើអាក្រក់របស់គេ នឹងផ្តល់ផលអាក្រក់មក,,1.0,0.95,False,verified,Verified character-by-character line crop transcription,,data/handwritten_external/W009/line_metadata.csv,20,/Users/macbookpro/Desktop/Development/khmer-handwritten-word-recognition/data/handwritten_external/W009/lines_raw/W009_P001_L019.png,ដោយទៅសម្លាប់គេ នោះអំពើអាក្រក់របស់គេ នឹងផ្តល់ផលអាក្រក់មក,55,True,1263,64,66.0061,0.235365,review,contains_whitespace,W009
W009_P001_L020,lines_raw/W009_P001_L020.png,page_001.png,W009,15,1193,1271,1259,វិញ គឺត្រូវជាប់ពន្ធនាគារអស់កាលយូរឆ្នាំ ឬ មួយជីវិត ត្រូវបែកបាក់គ្រួសារ,,1.0,0.95,False,verified,Verified character-by-character line crop transcription,,data/handwritten_external/W009/line_metadata.csv,21,/Users/macbookpro/Desktop/Development/khmer-handwritten-word-recognition/data/handwritten_external/W009/lines_raw/W009_P001_L020.png,វិញ គឺត្រូវជាប់ពន្ធនាគារអស់កាលយូរឆ្នាំ ឬ មួយជីវិត ត្រូវបែកបាក់គ្រួសារ,69,True,1256,66,67.3388,0.246043,review,contains_whitespace,W009
W009_P001_L021,lines_raw/W009_P001_L021.png,page_001.png,W009,10,1255,1271,1321,មនុស្សជាទីស្រលាញ់ ។ ភ័យព្រោះបាត់ទ្រព្យសម្បត្តិ ការលួចឆក់ ប្លន់,,1.0,0.95,False,verified,Verified character-by-character line crop transcription,,data/handwritten_external/W009/line_metadata.csv,22,/Users/macbookpro/Desktop/Development/khmer-handwritten-word-recognition/data/handwritten_external/W009/lines_raw/W009_P001_L021.png,មនុស្សជាទីស្រលាញ់ ។ ភ័យព្រោះបាត់ទ្រព្យសម្បត្តិ ការលួចឆក់ ប្លន់,62,True,1261,66,65.2821,0.233256,review,contains_whitespace,W009
W009_P001_L022,lines_raw/W009_P001_L022.png,page_001.png,W009,5,1317,1271,1382,អ្នកដទៃ រមែងជួបក្តីភ័យខ្លាច ពីការតាមចាប់ខ្លួនពីសមត្ថកិច្ច ចោរលួចចោរ,,1.0,0.95,False,verified,Verified character-by-character line crop transcription,,data/handwritten_external/W009/line_metadata.csv,23,/Users/macbookpro/Desktop/Development/khmer-handwritten-word-recognition/data/handwritten_external/W009/lines_raw/W009_P001_L022.png,អ្នកដទៃ រមែងជួបក្តីភ័យខ្លាច ពីការតាមចាប់ខ្លួនពីសមត្ថកិច្ច ចោរលួចចោរ,67,True,1266,65,67.6082,0.254089,review,contains_whitespace,W009
W009_P001_L023,lines_raw/W009_P001_L023.png,page_001.png,W009,14,1378,1271,1438,ប្លន់បើនៅពេលមិនទាន់ចាប់បាន ថ្ងៃមួយគេតាមទាន់ នឹងត្រូវទោសធ្ងន់,,1.0,0.95,False,verified,Verified character-by-character line crop transcription,,data/handwritten_external/W009/line_metadata.csv,24,/Users/macbookpro/Desktop/Development/khmer-handwritten-word-recognition/data/handwritten_external/W009/lines_raw/W009_P001_L023.png,ប្លន់បើនៅពេលមិនទាន់ចាប់បាន ថ្ងៃមួយគេតាមទាន់ នឹងត្រូវទោសធ្ងន់,60,True,1257,60,68.6579,0.264055,review,contains_whitespace,W009
W009_P001_L024,lines_raw/W009_P001_L024.png,page_001.png,W009,19,1434,1271,1501,អាប់ឱនកិត្តិយស បាត់បង់តម្លៃ ត្រូវសង្គមស្អប់ខ្ពើម ។ ការក្បត់ក្បោះប្តី,,1.0,0.95,False,verified,Verified character-by-character line crop transcription,,data/handwritten_external/W009/line_metadata.csv,25,/Users/macbookpro/Desktop/Development/khmer-handwritten-word-recognition/data/handwritten_external/W009/lines_raw/W009_P001_L024.png,អាប់ឱនកិត្តិយស បាត់បង់តម្លៃ ត្រូវសង្គមស្អប់ខ្ពើម ។ ការក្បត់ក្បោះប្តី,68,True,1252,67,68.4633,0.255555,review,contains_whitespace,W009
W009_P001_L025,lines_raw/W009_P001_L025.png,page_001.png,W009,44,1497,1271,1568,ប្រពន្ធ កូនរបស់អ្នកដទៃ ដោយប្រព្រឹត្តខុសក្នុងកាម ការចាប់បង្ខំ រំលោភ,,1.0,0.95,False,verified,Verified character-by-character line crop transcription,,data/handwritten_external/W009/line_metadata.csv,26,/Users/macbookpro/Desktop/Development/khmer-handwritten-word-recognition/data/handwritten_external/W009/lines_raw/W009_P001_L025.png,ប្រពន្ធ កូនរបស់អ្នកដទៃ ដោយប្រព្រឹត្តខុសក្នុងកាម ការចាប់បង្ខំ រំលោភ,66,True,1227,71,68.5033,0.247965,review,contains_whitespace,W009
W009_P001_L026,lines_raw/W009_P001_L026.png,page_001.png,W009,21,1564,1271,1626,បំពាន រមែងដេកភ័យ កើតទុក្ខ មិនបានសុខឡើយ ប្រសិនបើគេចាប់,,1.0,0.95,False,verified,Verified character-by-character line crop transcription,,data/handwritten_external/W009/line_metadata.csv,27,/Users/macbookpro/Desktop/Development/khmer-handwritten-word-recognition/data/handwritten_external/W009/lines_raw/W009_P001_L026.png,បំពាន រមែងដេកភ័យ កើតទុក្ខ មិនបានសុខឡើយ ប្រសិនបើគេចាប់,53,True,1250,62,68.0216,0.247277,review,contains_whitespace,W009
W0010_P001_L001,lines_raw/W0010_P001_L001.png,page_001.png,W0010,33,585,1235,637,.........................................................................សេចក្តីអធិប្បាយ..........................................................,,1.0,0.95,False,verified,Verified character-by-character line crop transcription,,data/handwritten_external/W0010/line_metadata.csv,2,/Users/macbookpro/Desktop/Development/khmer-handwritten-word-recognition/data/handwritten_external/W0010/lines_raw/W0010_P001_L001.png,.........................................................................សេចក្តីអធិប្បាយ..........................................................,146,True,1202,52,33.2289,0.172501,review,long_text_segment,W0010
W0010_P001_L002,lines_raw/W0010_P001_L002.png,page_001.png,W0010,34,633,1235,685,...........កម្ពុជាទេស..គឺជាប្រទេសមួយដែលមានប្រវត្តិសាស្ត្រដ៏យូរលង់.និងជាទឹកដីសម្បូរ..,,1.0,0.95,False,verified,Verified character-by-character line crop transcription,,data/handwritten_external/W0010/line_metadata.csv,3,/Users/macbookpro/Desktop/Development/khmer-handwritten-word-recognition/data/handwritten_external/W0010/lines_raw/W0010_P001_L002.png,...........កម្ពុជាទេស..គឺជាប្រទេសមួយដែលមានប្រវត្តិសាស្ត្រដ៏យូរលង់.និងជាទឹកដីសម្បូរ..,84,True,1201,52,54.6119,0.289727,review,transcription_not_human_verified,W0010
W0010_P001_L003,lines_raw/W0010_P001_L003.png,page_001.png,W0010,34,681,1235,732,ទៅដោយសម្បត្តិបេតិកភណ្ឌទាំងរូបី..និងអរូបីដ៏មហាសាលជាកេរមរតកបន្សល់ទុកពី,,1.0,0.95,False,verified,Verified character-by-character line crop transcription,,data/handwritten_external/W0010/line_metadata.csv,4,/Users/macbookpro/Desktop/Development/khmer-handwritten-word-recognition/data/handwritten_external/W0010/lines_raw/W0010_P001_L003.png,ទៅដោយសម្បត្តិបេតិកភណ្ឌទាំងរូបី..និងអរូបីដ៏មហាសាលជាកេរមរតកបន្សល់ទុកពី,68,True,1201,51,58.0647,0.315179,review,transcription_not_human_verified,W0010
W0010_P001_L004,lines_raw/W0010_P001_L004.png,page_001.png,W0010,33,728,1235,779,ដូនតា...។..ឈរលើមូលដ្ឋានដ៏សម្បូរបែបនេះ.បុព្វបុរសខ្មែរបានសម្រិតសម្រាំងបង្កើតនូវ,,1.0,0.95,False,verified,Verified character-by-character line crop transcription,,data/handwritten_external/W0010/line_metadata.csv,5,/Users/macbookpro/Desktop/Development/khmer-handwritten-word-recognition/data/handwritten_external/W0010/lines_raw/W0010_P001_L004.png,ដូនតា...។..ឈរលើមូលដ្ឋានដ៏សម្បូរបែបនេះ.បុព្វបុរសខ្មែរបានសម្រិតសម្រាំងបង្កើតនូវ,77,True,1202,51,55.408,0.294003,review,transcription_not_human_verified,W0010
W0010_P001_L005,lines_raw/W0010_P001_L005.png,page_001.png,W0010,33,775,1235,830,អក្សរសិល្ប៍ជាច្រើន.ដែលរៀបបញ្ចូលគ្នាយ៉ាងជិតដិតរវាងព្រឹត្តិការណ៍ប្រវត្តិសាស្ត្រ.និង,,1.0,0.95,False,verified,Verified character-by-character line crop transcription,,data/handwritten_external/W0010/line_metadata.csv,6,/Users/macbookpro/Desktop/Development/khmer-handwritten-word-recognition/data/handwritten_external/W0010/lines_raw/W0010_P001_L005.png,អក្សរសិល្ប៍ជាច្រើន.ដែលរៀបបញ្ចូលគ្នាយ៉ាងជិតដិតរវាងព្រឹត្តិការណ៍ប្រវត្តិសាស្ត្រ.និង,81,True,1202,55,56.0657,0.294676,review,transcription_not_human_verified,W0010
W0010_P001_L006,lines_raw/W0010_P001_L006.png,page_001.png,W0010,32,826,1235,881,គំនិតទស្សនវិជ្ជាអប់រំ.ដែលបានដកស្រង់ចេញពីបទពិសោធជាក់ស្តែង.រួចច្នៃទៅជានិមិត្ត,,1.0,0.95,False,verified,Verified character-by-character line crop transcription,,data/handwritten_external/W0010/line_metadata.csv,7,/Users/macbookpro/Desktop/Development/khmer-handwritten-word-recognition/data/handwritten_external/W0010/lines_raw/W0010_P001_L006.png,គំនិតទស្សនវិជ្ជាអប់រំ.ដែលបានដកស្រង់ចេញពីបទពិសោធជាក់ស្តែង.រួចច្នៃទៅជានិមិត្ត,75,True,1203,55,57.6012,0.316814,review,transcription_not_human_verified,W0010
W0010_P001_L007,lines_raw/W0010_P001_L007.png,page_001.png,W0010,32,877,1235,922,រូបរូបវន្តនៃសិល្បៈដ៏មានតម្លៃ...។..ក្នុងចំណោមស្នាដៃទាំងនោះ..«..ច្បាប់ព្រះរាជសម្ភារ..ជាស្នា...,,1.0,0.95,False,verified,Verified character-by-character line crop transcription,,data/handwritten_external/W0010/line_metadata.csv,8,/Users/macbookpro/Desktop/Development/khmer-handwritten-word-recognition/data/handwritten_external/W0010/lines_raw/W0010_P001_L007.png,រូបរូបវន្តនៃសិល្បៈដ៏មានតម្លៃ...។..ក្នុងចំណោមស្នាដៃទាំងនោះ..«..ច្បាប់ព្រះរាជសម្ភារ..ជាស្នា...,92,True,1203,45,57.7088,0.316819,review,transcription_not_human_verified,W0010
W0010_P001_L008,lines_raw/W0010_P001_L008.png,page_001.png,W0010,32,918,1235,962,ព្រះហស្តរបស់ព្រះរាជសម្ភារ.ឬចៅពញាតូច.១៦២៩..មានពាក្យពេចន៍លួងលោមជាដំបូន្មាន.,,1.0,0.95,False,verified,Verified character-by-character line crop transcription,,data/handwritten_external/W0010/line_metadata.csv,9,/Users/macbookpro/Desktop/Development/khmer-handwritten-word-recognition/data/handwritten_external/W0010/lines_raw/W0010_P001_L008.png,ព្រះហស្តរបស់ព្រះរាជសម្ភារ.ឬចៅពញាតូច.១៦២៩..មានពាក្យពេចន៍លួងលោមជាដំបូន្មាន.,73,True,1203,44,58.7287,0.315971,review,transcription_not_human_verified,W0010
W0010_P001_L009,lines_raw/W0010_P001_L009.png,page_001.png,W0010,32,958,1235,1014,សម្រាប់ជនប្រុសស្រី..»..។...វិភាគមួយនេះ.គឺជាស្នូលពុម្ពនៃអក្សរសិល្ប៍..ដែលត្រូវ..,,1.0,0.95,False,verified,Verified character-by-character line crop transcription,,data/handwritten_external/W0010/line_metadata.csv,10,/Users/macbookpro/Desktop/Development/khmer-handwritten-word-recognition/data/handwritten_external/W0010/lines_raw/W0010_P001_L009.png,សម្រាប់ជនប្រុសស្រី..»..។...វិភាគមួយនេះ.គឺជាស្នូលពុម្ពនៃអក្សរសិល្ប៍..ដែលត្រូវ..,78,True,1203,56,54.0716,0.272548,review,transcription_not_human_verified,W0010
W0010_P001_L010,lines_raw/W0010_P001_L010.png,page_001.png,W0010,34,1010,1235,1067,បានរៀបចំឡើងក្នុងគោលបំណងអប់រំ..តម្រង់ទិស...កែច្នៃនូវកាយ.វាចា..ចិត្ត..របស់ជន...,,1.0,0.95,False,verified,Verified character-by-character line crop transcription,,data/handwritten_external/W0010/line_metadata.csv,11,/Users/macbookpro/Desktop/Development/khmer-handwritten-word-recognition/data/handwritten_external/W0010/lines_raw/W0010_P001_L010.png,បានរៀបចំឡើងក្នុងគោលបំណងអប់រំ..តម្រង់ទិស...កែច្នៃនូវកាយ.វាចា..ចិត្ត..របស់ជន...,77,True,1201,57,52.3468,0.258089,review,transcription_not_human_verified,W0010
W0010_P001_L011,lines_raw/W0010_P001_L011.png,page_001.png,W0010,31,1063,1235,1113,ទាំងប្រុសស្រីនៅក្នុងសង្គមជាតិ។..........................................................................,,1.0,0.95,False,verified,Verified character-by-character line crop transcription,,data/handwritten_external/W0010/line_metadata.csv,12,/Users/macbookpro/Desktop/Development/khmer-handwritten-word-recognition/data/handwritten_external/W0010/lines_raw/W0010_P001_L011.png,ទាំងប្រុសស្រីនៅក្នុងសង្គមជាតិ។..........................................................................,104,True,1204,50,43.21,0.167425,review,transcription_not_human_verified,W0010
W0010_P001_L012,lines_raw/W0010_P001_L012.png,page_001.png,W0010,31,1109,1235,1159,..............ជាការពិតណាស់.ការបង្កើតច្បាប់ទូន្មានទាំងនេះ.មិនត្រឹមតែផ្តល់នូវចំណេះដឹង.មួយ.,,1.0,0.95,False,verified,Verified character-by-character line crop transcription,,data/handwritten_external/W0010/line_metadata.csv,13,/Users/macbookpro/Desktop/Development/khmer-handwritten-word-recognition/data/handwritten_external/W0010/lines_raw/W0010_P001_L012.png,..............ជាការពិតណាស់.ការបង្កើតច្បាប់ទូន្មានទាំងនេះ.មិនត្រឹមតែផ្តល់នូវចំណេះដឹង.មួយ.,88,True,1204,50,52.1791,0.269452,review,transcription_not_human_verified,W0010
W0010_P001_L013,lines_raw/W0010_P001_L013.png,page_001.png,W0010,31,1155,1235,1206,មុខនោះទេ..ប៉ុន្តែគឺជាការលាបព្រោះ..បណ្តុះនូវពូជនៃសីលធម៌..គុណធម៌...ចរិយាធម៌....,,1.0,0.95,False,verified,Verified character-by-character line crop transcription,,data/handwritten_external/W0010/line_metadata.csv,14,/Users/macbookpro/Desktop/Development/khmer-handwritten-word-recognition/data/handwritten_external/W0010/lines_raw/W0010_P001_L013.png,មុខនោះទេ..ប៉ុន្តែគឺជាការលាបព្រោះ..បណ្តុះនូវពូជនៃសីលធម៌..គុណធម៌...ចរិយាធម៌....,77,True,1204,51,54.5542,0.282311,review,transcription_not_human_verified,W0010
W0010_P001_L014,lines_raw/W0010_P001_L014.png,page_001.png,W0010,31,1202,1235,1271,ដើម្បីឱ្យមនុស្សរស់នៅក្នុងសង្គមមានតម្លៃថ្លៃថ្នូរ...និងមានប្រយោជន៍សម្រាប់ខ្លួនឯង.គ្រួសារ,,1.0,0.95,False,verified,Verified character-by-character line crop transcription,,data/handwritten_external/W0010/line_metadata.csv,15,/Users/macbookpro/Desktop/Development/khmer-handwritten-word-recognition/data/handwritten_external/W0010/lines_raw/W0010_P001_L014.png,ដើម្បីឱ្យមនុស្សរស់នៅក្នុងសង្គមមានតម្លៃថ្លៃថ្នូរ...និងមានប្រយោជន៍សម្រាប់ខ្លួនឯង.គ្រួសារ,86,True,1204,69,57.8991,0.330842,review,transcription_not_human_verified,W0010
W0010_P001_L015,lines_raw/W0010_P001_L015.png,page_001.png,W0010,31,1267,1235,1341,ជនទាំងប្រុសស្រីឱ្យមានស្មារតីប្រុងប្រយ័ត្នខ្ពស់ចំពោះការសម្រេចចិត្ត...។..មនុស្សយើង..,,1.0,0.95,False,verified,Verified character-by-character line crop transcription,,data/handwritten_external/W0010/line_metadata.csv,16,/Users/macbookpro/Desktop/Development/khmer-handwritten-word-recognition/data/handwritten_external/W0010/lines_raw/W0010_P001_L015.png,ជនទាំងប្រុសស្រីឱ្យមានស្មារតីប្រុងប្រយ័ត្នខ្ពស់ចំពោះការសម្រេចចិត្ត...។..មនុស្សយើង..,82,True,1204,74,56.0523,0.318061,review,transcription_not_human_verified,W0010
W0010_P001_L016,lines_raw/W0010_P001_L016.png,page_001.png,W0010,30,1337,1235,1394,ទោះបីមានភាពស្និទ្ធស្នាលនឹងគ្នាខ្លាំងប៉ុណ្ណាក៏ដោយ.ក៏មិនត្រូវទុកចិត្តគ្នាពេកនោះដែរ...,,1.0,0.95,False,verified,Verified character-by-character line crop transcription,,data/handwritten_external/W0010/line_metadata.csv,17,/Users/macbookpro/Desktop/Development/khmer-handwritten-word-recognition/data/handwritten_external/W0010/lines_raw/W0010_P001_L016.png,ទោះបីមានភាពស្និទ្ធស្នាលនឹងគ្នាខ្លាំងប៉ុណ្ណាក៏ដោយ.ក៏មិនត្រូវទុកចិត្តគ្នាពេកនោះដែរ...,83,True,1205,57,56.3442,0.327102,review,transcription_not_human_verified,W0010
W0010_P001_L017,lines_raw/W0010_P001_L017.png,page_001.png,W0010,30,1390,1235,1441,តែយើងត្រូវព្យាយាមអប់រំខ្លួនយើងឱ្យស្ថិតនៅក្នុងអំពើល្អ..បរិសុទ្ធដោយកាយ.វាចា..ចិត្ត,,1.0,0.95,False,verified,Verified character-by-character line crop transcription,,data/handwritten_external/W0010/line_metadata.csv,18,/Users/macbookpro/Desktop/Development/khmer-handwritten-word-recognition/data/handwritten_external/W0010/lines_raw/W0010_P001_L017.png,តែយើងត្រូវព្យាយាមអប់រំខ្លួនយើងឱ្យស្ថិតនៅក្នុងអំពើល្អ..បរិសុទ្ធដោយកាយ.វាចា..ចិត្ត,80,True,1205,51,56.8023,0.343796,review,transcription_not_human_verified,W0010
W0010_P001_L019,lines_raw/W0010_P001_L019.png,page_001.png,W0010,30,1484,1235,1553,ចិត្តបរទេស..កុំទុកចិត្តអភិជនស្រី...កុំទុកចិត្តអភិប្រាយ...ក្រែងនាំទ្រព្យខុស..រំពឹងឱ្យក្លាយ,,1.0,0.95,False,verified,Verified character-by-character line crop transcription,,data/handwritten_external/W0010/line_metadata.csv,20,/Users/macbookpro/Desktop/Development/khmer-handwritten-word-recognition/data/handwritten_external/W0010/lines_raw/W0010_P001_L019.png,ចិត្តបរទេស..កុំទុកចិត្តអភិជនស្រី...កុំទុកចិត្តអភិប្រាយ...ក្រែងនាំទ្រព្យខុស..រំពឹងឱ្យក្លាយ,89,True,1205,69,59.8693,0.404113,review,transcription_not_human_verified,W0010
W0010_P001_L020,lines_raw/W0010_P001_L020.png,page_001.png,W0010,30,1549,1235,1623,ផ្តល់ដំបូន្មានឱ្យយើងប្រុងប្រយ័ត្នចំពោះពាក្យសម្តី..ចំពោះការសេពគប់មិត្តភក្តិ..ជាសម្ព័ន្ធ.,,1.0,0.95,False,verified,Verified character-by-character line crop transcription,,data/handwritten_external/W0010/line_metadata.csv,21,/Users/macbookpro/Desktop/Development/khmer-handwritten-word-recognition/data/handwritten_external/W0010/lines_raw/W0010_P001_L020.png,ផ្តល់ដំបូន្មានឱ្យយើងប្រុងប្រយ័ត្នចំពោះពាក្យសម្តី..ចំពោះការសេពគប់មិត្តភក្តិ..ជាសម្ព័ន្ធ.,87,True,1205,74,56.0036,0.414321,review,transcription_not_human_verified,W0010
W0010_P001_L021,lines_raw/W0010_P001_L021.png,page_001.png,W0010,31,1619,1235,1674,នឹងស្រី..ព្រោះអាចនាំឱ្យមានក្តីវិនាសណាមួយកើតឡើង..។..មិនតែប៉ុណ្ណោះ..ច្បាប់...,,1.0,0.95,False,verified,Verified character-by-character line crop transcription,,data/handwritten_external/W0010/line_metadata.csv,22,/Users/macbookpro/Desktop/Development/khmer-handwritten-word-recognition/data/handwritten_external/W0010/lines_raw/W0010_P001_L021.png,នឹងស្រី..ព្រោះអាចនាំឱ្យមានក្តីវិនាសណាមួយកើតឡើង..។..មិនតែប៉ុណ្ណោះ..ច្បាប់...,75,True,1204,55,56.4204,0.449879,review,transcription_not_human_verified,W0010
W0010_P001_L022,lines_raw/W0010_P001_L022.png,page_001.png,W0010,31,1670,1235,1728,ព្រះរាជសម្ភារបានផ្តល់ដំបូន្មានចំពោះសាធារណៈកុំឱ្យប្រព្រឹត្តអំពើពុំគប្បីខុសលើច្បាប់សាសនា,,1.0,0.95,False,verified,Verified character-by-character line crop transcription,,data/handwritten_external/W0010/line_metadata.csv,23,/Users/macbookpro/Desktop/Development/khmer-handwritten-word-recognition/data/handwritten_external/W0010/lines_raw/W0010_P001_L022.png,ព្រះរាជសម្ភារបានផ្តល់ដំបូន្មានចំពោះសាធារណៈកុំឱ្យប្រព្រឹត្តអំពើពុំគប្បីខុសលើច្បាប់សាសនា,86,True,1204,58,54.0094,0.553557,review,transcription_not_human_verified,W0010
W0010_P002_L001,lines_raw/W0010_P002_L001.png,page_002.png,W0010,141,484,1238,531,សមដូចច្បាប់បញ្ជាក់ត្រង់ល្បះទី៤..ទំព័រទី១...«កុំចងក្តីដោយខ្យល់..កុំខ្វិនពាក្យពោល.កុំខ្វល់,,1.0,0.95,False,verified,Verified character-by-character line crop transcription,,data/handwritten_external/W0010/line_metadata.csv,24,/Users/macbookpro/Desktop/Development/khmer-handwritten-word-recognition/data/handwritten_external/W0010/lines_raw/W0010_P002_L001.png,សមដូចច្បាប់បញ្ជាក់ត្រង់ល្បះទី៤..ទំព័រទី១...«កុំចងក្តីដោយខ្យល់..កុំខ្វិនពាក្យពោល.កុំខ្វល់,88,True,1097,47,65.8457,0.357396,review,transcription_not_human_verified,W0010
W0010_P002_L002,lines_raw/W0010_P002_L002.png,page_002.png,W0010,140,527,1238,579,ដោយស្ម័គ្រ...កុំកាន់ពិលយង់...កុំបង់រស្មី..កុំឈ្លីសោភាជនដី..កុំឱ្យក្តីត្រង់»..។..ជាងនេះទៅទៀត...,,1.0,0.95,False,verified,Verified character-by-character line crop transcription,,data/handwritten_external/W0010/line_metadata.csv,25,/Users/macbookpro/Desktop/Development/khmer-handwritten-word-recognition/data/handwritten_external/W0010/lines_raw/W0010_P002_L002.png,ដោយស្ម័គ្រ...កុំកាន់ពិលយង់...កុំបង់រស្មី..កុំឈ្លីសោភាជនដី..កុំឱ្យក្តីត្រង់»..។..ជាងនេះទៅទៀត...,94,True,1098,52,64.308,0.331074,review,transcription_not_human_verified,W0010
W0010_P002_L003,lines_raw/W0010_P002_L003.png,page_002.png,W0010,141,575,1238,626,ច្បាប់នេះបានផ្តល់ដំបូន្មានបន្ថែមថា..ជនទាំងពួងរស់នៅត្រូវមានចិត្តមេត្តា.ករុណា.មុទិតា...,,1.0,0.95,False,verified,Verified character-by-character line crop transcription,,data/handwritten_external/W0010/line_metadata.csv,26,/Users/macbookpro/Desktop/Development/khmer-handwritten-word-recognition/data/handwritten_external/W0010/lines_raw/W0010_P002_L003.png,ច្បាប់នេះបានផ្តល់ដំបូន្មានបន្ថែមថា..ជនទាំងពួងរស់នៅត្រូវមានចិត្តមេត្តា.ករុណា.មុទិតា...,85,True,1097,51,64.3805,0.319338,review,transcription_not_human_verified,W0010
W0011_P001_L007,lines_raw/W0011_P001_L007.png,page_001.png,W0011,504,481,1271,550,សេចក្តីអធិប្បាយ,,1.0,0.95,False,verified,Verified character-by-character line crop transcription,,data/handwritten_external/W0011/line_metadata.csv,8,/Users/macbookpro/Desktop/Development/khmer-handwritten-word-recognition/data/handwritten_external/W0011/lines_raw/W0011_P001_L007.png,សេចក្តីអធិប្បាយ,15,True,767,69,59.0539,0.806417,review,transcription_not_human_verified,W0011
W0011_P002_L006,lines_raw/W0011_P002_L006.png,page_002.png,W0011,116,352,1271,423,ដើម្បីជាជំនួយដល់ការបកស្រាយពំនោលក្នុងច្បាប់,,1.0,0.95,False,verified,Verified character-by-character line crop transcription,,data/handwritten_external/W0011/line_metadata.csv,24,/Users/macbookpro/Desktop/Development/khmer-handwritten-word-recognition/data/handwritten_external/W0011/lines_raw/W0011_P002_L006.png,ដើម្បីជាជំនួយដល់ការបកស្រាយពំនោលក្នុងច្បាប់,42,True,1155,71,61.6464,0.753832,review,transcription_not_human_verified,W0011
W002_P001_L003,lines_raw/W002_P001_L003.png,page_001.png,W002,259,111,423,153,សេចក្តីអធិប្បាយ,,1.0,0.95,False,verified,Line crop; human transcription required,Verified: character-by-character transcription confirmed against crop image.,data/handwritten_external/W002/line_metadata.csv,4,/Users/macbookpro/Desktop/Development/khmer-handwritten-word-recognition/data/handwritten_external/W002/lines_raw/W002_P001_L003.png,សេចក្តីអធិប្បាយ,15,True,164,42,52.9274,0.199332,review,transcription_not_human_verified,W002
W003_P001_L002,lines_raw/W003_P001_L002.png,page_001.png,W003,267,65,421,101,សេចក្តីអធិប្បាយ,,1.0,0.95,False,verified,Line crop; human transcription required,Verified: character-by-character transcription confirmed against crop image.,data/handwritten_external/W003/line_metadata.csv,3,/Users/macbookpro/Desktop/Development/khmer-handwritten-word-recognition/data/handwritten_external/W003/lines_raw/W003_P001_L002.png,សេចក្តីអធិប្បាយ,15,True,154,36,39.4948,0.879149,review,transcription_not_human_verified,W003
W003_P001_L003,lines_raw/W003_P001_L003.png,page_001.png,W003,100,97,678,135,បុព្វបុរសខ្មែរបានបន្សល់ទុកនូវសម្បត្តិដ៏មហាសាលដល់កូនចៅគ្រប់ជំនាន់ក្នុង,,1.0,0.95,False,verified,Line crop; human transcription required,Verified: character-by-character transcription confirmed against crop image.,data/handwritten_external/W003/line_metadata.csv,4,/Users/macbookpro/Desktop/Development/khmer-handwritten-word-recognition/data/handwritten_external/W003/lines_raw/W003_P001_L003.png,បុព្វបុរសខ្មែរបានបន្សល់ទុកនូវសម្បត្តិដ៏មហាសាលដល់កូនចៅគ្រប់ជំនាន់ក្នុង,69,True,578,38,36.9581,0.865006,review,transcription_not_human_verified,W003
W003_P001_L013,lines_raw/W003_P001_L013.png,page_001.png,W003,36,432,656,470,ជំនាញច្បាស់លាស់ម្នាក់ទេ។,,1.0,0.95,False,verified,Line crop; human transcription required,Verified: character-by-character transcription confirmed against crop image.,data/handwritten_external/W003/line_metadata.csv,14,/Users/macbookpro/Desktop/Development/khmer-handwritten-word-recognition/data/handwritten_external/W003/lines_raw/W003_P001_L013.png,ជំនាញច្បាស់លាស់ម្នាក់ទេ។,24,True,620,38,25.4862,0.79444,review,transcription_not_human_verified,W003
W004_P001_L002,lines_raw/W004_P001_L002.png,page_001.png,W004,26,79,788,132,មិនជុំទេ»។តើពិតដែរឬទេ?ចូរពិភាក្សាដោយលើកឧទាហរណ៍,,1.0,0.95,False,verified,Verified character-by-character line crop transcription,,data/handwritten_external/W004/line_metadata.csv,3,/Users/macbookpro/Desktop/Development/khmer-handwritten-word-recognition/data/handwritten_external/W004/lines_raw/W004_P001_L002.png,មិនជុំទេ»។តើពិតដែរឬទេ?ចូរពិភាក្សាដោយលើកឧទាហរណ៍,46,True,762,53,71.0411,0.862873,review,transcription_not_human_verified,W004
W004_P001_L003,lines_raw/W004_P001_L003.png,page_001.png,W004,26,128,205,184,មកបញ្ជាក់។,,1.0,0.95,False,verified,Verified character-by-character line crop transcription,,data/handwritten_external/W004/line_metadata.csv,4,/Users/macbookpro/Desktop/Development/khmer-handwritten-word-recognition/data/handwritten_external/W004/lines_raw/W004_P001_L003.png,មកបញ្ជាក់។,10,True,179,56,64.6828,0.918296,review,transcription_not_human_verified,W004
W004_P001_L004,lines_raw/W004_P001_L004.png,page_001.png,W004,270,180,515,230,សេចក្តីអធិប្បាយ,,1.0,0.95,False,verified,Verified character-by-character line crop transcription,,data/handwritten_external/W004/line_metadata.csv,5,/Users/macbookpro/Desktop/Development/khmer-handwritten-word-recognition/data/handwritten_external/W004/lines_raw/W004_P001_L004.png,សេចក្តីអធិប្បាយ,15,True,245,50,68.1211,0.911347,review,transcription_not_human_verified,W004
W004_P001_L006,lines_raw/W004_P001_L006.png,page_001.png,W004,178,252,824,292,ជាមនុស្សពេញលោកទៅដោយបញ្ហាមិនចេះចប់មិន,,1.0,0.95,False,verified,Verified character-by-character line crop transcription,,data/handwritten_external/W004/line_metadata.csv,7,/Users/macbookpro/Desktop/Development/khmer-handwritten-word-recognition/data/handwritten_external/W004/lines_raw/W004_P001_L006.png,ជាមនុស្សពេញលោកទៅដោយបញ្ហាមិនចេះចប់មិន,36,True,646,40,71.9722,0.893382,review,transcription_not_human_verified,W004
W004_P001_L019,lines_raw/W004_P001_L019.png,page_001.png,W004,128,760,824,818,តើការយល់ឃើញបែបនេះគេសំអាងទៅលើហេតុផល,,1.0,0.95,False,verified,Verified character-by-character line crop transcription,,data/handwritten_external/W004/line_metadata.csv,20,/Users/macbookpro/Desktop/Development/khmer-handwritten-word-recognition/data/handwritten_external/W004/lines_raw/W004_P001_L019.png,តើការយល់ឃើញបែបនេះគេសំអាងទៅលើហេតុផល,34,True,696,58,66.0403,0.755921,review,transcription_not_human_verified,W004
W005_P001_L010,lines_raw/W005_P001_L010.png,page_001.png,W005,51,609,1233,645,តើរឿងទុំទាវបានបង្ហាញពីលក្ខណៈជាតិខ្មែរយ៉ាងដូចម្ដេច?,,1.0,0.95,False,verified,Verified character-by-character line crop transcription,,data/handwritten_external/W005/line_metadata.csv,11,/Users/macbookpro/Desktop/Development/khmer-handwritten-word-recognition/data/handwritten_external/W005/lines_raw/W005_P001_L010.png,តើរឿងទុំទាវបានបង្ហាញពីលក្ខណៈជាតិខ្មែរយ៉ាងដូចម្ដេច?,50,True,1182,36,48.0171,0.996193,review,transcription_not_human_verified,W005
W006_P001_L005,lines_raw/W006_P001_L005.png,page_001.png,W006,280,342,598,383,សេចក្តីអធិប្បាយ,,1.0,0.95,False,verified,Verified character-by-character line crop transcription,,data/handwritten_external/W006/line_metadata.csv,6,/Users/macbookpro/Desktop/Development/khmer-handwritten-word-recognition/data/handwritten_external/W006/lines_raw/W006_P001_L005.png,សេចក្តីអធិប្បាយ,15,True,318,41,57.534,0.428593,review,transcription_not_human_verified,W006
W007_P001_L005,lines_raw/W007_P001_L005.png,page_001.png,W007,453,302,1147,396,សេចក្តីអធិប្បាយ,,1.0,0.95,False,verified,Verified character-by-character line crop transcription,,data/handwritten_external/W007/line_metadata.csv,6,/Users/macbookpro/Desktop/Development/khmer-handwritten-word-recognition/data/handwritten_external/W007/lines_raw/W007_P001_L005.png,សេចក្តីអធិប្បាយ,15,True,694,94,25.8153,0.999985,review,transcription_not_human_verified,W007
W007_P001_L006,lines_raw/W007_P001_L006.png,page_001.png,W007,214,392,1147,475,អក្សរសិល្ប៍បានដើរតួនាទីយ៉ាងសំខាន់ក្នុងការបញ្ជាក់,,1.0,0.95,False,verified,Verified character-by-character line crop transcription,,data/handwritten_external/W007/line_metadata.csv,7,/Users/macbookpro/Desktop/Development/khmer-handwritten-word-recognition/data/handwritten_external/W007/lines_raw/W007_P001_L006.png,អក្សរសិល្ប៍បានដើរតួនាទីយ៉ាងសំខាន់ក្នុងការបញ្ជាក់,48,True,933,83,38.6489,0.997908,review,transcription_not_human_verified,W007
W007_P002_L005,lines_raw/W007_P002_L005.png,page_002.png,W007,15,400,1147,486,និងសាច់រឿងបញ្ជាក់ពីសម័យកាលក្នុងរស់នៅរបស់មនុស្ស,,1.0,0.95,False,verified,Verified character-by-character line crop transcription,,data/handwritten_external/W007/line_metadata.csv,27,/Users/macbookpro/Desktop/Development/khmer-handwritten-word-recognition/data/handwritten_external/W007/lines_raw/W007_P002_L005.png,និងសាច់រឿងបញ្ជាក់ពីសម័យកាលក្នុងរស់នៅរបស់មនុស្ស,46,True,1132,86,43.5413,0.957402,review,transcription_not_human_verified,W007
W008_P001_L003,lines_raw/W008_P001_L003.png,page_001.png,W008,295,175,839,234,សេចក្តីអធិប្បាយ,,1.0,0.95,False,verified,Verified character-by-character line crop transcription,,data/handwritten_external/W008/line_metadata.csv,4,/Users/macbookpro/Desktop/Development/khmer-handwritten-word-recognition/data/handwritten_external/W008/lines_raw/W008_P001_L003.png,សេចក្តីអធិប្បាយ,15,True,544,59,40.4952,0.915909,review,transcription_not_human_verified,W008
W009_P001_L004,lines_raw/W009_P001_L004.png,page_001.png,W009,400,210,760,268,សេចក្តីអធិប្បាយ,,1.0,0.95,False,verified,Verified character-by-character line crop transcription,,data/handwritten_external/W009/line_metadata.csv,5,/Users/macbookpro/Desktop/Development/khmer-handwritten-word-recognition/data/handwritten_external/W009/lines_raw/W009_P001_L004.png,សេចក្តីអធិប្បាយ,15,True,360,58,69.2623,0.317864,review,transcription_not_human_verified,W009
W009_P001_L011,lines_raw/W009_P001_L011.png,page_001.png,W009,120,633,1271,697,ដើម្បីបានជាចក្ខុវិស័យយល់នូវអត្ថន័យនៃទស្សនៈខាងលើឱ្យបានកាន់តែ,,1.0,0.95,False,verified,Verified character-by-character line crop transcription,,data/handwritten_external/W009/line_metadata.csv,12,/Users/macbookpro/Desktop/Development/khmer-handwritten-word-recognition/data/handwritten_external/W009/lines_raw/W009_P001_L011.png,ដើម្បីបានជាចក្ខុវិស័យយល់នូវអត្ថន័យនៃទស្សនៈខាងលើឱ្យបានកាន់តែ,59,True,1151,64,65.6416,0.248968,review,transcription_not_human_verified,W009
W001_P002_L004,lines_raw/W001_P002_L004.png,page_002.png,W001,84,313,688,342,,,0.0,0.95,True,pending,Line crop; human transcription required,,data/handwritten_external/W001/line_metadata.csv,30,/Users/macbookpro/Desktop/Development/khmer-handwritten-word-recognition/data/handwritten_external/W001/lines_raw/W001_P002_L004.png,,0,True,604,29,47.8719,0.280886,review,transcription_required,W001
W001_P002_L005,lines_raw/W001_P002_L005.png,page_002.png,W001,84,338,688,368,,,0.0,0.95,True,pending,Line crop; human transcription required,,data/handwritten_external/W001/line_metadata.csv,31,/Users/macbookpro/Desktop/Development/khmer-handwritten-word-recognition/data/handwritten_external/W001/lines_raw/W001_P002_L005.png,,0,True,604,30,49.1969,0.307064,review,transcription_required,W001
W001_P002_L006,lines_raw/W001_P002_L006.png,page_002.png,W001,85,364,688,393,,,0.0,0.95,True,pending,Line crop; human transcription required,,data/handwritten_external/W001/line_metadata.csv,32,/Users/macbookpro/Desktop/Development/khmer-handwritten-word-recognition/data/handwritten_external/W001/lines_raw/W001_P002_L006.png,,0,True,603,29,49.1662,0.283868,review,transcription_required,W001
W001_P002_L007,lines_raw/W001_P002_L007.png,page_002.png,W001,85,389,688,419,,,0.0,0.95,True,pending,Line crop; human transcription required,,data/handwritten_external/W001/line_metadata.csv,33,/Users/macbookpro/Desktop/Development/khmer-handwritten-word-recognition/data/handwritten_external/W001/lines_raw/W001_P002_L007.png,,0,True,603,30,50.6875,0.286622,review,transcription_required,W001
W001_P002_L008,lines_raw/W001_P002_L008.png,page_002.png,W001,83,415,688,444,,,0.0,0.95,True,pending,Line crop; human transcription required,,data/handwritten_external/W001/line_metadata.csv,34,/Users/macbookpro/Desktop/Development/khmer-handwritten-word-recognition/data/handwritten_external/W001/lines_raw/W001_P002_L008.png,,0,True,605,29,48.478,0.279567,review,transcription_required,W001
W001_P002_L009,lines_raw/W001_P002_L009.png,page_002.png,W001,81,440,688,470,,,0.0,0.95,True,pending,Line crop; human transcription required,,data/handwritten_external/W001/line_metadata.csv,35,/Users/macbookpro/Desktop/Development/khmer-handwritten-word-recognition/data/handwritten_external/W001/lines_raw/W001_P002_L009.png,,0,True,607,30,47.5958,0.259583,review,transcription_required,W001
W001_P002_L010,lines_raw/W001_P002_L010.png,page_002.png,W001,83,466,688,495,,,0.0,0.95,True,pending,Line crop; human transcription required,,data/handwritten_external/W001/line_metadata.csv,36,/Users/macbookpro/Desktop/Development/khmer-handwritten-word-recognition/data/handwritten_external/W001/lines_raw/W001_P002_L010.png,,0,True,605,29,50.2956,0.286805,review,transcription_required,W001
W001_P002_L011,lines_raw/W001_P002_L011.png,page_002.png,W001,83,491,688,520,,,0.0,0.95,True,pending,Line crop; human transcription required,,data/handwritten_external/W001/line_metadata.csv,37,/Users/macbookpro/Desktop/Development/khmer-handwritten-word-recognition/data/handwritten_external/W001/lines_raw/W001_P002_L011.png,,0,True,605,29,48.1209,0.273069,review,transcription_required,W001
W001_P002_L012,lines_raw/W001_P002_L012.png,page_002.png,W001,82,516,688,546,,,0.0,0.95,True,pending,Line crop; human transcription required,,data/handwritten_external/W001/line_metadata.csv,38,/Users/macbookpro/Desktop/Development/khmer-handwritten-word-recognition/data/handwritten_external/W001/lines_raw/W001_P002_L012.png,,0,True,606,30,50.8201,0.291364,review,transcription_required,W001
W001_P002_L013,lines_raw/W001_P002_L013.png,page_002.png,W001,81,542,688,571,,,0.0,0.95,True,pending,Line crop; human transcription required,,data/handwritten_external/W001/line_metadata.csv,39,/Users/macbookpro/Desktop/Development/khmer-handwritten-word-recognition/data/handwritten_external/W001/lines_raw/W001_P002_L013.png,,0,True,607,29,52.4693,0.286088,review,transcription_required,W001
W001_P002_L014,lines_raw/W001_P002_L014.png,page_002.png,W001,84,567,688,596,,,0.0,0.95,True,pending,Line crop; human transcription required,,data/handwritten_external/W001/line_metadata.csv,40,/Users/macbookpro/Desktop/Development/khmer-handwritten-word-recognition/data/handwritten_external/W001/lines_raw/W001_P002_L014.png,,0,True,604,29,50.6175,0.274206,review,transcription_required,W001
W001_P002_L015,lines_raw/W001_P002_L015.png,page_002.png,W001,83,592,688,621,,,0.0,0.95,True,pending,Line crop; human transcription required,,data/handwritten_external/W001/line_metadata.csv,41,/Users/macbookpro/Desktop/Development/khmer-handwritten-word-recognition/data/handwritten_external/W001/lines_raw/W001_P002_L015.png,,0,True,605,29,48.3187,0.274266,review,transcription_required,W001
W001_P002_L016,lines_raw/W001_P002_L016.png,page_002.png,W001,83,617,688,646,,,0.0,0.95,True,pending,Line crop; human transcription required,,data/handwritten_external/W001/line_metadata.csv,42,/Users/macbookpro/Desktop/Development/khmer-handwritten-word-recognition/data/handwritten_external/W001/lines_raw/W001_P002_L016.png,,0,True,605,29,51.5371,0.277116,review,transcription_required,W001
W001_P002_L017,lines_raw/W001_P002_L017.png,page_002.png,W001,82,642,688,672,,,0.0,0.95,True,pending,Line crop; human transcription required,,data/handwritten_external/W001/line_metadata.csv,43,/Users/macbookpro/Desktop/Development/khmer-handwritten-word-recognition/data/handwritten_external/W001/lines_raw/W001_P002_L017.png,,0,True,606,30,50.2194,0.271452,review,transcription_required,W001
W001_P002_L018,lines_raw/W001_P002_L018.png,page_002.png,W001,81,668,688,697,,,0.0,0.95,True,pending,Line crop; human transcription required,,data/handwritten_external/W001/line_metadata.csv,44,/Users/macbookpro/Desktop/Development/khmer-handwritten-word-recognition/data/handwritten_external/W001/lines_raw/W001_P002_L018.png,,0,True,607,29,51.744,0.287849,review,transcription_required,W001
W001_P002_L019,lines_raw/W001_P002_L019.png,page_002.png,W001,81,693,688,721,,,0.0,0.95,True,pending,Line crop; human transcription required,,data/handwritten_external/W001/line_metadata.csv,45,/Users/macbookpro/Desktop/Development/khmer-handwritten-word-recognition/data/handwritten_external/W001/lines_raw/W001_P002_L019.png,,0,True,607,28,51.4594,0.269063,review,transcription_required,W001
W001_P002_L020,lines_raw/W001_P002_L020.png,page_002.png,W001,127,717,688,747,,,0.0,0.95,True,pending,Line crop; human transcription required,,data/handwritten_external/W001/line_metadata.csv,46,/Users/macbookpro/Desktop/Development/khmer-handwritten-word-recognition/data/handwritten_external/W001/lines_raw/W001_P002_L020.png,,0,True,561,30,49.551,0.25104,review,transcription_required,W001
W001_P002_L021,lines_raw/W001_P002_L021.png,page_002.png,W001,81,743,688,772,,,0.0,0.95,True,pending,Line crop; human transcription required,,data/handwritten_external/W001/line_metadata.csv,47,/Users/macbookpro/Desktop/Development/khmer-handwritten-word-recognition/data/handwritten_external/W001/lines_raw/W001_P002_L021.png,,0,True,607,29,49.7434,0.264955,review,transcription_required,W001
W001_P002_L022,lines_raw/W001_P002_L022.png,page_002.png,W001,81,768,688,796,,,0.0,0.95,True,pending,Line crop; human transcription required,,data/handwritten_external/W001/line_metadata.csv,48,/Users/macbookpro/Desktop/Development/khmer-handwritten-word-recognition/data/handwritten_external/W001/lines_raw/W001_P002_L022.png,,0,True,607,28,51.3181,0.26265,review,transcription_required,W001
W001_P002_L023,lines_raw/W001_P002_L023.png,page_002.png,W001,134,792,688,821,,,0.0,0.95,True,pending,Line crop; human transcription required,,data/handwritten_external/W001/line_metadata.csv,49,/Users/macbookpro/Desktop/Development/khmer-handwritten-word-recognition/data/handwritten_external/W001/lines_raw/W001_P002_L023.png,,0,True,554,29,49.782,0.252396,review,transcription_required,W001
W001_P002_L024,lines_raw/W001_P002_L024.png,page_002.png,W001,81,817,688,846,,,0.0,0.95,True,pending,Line crop; human transcription required,,data/handwritten_external/W001/line_metadata.csv,50,/Users/macbookpro/Desktop/Development/khmer-handwritten-word-recognition/data/handwritten_external/W001/lines_raw/W001_P002_L024.png,,0,True,607,29,50.7716,0.262853,review,transcription_required,W001
W001_P002_L025,lines_raw/W001_P002_L025.png,page_002.png,W001,105,842,688,871,,,0.0,0.95,True,pending,Line crop; human transcription required,,data/handwritten_external/W001/line_metadata.csv,51,/Users/macbookpro/Desktop/Development/khmer-handwritten-word-recognition/data/handwritten_external/W001/lines_raw/W001_P002_L025.png,,0,True,583,29,49.841,0.246998,review,transcription_required,W001
W001_P002_L026,lines_raw/W001_P002_L026.png,page_002.png,W001,81,867,688,896,,,0.0,0.95,True,pending,Line crop; human transcription required,,data/handwritten_external/W001/line_metadata.csv,52,/Users/macbookpro/Desktop/Development/khmer-handwritten-word-recognition/data/handwritten_external/W001/lines_raw/W001_P002_L026.png,,0,True,607,29,50.4364,0.243424,review,transcription_required,W001
W001_P002_L027,lines_raw/W001_P002_L027.png,page_002.png,W001,81,892,688,921,,,0.0,0.95,True,pending,Line crop; human transcription required,,data/handwritten_external/W001/line_metadata.csv,53,/Users/macbookpro/Desktop/Development/khmer-handwritten-word-recognition/data/handwritten_external/W001/lines_raw/W001_P002_L027.png,,0,True,607,29,51.378,0.27251,review,transcription_required,W001
W001_P002_L028,lines_raw/W001_P002_L028.png,page_002.png,W001,107,917,668,945,,,0.0,0.95,True,pending,Line crop; human transcription required,,data/handwritten_external/W001/line_metadata.csv,54,/Users/macbookpro/Desktop/Development/khmer-handwritten-word-recognition/data/handwritten_external/W001/lines_raw/W001_P002_L028.png,,0,True,561,28,51.0726,0.271263,review,transcription_required,W001
W001_P002_L029,lines_raw/W001_P002_L029.png,page_002.png,W001,81,941,688,971,,,0.0,0.95,True,pending,Line crop; human transcription required,,data/handwritten_external/W001/line_metadata.csv,55,/Users/macbookpro/Desktop/Development/khmer-handwritten-word-recognition/data/handwritten_external/W001/lines_raw/W001_P002_L029.png,,0,True,607,30,51.2712,0.259528,review,transcription_required,W001
W001_P002_L030,lines_raw/W001_P002_L030.png,page_002.png,W001,81,967,688,1009,,,0.0,0.95,True,pending,Line crop; human transcription required,,data/handwritten_external/W001/line_metadata.csv,56,/Users/macbookpro/Desktop/Development/khmer-handwritten-word-recognition/data/handwritten_external/W001/lines_raw/W001_P002_L030.png,,0,True,607,42,46.932,0.197654,review,transcription_required,W001
W001_P003_L001,lines_raw/W001_P003_L001.png,page_003.png,W001,81,237,688,270,,,0.0,0.95,True,pending,Line crop; human transcription required,,data/handwritten_external/W001/line_metadata.csv,57,/Users/macbookpro/Desktop/Development/khmer-handwritten-word-recognition/data/handwritten_external/W001/lines_raw/W001_P003_L001.png,,0,True,607,33,48.448,0.230792,review,transcription_required,W001
W001_P003_L002,lines_raw/W001_P003_L002.png,page_003.png,W001,100,266,677,295,,,0.0,0.95,True,pending,Line crop; human transcription required,,data/handwritten_external/W001/line_metadata.csv,58,/Users/macbookpro/Desktop/Development/khmer-handwritten-word-recognition/data/handwritten_external/W001/lines_raw/W001_P003_L002.png,,0,True,577,29,48.4691,0.247893,review,transcription_required,W001
W001_P003_L003,lines_raw/W001_P003_L003.png,page_003.png,W001,124,291,688,320,,,0.0,0.95,True,pending,Line crop; human transcription required,,data/handwritten_external/W001/line_metadata.csv,59,/Users/macbookpro/Desktop/Development/khmer-handwritten-word-recognition/data/handwritten_external/W001/lines_raw/W001_P003_L003.png,,0,True,564,29,49.8067,0.252018,review,transcription_required,W001
W001_P003_L004,lines_raw/W001_P003_L004.png,page_003.png,W001,81,316,688,347,,,0.0,0.95,True,pending,Line crop; human transcription required,,data/handwritten_external/W001/line_metadata.csv,60,/Users/macbookpro/Desktop/Development/khmer-handwritten-word-recognition/data/handwritten_external/W001/lines_raw/W001_P003_L004.png,,0,True,607,31,49.7099,0.259393,review,transcription_required,W001
W001_P003_L005,lines_raw/W001_P003_L005.png,page_003.png,W001,81,343,688,372,,,0.0,0.95,True,pending,Line crop; human transcription required,,data/handwritten_external/W001/line_metadata.csv,61,/Users/macbookpro/Desktop/Development/khmer-handwritten-word-recognition/data/handwritten_external/W001/lines_raw/W001_P003_L005.png,,0,True,607,29,51.0353,0.268988,review,transcription_required,W001
W001_P003_L006,lines_raw/W001_P003_L006.png,page_003.png,W001,81,368,688,397,,,0.0,0.95,True,pending,Line crop; human transcription required,,data/handwritten_external/W001/line_metadata.csv,62,/Users/macbookpro/Desktop/Development/khmer-handwritten-word-recognition/data/handwritten_external/W001/lines_raw/W001_P003_L006.png,,0,True,607,29,51.8912,0.268704,review,transcription_required,W001
W001_P003_L007,lines_raw/W001_P003_L007.png,page_003.png,W001,81,393,688,423,,,0.0,0.95,True,pending,Line crop; human transcription required,,data/handwritten_external/W001/line_metadata.csv,63,/Users/macbookpro/Desktop/Development/khmer-handwritten-word-recognition/data/handwritten_external/W001/lines_raw/W001_P003_L007.png,,0,True,607,30,50.6393,0.257111,review,transcription_required,W001
W001_P003_L008,lines_raw/W001_P003_L008.png,page_003.png,W001,81,419,688,449,,,0.0,0.95,True,pending,Line crop; human transcription required,,data/handwritten_external/W001/line_metadata.csv,64,/Users/macbookpro/Desktop/Development/khmer-handwritten-word-recognition/data/handwritten_external/W001/lines_raw/W001_P003_L008.png,,0,True,607,30,49.0818,0.236628,review,transcription_required,W001
W001_P003_L009,lines_raw/W001_P003_L009.png,page_003.png,W001,81,445,688,474,,,0.0,0.95,True,pending,Line crop; human transcription required,,data/handwritten_external/W001/line_metadata.csv,65,/Users/macbookpro/Desktop/Development/khmer-handwritten-word-recognition/data/handwritten_external/W001/lines_raw/W001_P003_L009.png,,0,True,607,29,48.7927,0.232688,review,transcription_required,W001
W001_P003_L010,lines_raw/W001_P003_L010.png,page_003.png,W001,81,470,688,500,,,0.0,0.95,True,pending,Line crop; human transcription required,,data/handwritten_external/W001/line_metadata.csv,66,/Users/macbookpro/Desktop/Development/khmer-handwritten-word-recognition/data/handwritten_external/W001/lines_raw/W001_P003_L010.png,,0,True,607,30,49.9252,0.24827,review,transcription_required,W001
W001_P003_L011,lines_raw/W001_P003_L011.png,page_003.png,W001,81,496,688,525,,,0.0,0.95,True,pending,Line crop; human transcription required,,data/handwritten_external/W001/line_metadata.csv,67,/Users/macbookpro/Desktop/Development/khmer-handwritten-word-recognition/data/handwritten_external/W001/lines_raw/W001_P003_L011.png,,0,True,607,29,52.2069,0.272738,review,transcription_required,W001
W001_P003_L012,lines_raw/W001_P003_L012.png,page_003.png,W001,81,521,688,551,,,0.0,0.95,True,pending,Line crop; human transcription required,,data/handwritten_external/W001/line_metadata.csv,68,/Users/macbookpro/Desktop/Development/khmer-handwritten-word-recognition/data/handwritten_external/W001/lines_raw/W001_P003_L012.png,,0,True,607,30,50.5217,0.258265,review,transcription_required,W001
W001_P003_L013,lines_raw/W001_P003_L013.png,page_003.png,W001,81,547,688,577,,,0.0,0.95,True,pending,Line crop; human transcription required,,data/handwritten_external/W001/line_metadata.csv,69,/Users/macbookpro/Desktop/Development/khmer-handwritten-word-recognition/data/handwritten_external/W001/lines_raw/W001_P003_L013.png,,0,True,607,30,52.9385,0.270621,review,transcription_required,W001
W001_P003_L014,lines_raw/W001_P003_L014.png,page_003.png,W001,81,573,688,602,,,0.0,0.95,True,pending,Line crop; human transcription required,,data/handwritten_external/W001/line_metadata.csv,70,/Users/macbookpro/Desktop/Development/khmer-handwritten-word-recognition/data/handwritten_external/W001/lines_raw/W001_P003_L014.png,,0,True,607,29,49.2372,0.243538,review,transcription_required,W001
W001_P003_L015,lines_raw/W001_P003_L015.png,page_003.png,W001,81,598,688,628,,,0.0,0.95,True,pending,Line crop; human transcription required,,data/handwritten_external/W001/line_metadata.csv,71,/Users/macbookpro/Desktop/Development/khmer-handwritten-word-recognition/data/handwritten_external/W001/lines_raw/W001_P003_L015.png,,0,True,607,30,50.3529,0.248929,review,transcription_required,W001
W001_P003_L016,lines_raw/W001_P003_L016.png,page_003.png,W001,81,624,688,653,,,0.0,0.95,True,pending,Line crop; human transcription required,,data/handwritten_external/W001/line_metadata.csv,72,/Users/macbookpro/Desktop/Development/khmer-handwritten-word-recognition/data/handwritten_external/W001/lines_raw/W001_P003_L016.png,,0,True,607,29,51.5916,0.254729,review,transcription_required,W001
W001_P003_L017,lines_raw/W001_P003_L017.png,page_003.png,W001,81,649,688,679,,,0.0,0.95,True,pending,Line crop; human transcription required,,data/handwritten_external/W001/line_metadata.csv,73,/Users/macbookpro/Desktop/Development/khmer-handwritten-word-recognition/data/handwritten_external/W001/lines_raw/W001_P003_L017.png,,0,True,607,30,50.5985,0.268149,review,transcription_required,W001
W001_P003_L018,lines_raw/W001_P003_L018.png,page_003.png,W001,81,675,669,704,,,0.0,0.95,True,pending,Line crop; human transcription required,,data/handwritten_external/W001/line_metadata.csv,74,/Users/macbookpro/Desktop/Development/khmer-handwritten-word-recognition/data/handwritten_external/W001/lines_raw/W001_P003_L018.png,,0,True,588,29,50.2893,0.25604,review,transcription_required,W001
W001_P003_L019,lines_raw/W001_P003_L019.png,page_003.png,W001,81,700,688,729,,,0.0,0.95,True,pending,Line crop; human transcription required,,data/handwritten_external/W001/line_metadata.csv,75,/Users/macbookpro/Desktop/Development/khmer-handwritten-word-recognition/data/handwritten_external/W001/lines_raw/W001_P003_L019.png,,0,True,607,29,51.9829,0.259501,review,transcription_required,W001
W001_P003_L020,lines_raw/W001_P003_L020.png,page_003.png,W001,81,725,688,753,,,0.0,0.95,True,pending,Line crop; human transcription required,,data/handwritten_external/W001/line_metadata.csv,76,/Users/macbookpro/Desktop/Development/khmer-handwritten-word-recognition/data/handwritten_external/W001/lines_raw/W001_P003_L020.png,,0,True,607,28,51.468,0.26065,review,transcription_required,W001
W001_P003_L021,lines_raw/W001_P003_L021.png,page_003.png,W001,81,749,681,779,,,0.0,0.95,True,pending,Line crop; human transcription required,,data/handwritten_external/W001/line_metadata.csv,77,/Users/macbookpro/Desktop/Development/khmer-handwritten-word-recognition/data/handwritten_external/W001/lines_raw/W001_P003_L021.png,,0,True,600,30,51.4016,0.249389,review,transcription_required,W001
W001_P003_L022,lines_raw/W001_P003_L022.png,page_003.png,W001,81,775,688,805,,,0.0,0.95,True,pending,Line crop; human transcription required,,data/handwritten_external/W001/line_metadata.csv,78,/Users/macbookpro/Desktop/Development/khmer-handwritten-word-recognition/data/handwritten_external/W001/lines_raw/W001_P003_L022.png,,0,True,607,30,48.977,0.239209,review,transcription_required,W001
W001_P003_L023,lines_raw/W001_P003_L023.png,page_003.png,W001,81,801,688,829,,,0.0,0.95,True,pending,Line crop; human transcription required,,data/handwritten_external/W001/line_metadata.csv,79,/Users/macbookpro/Desktop/Development/khmer-handwritten-word-recognition/data/handwritten_external/W001/lines_raw/W001_P003_L023.png,,0,True,607,28,48.8996,0.235467,review,transcription_required,W001
W001_P003_L024,lines_raw/W001_P003_L024.png,page_003.png,W001,81,825,688,854,,,0.0,0.95,True,pending,Line crop; human transcription required,,data/handwritten_external/W001/line_metadata.csv,80,/Users/macbookpro/Desktop/Development/khmer-handwritten-word-recognition/data/handwritten_external/W001/lines_raw/W001_P003_L024.png,,0,True,607,29,51.1018,0.256604,review,transcription_required,W001
W001_P003_L025,lines_raw/W001_P003_L025.png,page_003.png,W001,81,850,685,879,,,0.0,0.95,True,pending,Line crop; human transcription required,,data/handwritten_external/W001/line_metadata.csv,81,/Users/macbookpro/Desktop/Development/khmer-handwritten-word-recognition/data/handwritten_external/W001/lines_raw/W001_P003_L025.png,,0,True,604,29,50.2516,0.250114,review,transcription_required,W001
W001_P003_L026,lines_raw/W001_P003_L026.png,page_003.png,W001,81,875,688,905,,,0.0,0.95,True,pending,Line crop; human transcription required,,data/handwritten_external/W001/line_metadata.csv,82,/Users/macbookpro/Desktop/Development/khmer-handwritten-word-recognition/data/handwritten_external/W001/lines_raw/W001_P003_L026.png,,0,True,607,30,50.9712,0.251455,review,transcription_required,W001
W001_P003_L027,lines_raw/W001_P003_L027.png,page_003.png,W001,81,901,688,929,,,0.0,0.95,True,pending,Line crop; human transcription required,,data/handwritten_external/W001/line_metadata.csv,83,/Users/macbookpro/Desktop/Development/khmer-handwritten-word-recognition/data/handwritten_external/W001/lines_raw/W001_P003_L027.png,,0,True,607,28,53.8874,0.277124,review,transcription_required,W001
W001_P003_L028,lines_raw/W001_P003_L028.png,page_003.png,W001,81,925,688,953,,,0.0,0.95,True,pending,Line crop; human transcription required,,data/handwritten_external/W001/line_metadata.csv,84,/Users/macbookpro/Desktop/Development/khmer-handwritten-word-recognition/data/handwritten_external/W001/lines_raw/W001_P003_L028.png,,0,True,607,28,51.979,0.276006,review,transcription_required,W001
W001_P003_L029,lines_raw/W001_P003_L029.png,page_003.png,W001,81,949,688,979,,,0.0,0.95,True,pending,Line crop; human transcription required,,data/handwritten_external/W001/line_metadata.csv,85,/Users/macbookpro/Desktop/Development/khmer-handwritten-word-recognition/data/handwritten_external/W001/lines_raw/W001_P003_L029.png,,0,True,607,30,50.8174,0.227348,review,transcription_required,W001
W001_P003_L030,lines_raw/W001_P003_L030.png,page_003.png,W001,81,975,661,1010,,,0.0,0.95,True,pending,Line crop; human transcription required,,data/handwritten_external/W001/line_metadata.csv,86,/Users/macbookpro/Desktop/Development/khmer-handwritten-word-recognition/data/handwritten_external/W001/lines_raw/W001_P003_L030.png,,0,True,580,35,46.748,0.199163,review,transcription_required,W001
W001_P004_L001,lines_raw/W001_P004_L001.png,page_004.png,W001,81,234,688,267,,,0.0,0.95,True,pending,Line crop; human transcription required,,data/handwritten_external/W001/line_metadata.csv,87,/Users/macbookpro/Desktop/Development/khmer-handwritten-word-recognition/data/handwritten_external/W001/lines_raw/W001_P004_L001.png,,0,True,607,33,49.0147,0.235535,review,transcription_required,W001
W001_P004_L002,lines_raw/W001_P004_L002.png,page_004.png,W001,124,263,688,292,,,0.0,0.95,True,pending,Line crop; human transcription required,,data/handwritten_external/W001/line_metadata.csv,88,/Users/macbookpro/Desktop/Development/khmer-handwritten-word-recognition/data/handwritten_external/W001/lines_raw/W001_P004_L002.png,,0,True,564,29,51.227,0.26822,review,transcription_required,W001
W001_P004_L003,lines_raw/W001_P004_L003.png,page_004.png,W001,81,288,688,318,,,0.0,0.95,True,pending,Line crop; human transcription required,,data/handwritten_external/W001/line_metadata.csv,89,/Users/macbookpro/Desktop/Development/khmer-handwritten-word-recognition/data/handwritten_external/W001/lines_raw/W001_P004_L003.png,,0,True,607,30,49.8404,0.241131,review,transcription_required,W001
W001_P004_L004,lines_raw/W001_P004_L004.png,page_004.png,W001,82,314,688,343,,,0.0,0.95,True,pending,Line crop; human transcription required,,data/handwritten_external/W001/line_metadata.csv,90,/Users/macbookpro/Desktop/Development/khmer-handwritten-word-recognition/data/handwritten_external/W001/lines_raw/W001_P004_L004.png,,0,True,606,29,52.8498,0.26579,review,transcription_required,W001
W001_P004_L005,lines_raw/W001_P004_L005.png,page_004.png,W001,81,339,688,369,,,0.0,0.95,True,pending,Line crop; human transcription required,,data/handwritten_external/W001/line_metadata.csv,91,/Users/macbookpro/Desktop/Development/khmer-handwritten-word-recognition/data/handwritten_external/W001/lines_raw/W001_P004_L005.png,,0,True,607,30,52.2777,0.262328,review,transcription_required,W001
W001_P004_L006,lines_raw/W001_P004_L006.png,page_004.png,W001,81,365,688,394,,,0.0,0.95,True,pending,Line crop; human transcription required,,data/handwritten_external/W001/line_metadata.csv,92,/Users/macbookpro/Desktop/Development/khmer-handwritten-word-recognition/data/handwritten_external/W001/lines_raw/W001_P004_L006.png,,0,True,607,29,51.5467,0.25098,review,transcription_required,W001
W001_P004_L007,lines_raw/W001_P004_L007.png,page_004.png,W001,81,390,688,419,,,0.0,0.95,True,pending,Line crop; human transcription required,,data/handwritten_external/W001/line_metadata.csv,93,/Users/macbookpro/Desktop/Development/khmer-handwritten-word-recognition/data/handwritten_external/W001/lines_raw/W001_P004_L007.png,,0,True,607,29,51.2561,0.270238,review,transcription_required,W001
W001_P004_L008,lines_raw/W001_P004_L008.png,page_004.png,W001,81,415,688,445,,,0.0,0.95,True,pending,Line crop; human transcription required,,data/handwritten_external/W001/line_metadata.csv,94,/Users/macbookpro/Desktop/Development/khmer-handwritten-word-recognition/data/handwritten_external/W001/lines_raw/W001_P004_L008.png,,0,True,607,30,51.2113,0.258045,review,transcription_required,W001
W001_P004_L009,lines_raw/W001_P004_L009.png,page_004.png,W001,81,441,688,471,,,0.0,0.95,True,pending,Line crop; human transcription required,,data/handwritten_external/W001/line_metadata.csv,95,/Users/macbookpro/Desktop/Development/khmer-handwritten-word-recognition/data/handwritten_external/W001/lines_raw/W001_P004_L009.png,,0,True,607,30,49.7067,0.242065,review,transcription_required,W001
W001_P004_L010,lines_raw/W001_P004_L010.png,page_004.png,W001,81,467,688,497,,,0.0,0.95,True,pending,Line crop; human transcription required,,data/handwritten_external/W001/line_metadata.csv,96,/Users/macbookpro/Desktop/Development/khmer-handwritten-word-recognition/data/handwritten_external/W001/lines_raw/W001_P004_L010.png,,0,True,607,30,51.0815,0.263756,review,transcription_required,W001
W001_P004_L011,lines_raw/W001_P004_L011.png,page_004.png,W001,96,493,688,522,,,0.0,0.95,True,pending,Line crop; human transcription required,,data/handwritten_external/W001/line_metadata.csv,97,/Users/macbookpro/Desktop/Development/khmer-handwritten-word-recognition/data/handwritten_external/W001/lines_raw/W001_P004_L011.png,,0,True,592,29,50.7607,0.253437,review,transcription_required,W001
W001_P004_L012,lines_raw/W001_P004_L012.png,page_004.png,W001,83,518,688,547,,,0.0,0.95,True,pending,Line crop; human transcription required,,data/handwritten_external/W001/line_metadata.csv,98,/Users/macbookpro/Desktop/Development/khmer-handwritten-word-recognition/data/handwritten_external/W001/lines_raw/W001_P004_L012.png,,0,True,605,29,50.8401,0.268225,review,transcription_required,W001
W001_P004_L013,lines_raw/W001_P004_L013.png,page_004.png,W001,82,543,688,573,,,0.0,0.95,True,pending,Line crop; human transcription required,,data/handwritten_external/W001/line_metadata.csv,99,/Users/macbookpro/Desktop/Development/khmer-handwritten-word-recognition/data/handwritten_external/W001/lines_raw/W001_P004_L013.png,,0,True,606,30,51.3864,0.252145,review,transcription_required,W001
W001_P004_L014,lines_raw/W001_P004_L014.png,page_004.png,W001,127,569,688,598,,,0.0,0.95,True,pending,Line crop; human transcription required,,data/handwritten_external/W001/line_metadata.csv,100,/Users/macbookpro/Desktop/Development/khmer-handwritten-word-recognition/data/handwritten_external/W001/lines_raw/W001_P004_L014.png,,0,True,561,29,52.2538,0.270146,review,transcription_required,W001
W001_P004_L015,lines_raw/W001_P004_L015.png,page_004.png,W001,107,594,688,624,,,0.0,0.95,True,pending,Line crop; human transcription required,,data/handwritten_external/W001/line_metadata.csv,101,/Users/macbookpro/Desktop/Development/khmer-handwritten-word-recognition/data/handwritten_external/W001/lines_raw/W001_P004_L015.png,,0,True,581,30,52.889,0.283592,review,transcription_required,W001
W001_P004_L016,lines_raw/W001_P004_L016.png,page_004.png,W001,86,620,688,649,,,0.0,0.95,True,pending,Line crop; human transcription required,,data/handwritten_external/W001/line_metadata.csv,102,/Users/macbookpro/Desktop/Development/khmer-handwritten-word-recognition/data/handwritten_external/W001/lines_raw/W001_P004_L016.png,,0,True,602,29,55.8711,0.28348,review,transcription_required,W001
W001_P004_L017,lines_raw/W001_P004_L017.png,page_004.png,W001,81,645,688,674,,,0.0,0.95,True,pending,Line crop; human transcription required,,data/handwritten_external/W001/line_metadata.csv,103,/Users/macbookpro/Desktop/Development/khmer-handwritten-word-recognition/data/handwritten_external/W001/lines_raw/W001_P004_L017.png,,0,True,607,29,53.2892,0.268931,review,transcription_required,W001
W001_P004_L018,lines_raw/W001_P004_L018.png,page_004.png,W001,81,670,688,699,,,0.0,0.95,True,pending,Line crop; human transcription required,,data/handwritten_external/W001/line_metadata.csv,104,/Users/macbookpro/Desktop/Development/khmer-handwritten-word-recognition/data/handwritten_external/W001/lines_raw/W001_P004_L018.png,,0,True,607,29,51.9041,0.266034,review,transcription_required,W001
W001_P004_L019,lines_raw/W001_P004_L019.png,page_004.png,W001,81,695,688,724,,,0.0,0.95,True,pending,Line crop; human transcription required,,data/handwritten_external/W001/line_metadata.csv,105,/Users/macbookpro/Desktop/Development/khmer-handwritten-word-recognition/data/handwritten_external/W001/lines_raw/W001_P004_L019.png,,0,True,607,29,52.2615,0.26149,review,transcription_required,W001
W001_P004_L020,lines_raw/W001_P004_L020.png,page_004.png,W001,81,720,688,750,,,0.0,0.95,True,pending,Line crop; human transcription required,,data/handwritten_external/W001/line_metadata.csv,106,/Users/macbookpro/Desktop/Development/khmer-handwritten-word-recognition/data/handwritten_external/W001/lines_raw/W001_P004_L020.png,,0,True,607,30,51.9002,0.252499,review,transcription_required,W001
W001_P004_L021,lines_raw/W001_P004_L021.png,page_004.png,W001,81,746,688,775,,,0.0,0.95,True,pending,Line crop; human transcription required,,data/handwritten_external/W001/line_metadata.csv,107,/Users/macbookpro/Desktop/Development/khmer-handwritten-word-recognition/data/handwritten_external/W001/lines_raw/W001_P004_L021.png,,0,True,607,29,52.7563,0.270977,review,transcription_required,W001
W001_P004_L022,lines_raw/W001_P004_L022.png,page_004.png,W001,81,771,688,799,,,0.0,0.95,True,pending,Line crop; human transcription required,,data/handwritten_external/W001/line_metadata.csv,108,/Users/macbookpro/Desktop/Development/khmer-handwritten-word-recognition/data/handwritten_external/W001/lines_raw/W001_P004_L022.png,,0,True,607,28,54.8279,0.286538,review,transcription_required,W001
W001_P004_L023,lines_raw/W001_P004_L023.png,page_004.png,W001,81,795,688,824,,,0.0,0.95,True,pending,Line crop; human transcription required,,data/handwritten_external/W001/line_metadata.csv,109,/Users/macbookpro/Desktop/Development/khmer-handwritten-word-recognition/data/handwritten_external/W001/lines_raw/W001_P004_L023.png,,0,True,607,29,54.7721,0.289837,review,transcription_required,W001
W001_P004_L024,lines_raw/W001_P004_L024.png,page_004.png,W001,81,820,688,849,,,0.0,0.95,True,pending,Line crop; human transcription required,,data/handwritten_external/W001/line_metadata.csv,110,/Users/macbookpro/Desktop/Development/khmer-handwritten-word-recognition/data/handwritten_external/W001/lines_raw/W001_P004_L024.png,,0,True,607,29,54.2864,0.283645,review,transcription_required,W001
W001_P004_L025,lines_raw/W001_P004_L025.png,page_004.png,W001,113,845,688,874,,,0.0,0.95,True,pending,Line crop; human transcription required,,data/handwritten_external/W001/line_metadata.csv,111,/Users/macbookpro/Desktop/Development/khmer-handwritten-word-recognition/data/handwritten_external/W001/lines_raw/W001_P004_L025.png,,0,True,575,29,53.1581,0.271844,review,transcription_required,W001
W001_P004_L026,lines_raw/W001_P004_L026.png,page_004.png,W001,81,870,688,899,,,0.0,0.95,True,pending,Line crop; human transcription required,,data/handwritten_external/W001/line_metadata.csv,112,/Users/macbookpro/Desktop/Development/khmer-handwritten-word-recognition/data/handwritten_external/W001/lines_raw/W001_P004_L026.png,,0,True,607,29,52.1284,0.255411,review,transcription_required,W001
W001_P004_L027,lines_raw/W001_P004_L027.png,page_004.png,W001,88,895,644,924,,,0.0,0.95,True,pending,Line crop; human transcription required,,data/handwritten_external/W001/line_metadata.csv,113,/Users/macbookpro/Desktop/Development/khmer-handwritten-word-recognition/data/handwritten_external/W001/lines_raw/W001_P004_L027.png,,0,True,556,29,53.0243,0.268482,review,transcription_required,W001
W001_P004_L028,lines_raw/W001_P004_L028.png,page_004.png,W001,81,920,688,949,,,0.0,0.95,True,pending,Line crop; human transcription required,,data/handwritten_external/W001/line_metadata.csv,114,/Users/macbookpro/Desktop/Development/khmer-handwritten-word-recognition/data/handwritten_external/W001/lines_raw/W001_P004_L028.png,,0,True,607,29,48.9676,0.23746,review,transcription_required,W001
W001_P004_L029,lines_raw/W001_P004_L029.png,page_004.png,W001,81,945,688,974,,,0.0,0.95,True,pending,Line crop; human transcription required,,data/handwritten_external/W001/line_metadata.csv,115,/Users/macbookpro/Desktop/Development/khmer-handwritten-word-recognition/data/handwritten_external/W001/lines_raw/W001_P004_L029.png,,0,True,607,29,53.5295,0.270238,review,transcription_required,W001
W001_P004_L030,lines_raw/W001_P004_L030.png,page_004.png,W001,83,970,663,999,,,0.0,0.95,True,pending,Line crop; human transcription required,,data/handwritten_external/W001/line_metadata.csv,116,/Users/macbookpro/Desktop/Development/khmer-handwritten-word-recognition/data/handwritten_external/W001/lines_raw/W001_P004_L030.png,,0,True,580,29,52.1115,0.254459,review,transcription_required,W001
W001_P005_L001,lines_raw/W001_P005_L001.png,page_005.png,W001,105,225,688,258,,,0.0,0.95,True,pending,Line crop; human transcription required; inspect possible header or source-overlay contamination,,data/handwritten_external/W001/line_metadata.csv,117,/Users/macbookpro/Desktop/Development/khmer-handwritten-word-recognition/data/handwritten_external/W001/lines_raw/W001_P005_L001.png,,0,True,583,33,57.8267,0.247674,review,transcription_required,W001
W001_P005_L002,lines_raw/W001_P005_L002.png,page_005.png,W001,83,254,667,283,,,0.0,0.95,True,pending,Line crop; human transcription required,,data/handwritten_external/W001/line_metadata.csv,118,/Users/macbookpro/Desktop/Development/khmer-handwritten-word-recognition/data/handwritten_external/W001/lines_raw/W001_P005_L002.png,,0,True,584,29,59.8739,0.274445,review,transcription_required,W001
W001_P005_L003,lines_raw/W001_P005_L003.png,page_005.png,W001,84,279,688,308,,,0.0,0.95,True,pending,Line crop; human transcription required,,data/handwritten_external/W001/line_metadata.csv,119,/Users/macbookpro/Desktop/Development/khmer-handwritten-word-recognition/data/handwritten_external/W001/lines_raw/W001_P005_L003.png,,0,True,604,29,59.8996,0.263645,review,transcription_required,W001
W001_P005_L004,lines_raw/W001_P005_L004.png,page_005.png,W001,82,304,688,333,,,0.0,0.95,True,pending,Line crop; human transcription required,,data/handwritten_external/W001/line_metadata.csv,120,/Users/macbookpro/Desktop/Development/khmer-handwritten-word-recognition/data/handwritten_external/W001/lines_raw/W001_P005_L004.png,,0,True,606,29,62.1448,0.295607,review,transcription_required,W001
W001_P005_L005,lines_raw/W001_P005_L005.png,page_005.png,W001,84,329,688,358,,,0.0,0.95,True,pending,Line crop; human transcription required,,data/handwritten_external/W001/line_metadata.csv,121,/Users/macbookpro/Desktop/Development/khmer-handwritten-word-recognition/data/handwritten_external/W001/lines_raw/W001_P005_L005.png,,0,True,604,29,58.2012,0.266157,review,transcription_required,W001
W001_P005_L006,lines_raw/W001_P005_L006.png,page_005.png,W001,83,354,688,384,,,0.0,0.95,True,pending,Line crop; human transcription required,,data/handwritten_external/W001/line_metadata.csv,122,/Users/macbookpro/Desktop/Development/khmer-handwritten-word-recognition/data/handwritten_external/W001/lines_raw/W001_P005_L006.png,,0,True,605,30,58.122,0.25741,review,transcription_required,W001
W001_P005_L007,lines_raw/W001_P005_L007.png,page_005.png,W001,83,380,688,409,,,0.0,0.95,True,pending,Line crop; human transcription required,,data/handwritten_external/W001/line_metadata.csv,123,/Users/macbookpro/Desktop/Development/khmer-handwritten-word-recognition/data/handwritten_external/W001/lines_raw/W001_P005_L007.png,,0,True,605,29,60.3952,0.270675,review,transcription_required,W001
W001_P005_L008,lines_raw/W001_P005_L008.png,page_005.png,W001,82,405,688,434,,,0.0,0.95,True,pending,Line crop; human transcription required,,data/handwritten_external/W001/line_metadata.csv,124,/Users/macbookpro/Desktop/Development/khmer-handwritten-word-recognition/data/handwritten_external/W001/lines_raw/W001_P005_L008.png,,0,True,606,29,60.3676,0.290031,review,transcription_required,W001
W001_P005_L009,lines_raw/W001_P005_L009.png,page_005.png,W001,84,430,677,460,,,0.0,0.95,True,pending,Line crop; human transcription required,,data/handwritten_external/W001/line_metadata.csv,125,/Users/macbookpro/Desktop/Development/khmer-handwritten-word-recognition/data/handwritten_external/W001/lines_raw/W001_P005_L009.png,,0,True,593,30,61.3582,0.308488,review,transcription_required,W001
W001_P005_L010,lines_raw/W001_P005_L010.png,page_005.png,W001,82,456,688,485,,,0.0,0.95,True,pending,Line crop; human transcription required,,data/handwritten_external/W001/line_metadata.csv,126,/Users/macbookpro/Desktop/Development/khmer-handwritten-word-recognition/data/handwritten_external/W001/lines_raw/W001_P005_L010.png,,0,True,606,29,58.5371,0.290543,review,transcription_required,W001
W001_P005_L011,lines_raw/W001_P005_L011.png,page_005.png,W001,85,481,688,511,,,0.0,0.95,True,pending,Line crop; human transcription required,,data/handwritten_external/W001/line_metadata.csv,127,/Users/macbookpro/Desktop/Development/khmer-handwritten-word-recognition/data/handwritten_external/W001/lines_raw/W001_P005_L011.png,,0,True,603,30,54.7983,0.252349,review,transcription_required,W001
W001_P005_L012,lines_raw/W001_P005_L012.png,page_005.png,W001,85,507,688,537,,,0.0,0.95,True,pending,Line crop; human transcription required,,data/handwritten_external/W001/line_metadata.csv,128,/Users/macbookpro/Desktop/Development/khmer-handwritten-word-recognition/data/handwritten_external/W001/lines_raw/W001_P005_L012.png,,0,True,603,30,57.6475,0.280818,review,transcription_required,W001
W001_P005_L013,lines_raw/W001_P005_L013.png,page_005.png,W001,87,533,683,562,,,0.0,0.95,True,pending,Line crop; human transcription required,,data/handwritten_external/W001/line_metadata.csv,129,/Users/macbookpro/Desktop/Development/khmer-handwritten-word-recognition/data/handwritten_external/W001/lines_raw/W001_P005_L013.png,,0,True,596,29,60.9152,0.300798,review,transcription_required,W001
W001_P005_L014,lines_raw/W001_P005_L014.png,page_005.png,W001,90,558,688,588,,,0.0,0.95,True,pending,Line crop; human transcription required,,data/handwritten_external/W001/line_metadata.csv,130,/Users/macbookpro/Desktop/Development/khmer-handwritten-word-recognition/data/handwritten_external/W001/lines_raw/W001_P005_L014.png,,0,True,598,30,61.1082,0.28456,review,transcription_required,W001
W001_P005_L015,lines_raw/W001_P005_L015.png,page_005.png,W001,89,584,684,613,,,0.0,0.95,True,pending,Line crop; human transcription required,,data/handwritten_external/W001/line_metadata.csv,131,/Users/macbookpro/Desktop/Development/khmer-handwritten-word-recognition/data/handwritten_external/W001/lines_raw/W001_P005_L015.png,,0,True,595,29,60.1185,0.274239,review,transcription_required,W001
W001_P005_L016,lines_raw/W001_P005_L016.png,page_005.png,W001,88,609,688,638,,,0.0,0.95,True,pending,Line crop; human transcription required,,data/handwritten_external/W001/line_metadata.csv,132,/Users/macbookpro/Desktop/Development/khmer-handwritten-word-recognition/data/handwritten_external/W001/lines_raw/W001_P005_L016.png,,0,True,600,29,61.3273,0.280862,review,transcription_required,W001
W001_P005_L017,lines_raw/W001_P005_L017.png,page_005.png,W001,161,634,688,663,,,0.0,0.95,True,pending,Line crop; human transcription required,,data/handwritten_external/W001/line_metadata.csv,133,/Users/macbookpro/Desktop/Development/khmer-handwritten-word-recognition/data/handwritten_external/W001/lines_raw/W001_P005_L017.png,,0,True,527,29,59.9608,0.270562,review,transcription_required,W001
W001_P005_L018,lines_raw/W001_P005_L018.png,page_005.png,W001,87,659,688,688,,,0.0,0.95,True,pending,Line crop; human transcription required,,data/handwritten_external/W001/line_metadata.csv,134,/Users/macbookpro/Desktop/Development/khmer-handwritten-word-recognition/data/handwritten_external/W001/lines_raw/W001_P005_L018.png,,0,True,601,29,61.4873,0.286018,review,transcription_required,W001
W001_P005_L019,lines_raw/W001_P005_L019.png,page_005.png,W001,86,684,688,713,,,0.0,0.95,True,pending,Line crop; human transcription required,,data/handwritten_external/W001/line_metadata.csv,135,/Users/macbookpro/Desktop/Development/khmer-handwritten-word-recognition/data/handwritten_external/W001/lines_raw/W001_P005_L019.png,,0,True,602,29,58.8573,0.259766,review,transcription_required,W001
W001_P005_L020,lines_raw/W001_P005_L020.png,page_005.png,W001,90,709,688,738,,,0.0,0.95,True,pending,Line crop; human transcription required,,data/handwritten_external/W001/line_metadata.csv,136,/Users/macbookpro/Desktop/Development/khmer-handwritten-word-recognition/data/handwritten_external/W001/lines_raw/W001_P005_L020.png,,0,True,598,29,61.1077,0.271249,review,transcription_required,W001
W001_P005_L021,lines_raw/W001_P005_L021.png,page_005.png,W001,86,734,688,763,,,0.0,0.95,True,pending,Line crop; human transcription required,,data/handwritten_external/W001/line_metadata.csv,137,/Users/macbookpro/Desktop/Development/khmer-handwritten-word-recognition/data/handwritten_external/W001/lines_raw/W001_P005_L021.png,,0,True,602,29,60.4897,0.272941,review,transcription_required,W001
W001_P005_L022,lines_raw/W001_P005_L022.png,page_005.png,W001,87,759,688,788,,,0.0,0.95,True,pending,Line crop; human transcription required,,data/handwritten_external/W001/line_metadata.csv,138,/Users/macbookpro/Desktop/Development/khmer-handwritten-word-recognition/data/handwritten_external/W001/lines_raw/W001_P005_L022.png,,0,True,601,29,61.8783,0.288944,review,transcription_required,W001
W001_P005_L023,lines_raw/W001_P005_L023.png,page_005.png,W001,86,784,688,812,,,0.0,0.95,True,pending,Line crop; human transcription required,,data/handwritten_external/W001/line_metadata.csv,139,/Users/macbookpro/Desktop/Development/khmer-handwritten-word-recognition/data/handwritten_external/W001/lines_raw/W001_P005_L023.png,,0,True,602,28,61.4534,0.289037,review,transcription_required,W001
W001_P005_L024,lines_raw/W001_P005_L024.png,page_005.png,W001,86,808,688,837,,,0.0,0.95,True,pending,Line crop; human transcription required,,data/handwritten_external/W001/line_metadata.csv,140,/Users/macbookpro/Desktop/Development/khmer-handwritten-word-recognition/data/handwritten_external/W001/lines_raw/W001_P005_L024.png,,0,True,602,29,61.0499,0.282163,review,transcription_required,W001
W001_P005_L025,lines_raw/W001_P005_L025.png,page_005.png,W001,90,833,688,863,,,0.0,0.95,True,pending,Line crop; human transcription required,,data/handwritten_external/W001/line_metadata.csv,141,/Users/macbookpro/Desktop/Development/khmer-handwritten-word-recognition/data/handwritten_external/W001/lines_raw/W001_P005_L025.png,,0,True,598,30,59.1176,0.267113,review,transcription_required,W001
W001_P005_L026,lines_raw/W001_P005_L026.png,page_005.png,W001,89,859,688,888,,,0.0,0.95,True,pending,Line crop; human transcription required,,data/handwritten_external/W001/line_metadata.csv,142,/Users/macbookpro/Desktop/Development/khmer-handwritten-word-recognition/data/handwritten_external/W001/lines_raw/W001_P005_L026.png,,0,True,599,29,59.5261,0.260549,review,transcription_required,W001
W001_P005_L027,lines_raw/W001_P005_L027.png,page_005.png,W001,90,884,688,912,,,0.0,0.95,True,pending,Line crop; human transcription required,,data/handwritten_external/W001/line_metadata.csv,143,/Users/macbookpro/Desktop/Development/khmer-handwritten-word-recognition/data/handwritten_external/W001/lines_raw/W001_P005_L027.png,,0,True,598,28,62.299,0.282788,review,transcription_required,W001
W001_P005_L028,lines_raw/W001_P005_L028.png,page_005.png,W001,90,908,688,937,,,0.0,0.95,True,pending,Line crop; human transcription required,,data/handwritten_external/W001/line_metadata.csv,144,/Users/macbookpro/Desktop/Development/khmer-handwritten-word-recognition/data/handwritten_external/W001/lines_raw/W001_P005_L028.png,,0,True,598,29,60.7192,0.275689,review,transcription_required,W001
W001_P005_L029,lines_raw/W001_P005_L029.png,page_005.png,W001,88,933,688,962,,,0.0,0.95,True,pending,Line crop; human transcription required,,data/handwritten_external/W001/line_metadata.csv,145,/Users/macbookpro/Desktop/Development/khmer-handwritten-word-recognition/data/handwritten_external/W001/lines_raw/W001_P005_L029.png,,0,True,600,29,59.458,0.257644,review,transcription_required,W001
W001_P005_L030,lines_raw/W001_P005_L030.png,page_005.png,W001,86,958,688,994,,,0.0,0.95,True,pending,Line crop; human transcription required,,data/handwritten_external/W001/line_metadata.csv,146,/Users/macbookpro/Desktop/Development/khmer-handwritten-word-recognition/data/handwritten_external/W001/lines_raw/W001_P005_L030.png,,0,True,602,36,55.8085,0.210687,review,transcription_required,W001
W001_P006_L001,lines_raw/W001_P006_L001.png,page_006.png,W001,81,225,688,260,,,0.0,0.95,True,pending,Line crop; human transcription required; inspect possible header or source-overlay contamination,,data/handwritten_external/W001/line_metadata.csv,147,/Users/macbookpro/Desktop/Development/khmer-handwritten-word-recognition/data/handwritten_external/W001/lines_raw/W001_P006_L001.png,,0,True,607,35,49.4433,0.216474,review,transcription_required,W001
W001_P006_L002,lines_raw/W001_P006_L002.png,page_006.png,W001,81,256,465,286,,,0.0,0.95,True,pending,Line crop; human transcription required,,data/handwritten_external/W001/line_metadata.csv,148,/Users/macbookpro/Desktop/Development/khmer-handwritten-word-recognition/data/handwritten_external/W001/lines_raw/W001_P006_L002.png,,0,True,384,30,49.8865,0.248698,review,transcription_required,W001
W001_P006_L003,lines_raw/W001_P006_L003.png,page_006.png,W001,150,282,688,312,,,0.0,0.95,True,pending,Line crop; human transcription required,,data/handwritten_external/W001/line_metadata.csv,149,/Users/macbookpro/Desktop/Development/khmer-handwritten-word-recognition/data/handwritten_external/W001/lines_raw/W001_P006_L003.png,,0,True,538,30,50.2549,0.26109,review,transcription_required,W001
W001_P006_L004,lines_raw/W001_P006_L004.png,page_006.png,W001,81,308,688,337,,,0.0,0.95,True,pending,Line crop; human transcription required,,data/handwritten_external/W001/line_metadata.csv,150,/Users/macbookpro/Desktop/Development/khmer-handwritten-word-recognition/data/handwritten_external/W001/lines_raw/W001_P006_L004.png,,0,True,607,29,51.054,0.285122,review,transcription_required,W001
W001_P006_L005,lines_raw/W001_P006_L005.png,page_006.png,W001,81,333,688,363,,,0.0,0.95,True,pending,Line crop; human transcription required,,data/handwritten_external/W001/line_metadata.csv,151,/Users/macbookpro/Desktop/Development/khmer-handwritten-word-recognition/data/handwritten_external/W001/lines_raw/W001_P006_L005.png,,0,True,607,30,50.2304,0.264141,review,transcription_required,W001
W001_P006_L006,lines_raw/W001_P006_L006.png,page_006.png,W001,81,359,688,390,,,0.0,0.95,True,pending,Line crop; human transcription required,,data/handwritten_external/W001/line_metadata.csv,152,/Users/macbookpro/Desktop/Development/khmer-handwritten-word-recognition/data/handwritten_external/W001/lines_raw/W001_P006_L006.png,,0,True,607,31,49.6698,0.246851,review,transcription_required,W001
W001_P006_L007,lines_raw/W001_P006_L007.png,page_006.png,W001,83,386,688,416,,,0.0,0.95,True,pending,Line crop; human transcription required,,data/handwritten_external/W001/line_metadata.csv,153,/Users/macbookpro/Desktop/Development/khmer-handwritten-word-recognition/data/handwritten_external/W001/lines_raw/W001_P006_L007.png,,0,True,605,30,48.9751,0.239174,review,transcription_required,W001
W001_P006_L008,lines_raw/W001_P006_L008.png,page_006.png,W001,82,412,688,441,,,0.0,0.95,True,pending,Line crop; human transcription required,,data/handwritten_external/W001/line_metadata.csv,154,/Users/macbookpro/Desktop/Development/khmer-handwritten-word-recognition/data/handwritten_external/W001/lines_raw/W001_P006_L008.png,,0,True,606,29,50.605,0.26158,review,transcription_required,W001
W001_P006_L009,lines_raw/W001_P006_L009.png,page_006.png,W001,81,437,687,467,,,0.0,0.95,True,pending,Line crop; human transcription required,,data/handwritten_external/W001/line_metadata.csv,155,/Users/macbookpro/Desktop/Development/khmer-handwritten-word-recognition/data/handwritten_external/W001/lines_raw/W001_P006_L009.png,,0,True,606,30,49.8292,0.251595,review,transcription_required,W001
W001_P006_L010,lines_raw/W001_P006_L010.png,page_006.png,W001,81,463,688,493,,,0.0,0.95,True,pending,Line crop; human transcription required,,data/handwritten_external/W001/line_metadata.csv,156,/Users/macbookpro/Desktop/Development/khmer-handwritten-word-recognition/data/handwritten_external/W001/lines_raw/W001_P006_L010.png,,0,True,607,30,52.9864,0.26101,review,transcription_required,W001
W001_P006_L011,lines_raw/W001_P006_L011.png,page_006.png,W001,83,489,688,519,,,0.0,0.95,True,pending,Line crop; human transcription required,,data/handwritten_external/W001/line_metadata.csv,157,/Users/macbookpro/Desktop/Development/khmer-handwritten-word-recognition/data/handwritten_external/W001/lines_raw/W001_P006_L011.png,,0,True,605,30,49.6369,0.239504,review,transcription_required,W001
W001_P006_L012,lines_raw/W001_P006_L012.png,page_006.png,W001,83,515,688,544,,,0.0,0.95,True,pending,Line crop; human transcription required,,data/handwritten_external/W001/line_metadata.csv,158,/Users/macbookpro/Desktop/Development/khmer-handwritten-word-recognition/data/handwritten_external/W001/lines_raw/W001_P006_L012.png,,0,True,605,29,50.5241,0.261328,review,transcription_required,W001
W001_P006_L013,lines_raw/W001_P006_L013.png,page_006.png,W001,81,540,688,570,,,0.0,0.95,True,pending,Line crop; human transcription required,,data/handwritten_external/W001/line_metadata.csv,159,/Users/macbookpro/Desktop/Development/khmer-handwritten-word-recognition/data/handwritten_external/W001/lines_raw/W001_P006_L013.png,,0,True,607,30,54.7718,0.293465,review,transcription_required,W001
W001_P006_L014,lines_raw/W001_P006_L014.png,page_006.png,W001,81,566,688,596,,,0.0,0.95,True,pending,Line crop; human transcription required,,data/handwritten_external/W001/line_metadata.csv,160,/Users/macbookpro/Desktop/Development/khmer-handwritten-word-recognition/data/handwritten_external/W001/lines_raw/W001_P006_L014.png,,0,True,607,30,52.0259,0.256452,review,transcription_required,W001
W001_P006_L015,lines_raw/W001_P006_L015.png,page_006.png,W001,81,592,688,622,,,0.0,0.95,True,pending,Line crop; human transcription required,,data/handwritten_external/W001/line_metadata.csv,161,/Users/macbookpro/Desktop/Development/khmer-handwritten-word-recognition/data/handwritten_external/W001/lines_raw/W001_P006_L015.png,,0,True,607,30,49.0652,0.2514,review,transcription_required,W001
W001_P006_L016,lines_raw/W001_P006_L016.png,page_006.png,W001,81,618,688,647,,,0.0,0.95,True,pending,Line crop; human transcription required,,data/handwritten_external/W001/line_metadata.csv,162,/Users/macbookpro/Desktop/Development/khmer-handwritten-word-recognition/data/handwritten_external/W001/lines_raw/W001_P006_L016.png,,0,True,607,29,49.2281,0.260524,review,transcription_required,W001
W001_P006_L017,lines_raw/W001_P006_L017.png,page_006.png,W001,81,643,688,673,,,0.0,0.95,True,pending,Line crop; human transcription required,,data/handwritten_external/W001/line_metadata.csv,163,/Users/macbookpro/Desktop/Development/khmer-handwritten-word-recognition/data/handwritten_external/W001/lines_raw/W001_P006_L017.png,,0,True,607,30,48.41,0.256068,review,transcription_required,W001
W001_P006_L018,lines_raw/W001_P006_L018.png,page_006.png,W001,91,669,688,699,,,0.0,0.95,True,pending,Line crop; human transcription required,,data/handwritten_external/W001/line_metadata.csv,164,/Users/macbookpro/Desktop/Development/khmer-handwritten-word-recognition/data/handwritten_external/W001/lines_raw/W001_P006_L018.png,,0,True,597,30,47.8059,0.253434,review,transcription_required,W001
W001_P006_L019,lines_raw/W001_P006_L019.png,page_006.png,W001,81,695,688,724,,,0.0,0.95,True,pending,Line crop; human transcription required,,data/handwritten_external/W001/line_metadata.csv,165,/Users/macbookpro/Desktop/Development/khmer-handwritten-word-recognition/data/handwritten_external/W001/lines_raw/W001_P006_L019.png,,0,True,607,29,48.2278,0.254559,review,transcription_required,W001
W001_P006_L020,lines_raw/W001_P006_L020.png,page_006.png,W001,133,720,686,749,,,0.0,0.95,True,pending,Line crop; human transcription required,,data/handwritten_external/W001/line_metadata.csv,166,/Users/macbookpro/Desktop/Development/khmer-handwritten-word-recognition/data/handwritten_external/W001/lines_raw/W001_P006_L020.png,,0,True,553,29,49.9921,0.282472,review,transcription_required,W001
W001_P006_L021,lines_raw/W001_P006_L021.png,page_006.png,W001,81,745,688,774,,,0.0,0.95,True,pending,Line crop; human transcription required,,data/handwritten_external/W001/line_metadata.csv,167,/Users/macbookpro/Desktop/Development/khmer-handwritten-word-recognition/data/handwritten_external/W001/lines_raw/W001_P006_L021.png,,0,True,607,29,48.0688,0.277055,review,transcription_required,W001
W001_P006_L022,lines_raw/W001_P006_L022.png,page_006.png,W001,81,770,688,799,,,0.0,0.95,True,pending,Line crop; human transcription required,,data/handwritten_external/W001/line_metadata.csv,168,/Users/macbookpro/Desktop/Development/khmer-handwritten-word-recognition/data/handwritten_external/W001/lines_raw/W001_P006_L022.png,,0,True,607,29,48.7477,0.266773,review,transcription_required,W001
W001_P006_L023,lines_raw/W001_P006_L023.png,page_006.png,W001,81,795,688,825,,,0.0,0.95,True,pending,Line crop; human transcription required,,data/handwritten_external/W001/line_metadata.csv,169,/Users/macbookpro/Desktop/Development/khmer-handwritten-word-recognition/data/handwritten_external/W001/lines_raw/W001_P006_L023.png,,0,True,607,30,48.8626,0.24223,review,transcription_required,W001
W001_P006_L024,lines_raw/W001_P006_L024.png,page_006.png,W001,81,821,688,851,,,0.0,0.95,True,pending,Line crop; human transcription required,,data/handwritten_external/W001/line_metadata.csv,170,/Users/macbookpro/Desktop/Development/khmer-handwritten-word-recognition/data/handwritten_external/W001/lines_raw/W001_P006_L024.png,,0,True,607,30,47.2209,0.24201,review,transcription_required,W001
W001_P006_L025,lines_raw/W001_P006_L025.png,page_006.png,W001,81,847,688,876,,,0.0,0.95,True,pending,Line crop; human transcription required,,data/handwritten_external/W001/line_metadata.csv,171,/Users/macbookpro/Desktop/Development/khmer-handwritten-word-recognition/data/handwritten_external/W001/lines_raw/W001_P006_L025.png,,0,True,607,29,48.4545,0.246151,review,transcription_required,W001
W001_P006_L026,lines_raw/W001_P006_L026.png,page_006.png,W001,81,872,688,901,,,0.0,0.95,True,pending,Line crop; human transcription required,,data/handwritten_external/W001/line_metadata.csv,172,/Users/macbookpro/Desktop/Development/khmer-handwritten-word-recognition/data/handwritten_external/W001/lines_raw/W001_P006_L026.png,,0,True,607,29,48.8506,0.244958,review,transcription_required,W001
W001_P006_L027,lines_raw/W001_P006_L027.png,page_006.png,W001,119,897,688,926,,,0.0,0.95,True,pending,Line crop; human transcription required,,data/handwritten_external/W001/line_metadata.csv,173,/Users/macbookpro/Desktop/Development/khmer-handwritten-word-recognition/data/handwritten_external/W001/lines_raw/W001_P006_L027.png,,0,True,569,29,46.8389,0.227744,review,transcription_required,W001
W001_P006_L028,lines_raw/W001_P006_L028.png,page_006.png,W001,81,922,688,951,,,0.0,0.95,True,pending,Line crop; human transcription required,,data/handwritten_external/W001/line_metadata.csv,174,/Users/macbookpro/Desktop/Development/khmer-handwritten-word-recognition/data/handwritten_external/W001/lines_raw/W001_P006_L028.png,,0,True,607,29,48.5006,0.242629,review,transcription_required,W001
W001_P006_L029,lines_raw/W001_P006_L029.png,page_006.png,W001,81,947,688,977,,,0.0,0.95,True,pending,Line crop; human transcription required,,data/handwritten_external/W001/line_metadata.csv,175,/Users/macbookpro/Desktop/Development/khmer-handwritten-word-recognition/data/handwritten_external/W001/lines_raw/W001_P006_L029.png,,0,True,607,30,49.7579,0.246623,review,transcription_required,W001
W001_P006_L030,lines_raw/W001_P006_L030.png,page_006.png,W001,81,973,688,1008,,,0.0,0.95,True,pending,Line crop; human transcription required,,data/handwritten_external/W001/line_metadata.csv,176,/Users/macbookpro/Desktop/Development/khmer-handwritten-word-recognition/data/handwritten_external/W001/lines_raw/W001_P006_L030.png,,0,True,607,35,48.878,0.221087,review,transcription_required,W001
W001_P007_L001,lines_raw/W001_P007_L001.png,page_007.png,W001,81,232,677,264,,,0.0,0.95,True,pending,Line crop; human transcription required; inspect possible header or source-overlay contamination,,data/handwritten_external/W001/line_metadata.csv,177,/Users/macbookpro/Desktop/Development/khmer-handwritten-word-recognition/data/handwritten_external/W001/lines_raw/W001_P007_L001.png,,0,True,596,32,44.8231,0.222211,review,transcription_required,W001
W001_P007_L002,lines_raw/W001_P007_L002.png,page_007.png,W001,81,260,688,289,,,0.0,0.95,True,pending,Line crop; human transcription required,,data/handwritten_external/W001/line_metadata.csv,178,/Users/macbookpro/Desktop/Development/khmer-handwritten-word-recognition/data/handwritten_external/W001/lines_raw/W001_P007_L002.png,,0,True,607,29,47.4081,0.24172,review,transcription_required,W001
W001_P007_L003,lines_raw/W001_P007_L003.png,page_007.png,W001,81,285,688,315,,,0.0,0.95,True,pending,Line crop; human transcription required,,data/handwritten_external/W001/line_metadata.csv,179,/Users/macbookpro/Desktop/Development/khmer-handwritten-word-recognition/data/handwritten_external/W001/lines_raw/W001_P007_L003.png,,0,True,607,30,44.478,0.223064,review,transcription_required,W001
W001_P007_L004,lines_raw/W001_P007_L004.png,page_007.png,W001,81,311,688,340,,,0.0,0.95,True,pending,Line crop; human transcription required,,data/handwritten_external/W001/line_metadata.csv,180,/Users/macbookpro/Desktop/Development/khmer-handwritten-word-recognition/data/handwritten_external/W001/lines_raw/W001_P007_L004.png,,0,True,607,29,47.0912,0.240357,review,transcription_required,W001
W001_P007_L005,lines_raw/W001_P007_L005.png,page_007.png,W001,81,336,674,366,,,0.0,0.95,True,pending,Line crop; human transcription required,,data/handwritten_external/W001/line_metadata.csv,181,/Users/macbookpro/Desktop/Development/khmer-handwritten-word-recognition/data/handwritten_external/W001/lines_raw/W001_P007_L005.png,,0,True,593,30,45.8367,0.238336,review,transcription_required,W001
W001_P007_L006,lines_raw/W001_P007_L006.png,page_007.png,W001,81,362,688,391,,,0.0,0.95,True,pending,Line crop; human transcription required,,data/handwritten_external/W001/line_metadata.csv,182,/Users/macbookpro/Desktop/Development/khmer-handwritten-word-recognition/data/handwritten_external/W001/lines_raw/W001_P007_L006.png,,0,True,607,29,47.5702,0.231665,review,transcription_required,W001
W001_P007_L007,lines_raw/W001_P007_L007.png,page_007.png,W001,96,387,688,417,,,0.0,0.95,True,pending,Line crop; human transcription required,,data/handwritten_external/W001/line_metadata.csv,183,/Users/macbookpro/Desktop/Development/khmer-handwritten-word-recognition/data/handwritten_external/W001/lines_raw/W001_P007_L007.png,,0,True,592,30,45.15,0.230236,review,transcription_required,W001
W001_P007_L008,lines_raw/W001_P007_L008.png,page_007.png,W001,81,413,688,443,,,0.0,0.95,True,pending,Line crop; human transcription required,,data/handwritten_external/W001/line_metadata.csv,184,/Users/macbookpro/Desktop/Development/khmer-handwritten-word-recognition/data/handwritten_external/W001/lines_raw/W001_P007_L008.png,,0,True,607,30,44.6321,0.235969,review,transcription_required,W001
W001_P007_L009,lines_raw/W001_P007_L009.png,page_007.png,W001,81,439,688,468,,,0.0,0.95,True,pending,Line crop; human transcription required,,data/handwritten_external/W001/line_metadata.csv,185,/Users/macbookpro/Desktop/Development/khmer-handwritten-word-recognition/data/handwritten_external/W001/lines_raw/W001_P007_L009.png,,0,True,607,29,46.2082,0.231495,review,transcription_required,W001
W001_P007_L010,lines_raw/W001_P007_L010.png,page_007.png,W001,81,464,680,494,,,0.0,0.95,True,pending,Line crop; human transcription required,,data/handwritten_external/W001/line_metadata.csv,186,/Users/macbookpro/Desktop/Development/khmer-handwritten-word-recognition/data/handwritten_external/W001/lines_raw/W001_P007_L010.png,,0,True,599,30,45.476,0.224207,review,transcription_required,W001
W001_P007_L011,lines_raw/W001_P007_L011.png,page_007.png,W001,81,490,684,519,,,0.0,0.95,True,pending,Line crop; human transcription required,,data/handwritten_external/W001/line_metadata.csv,187,/Users/macbookpro/Desktop/Development/khmer-handwritten-word-recognition/data/handwritten_external/W001/lines_raw/W001_P007_L011.png,,0,True,603,29,45.5153,0.243781,review,transcription_required,W001
W001_P007_L012,lines_raw/W001_P007_L012.png,page_007.png,W001,81,515,688,545,,,0.0,0.95,True,pending,Line crop; human transcription required,,data/handwritten_external/W001/line_metadata.csv,188,/Users/macbookpro/Desktop/Development/khmer-handwritten-word-recognition/data/handwritten_external/W001/lines_raw/W001_P007_L012.png,,0,True,607,30,47.2933,0.238166,review,transcription_required,W001
W001_P007_L013,lines_raw/W001_P007_L013.png,page_007.png,W001,81,541,688,570,,,0.0,0.95,True,pending,Line crop; human transcription required,,data/handwritten_external/W001/line_metadata.csv,189,/Users/macbookpro/Desktop/Development/khmer-handwritten-word-recognition/data/handwritten_external/W001/lines_raw/W001_P007_L013.png,,0,True,607,29,48.3748,0.248708,review,transcription_required,W001
W001_P007_L014,lines_raw/W001_P007_L014.png,page_007.png,W001,81,566,687,596,,,0.0,0.95,True,pending,Line crop; human transcription required,,data/handwritten_external/W001/line_metadata.csv,190,/Users/macbookpro/Desktop/Development/khmer-handwritten-word-recognition/data/handwritten_external/W001/lines_raw/W001_P007_L014.png,,0,True,606,30,50.2402,0.269142,review,transcription_required,W001
W001_P007_L015,lines_raw/W001_P007_L015.png,page_007.png,W001,81,592,682,621,,,0.0,0.95,True,pending,Line crop; human transcription required,,data/handwritten_external/W001/line_metadata.csv,191,/Users/macbookpro/Desktop/Development/khmer-handwritten-word-recognition/data/handwritten_external/W001/lines_raw/W001_P007_L015.png,,0,True,601,29,48.2927,0.247691,review,transcription_required,W001
W001_P007_L016,lines_raw/W001_P007_L016.png,page_007.png,W001,81,617,687,647,,,0.0,0.95,True,pending,Line crop; human transcription required,,data/handwritten_external/W001/line_metadata.csv,192,/Users/macbookpro/Desktop/Development/khmer-handwritten-word-recognition/data/handwritten_external/W001/lines_raw/W001_P007_L016.png,,0,True,606,30,48.7126,0.242959,review,transcription_required,W001
W001_P007_L017,lines_raw/W001_P007_L017.png,page_007.png,W001,81,643,628,672,,,0.0,0.95,True,pending,Line crop; human transcription required,,data/handwritten_external/W001/line_metadata.csv,193,/Users/macbookpro/Desktop/Development/khmer-handwritten-word-recognition/data/handwritten_external/W001/lines_raw/W001_P007_L017.png,,0,True,547,29,50.0914,0.240119,review,transcription_required,W001
W001_P007_L018,lines_raw/W001_P007_L018.png,page_007.png,W001,121,668,688,697,,,0.0,0.95,True,pending,Line crop; human transcription required,,data/handwritten_external/W001/line_metadata.csv,194,/Users/macbookpro/Desktop/Development/khmer-handwritten-word-recognition/data/handwritten_external/W001/lines_raw/W001_P007_L018.png,,0,True,567,29,52.3624,0.265098,review,transcription_required,W001
W001_P007_L019,lines_raw/W001_P007_L019.png,page_007.png,W001,81,693,688,722,,,0.0,0.95,True,pending,Line crop; human transcription required,,data/handwritten_external/W001/line_metadata.csv,195,/Users/macbookpro/Desktop/Development/khmer-handwritten-word-recognition/data/handwritten_external/W001/lines_raw/W001_P007_L019.png,,0,True,607,29,52.5071,0.26433,review,transcription_required,W001
W001_P007_L020,lines_raw/W001_P007_L020.png,page_007.png,W001,81,718,687,747,,,0.0,0.95,True,pending,Line crop; human transcription required,,data/handwritten_external/W001/line_metadata.csv,196,/Users/macbookpro/Desktop/Development/khmer-handwritten-word-recognition/data/handwritten_external/W001/lines_raw/W001_P007_L020.png,,0,True,606,29,52.5169,0.262831,review,transcription_required,W001
W001_P007_L021,lines_raw/W001_P007_L021.png,page_007.png,W001,82,743,688,772,,,0.0,0.95,True,pending,Line crop; human transcription required,,data/handwritten_external/W001/line_metadata.csv,197,/Users/macbookpro/Desktop/Development/khmer-handwritten-word-recognition/data/handwritten_external/W001/lines_raw/W001_P007_L021.png,,0,True,606,29,50.045,0.235405,review,transcription_required,W001
W001_P007_L022,lines_raw/W001_P007_L022.png,page_007.png,W001,81,768,688,797,,,0.0,0.95,True,pending,Line crop; human transcription required,,data/handwritten_external/W001/line_metadata.csv,198,/Users/macbookpro/Desktop/Development/khmer-handwritten-word-recognition/data/handwritten_external/W001/lines_raw/W001_P007_L022.png,,0,True,607,29,51.397,0.254104,review,transcription_required,W001
W001_P007_L023,lines_raw/W001_P007_L023.png,page_007.png,W001,81,793,217,823,,,0.0,0.95,True,pending,Line crop; human transcription required,,data/handwritten_external/W001/line_metadata.csv,199,/Users/macbookpro/Desktop/Development/khmer-handwritten-word-recognition/data/handwritten_external/W001/lines_raw/W001_P007_L023.png,,0,True,136,30,48.6152,0.214951,review,transcription_required,W001
W001_P007_L024,lines_raw/W001_P007_L024.png,page_007.png,W001,151,819,688,847,,,0.0,0.95,True,pending,Line crop; human transcription required,,data/handwritten_external/W001/line_metadata.csv,200,/Users/macbookpro/Desktop/Development/khmer-handwritten-word-recognition/data/handwritten_external/W001/lines_raw/W001_P007_L024.png,,0,True,537,28,48.0847,0.239292,review,transcription_required,W001
W001_P007_L025,lines_raw/W001_P007_L025.png,page_007.png,W001,81,843,688,872,,,0.0,0.95,True,pending,Line crop; human transcription required,,data/handwritten_external/W001/line_metadata.csv,201,/Users/macbookpro/Desktop/Development/khmer-handwritten-word-recognition/data/handwritten_external/W001/lines_raw/W001_P007_L025.png,,0,True,607,29,49.2991,0.242061,review,transcription_required,W001
W001_P007_L026,lines_raw/W001_P007_L026.png,page_007.png,W001,81,868,688,896,,,0.0,0.95,True,pending,Line crop; human transcription required,,data/handwritten_external/W001/line_metadata.csv,202,/Users/macbookpro/Desktop/Development/khmer-handwritten-word-recognition/data/handwritten_external/W001/lines_raw/W001_P007_L026.png,,0,True,607,28,49.3929,0.25453,review,transcription_required,W001
W001_P007_L027,lines_raw/W001_P007_L027.png,page_007.png,W001,81,892,683,921,,,0.0,0.95,True,pending,Line crop; human transcription required,,data/handwritten_external/W001/line_metadata.csv,203,/Users/macbookpro/Desktop/Development/khmer-handwritten-word-recognition/data/handwritten_external/W001/lines_raw/W001_P007_L027.png,,0,True,602,29,49.5038,0.245561,review,transcription_required,W001
W001_P007_L028,lines_raw/W001_P007_L028.png,page_007.png,W001,81,917,648,946,,,0.0,0.95,True,pending,Line crop; human transcription required,,data/handwritten_external/W001/line_metadata.csv,204,/Users/macbookpro/Desktop/Development/khmer-handwritten-word-recognition/data/handwritten_external/W001/lines_raw/W001_P007_L028.png,,0,True,567,29,48.4495,0.226175,review,transcription_required,W001
W001_P007_L029,lines_raw/W001_P007_L029.png,page_007.png,W001,81,942,688,971,,,0.0,0.95,True,pending,Line crop; human transcription required,,data/handwritten_external/W001/line_metadata.csv,205,/Users/macbookpro/Desktop/Development/khmer-handwritten-word-recognition/data/handwritten_external/W001/lines_raw/W001_P007_L029.png,,0,True,607,29,48.5539,0.225587,review,transcription_required,W001
W001_P007_L030,lines_raw/W001_P007_L030.png,page_007.png,W001,81,967,686,1003,,,0.0,0.95,True,pending,Line crop; human transcription required,,data/handwritten_external/W001/line_metadata.csv,206,/Users/macbookpro/Desktop/Development/khmer-handwritten-word-recognition/data/handwritten_external/W001/lines_raw/W001_P007_L030.png,,0,True,605,36,46.5598,0.181956,review,transcription_required,W001
W0010_P002_L004,lines_raw/W0010_P002_L004.png,page_002.png,W0010,142,622,1238,674,,,0.0,0.95,True,pending,Line crop; human transcription required,,data/handwritten_external/W0010/line_metadata.csv,27,/Users/macbookpro/Desktop/Development/khmer-handwritten-word-recognition/data/handwritten_external/W0010/lines_raw/W0010_P002_L004.png,,0,True,1096,52,65.2106,0.321642,review,transcription_required,W0010
W0010_P002_L005,lines_raw/W0010_P002_L005.png,page_002.png,W0010,143,670,1238,721,,,0.0,0.95,True,pending,Line crop; human transcription required,,data/handwritten_external/W0010/line_metadata.csv,28,/Users/macbookpro/Desktop/Development/khmer-handwritten-word-recognition/data/handwritten_external/W0010/lines_raw/W0010_P002_L005.png,,0,True,1095,51,66.0711,0.321336,review,transcription_required,W0010
W0010_P002_L006,lines_raw/W0010_P002_L006.png,page_002.png,W0010,143,717,1238,767,,,0.0,0.95,True,pending,Line crop; human transcription required,,data/handwritten_external/W0010/line_metadata.csv,29,/Users/macbookpro/Desktop/Development/khmer-handwritten-word-recognition/data/handwritten_external/W0010/lines_raw/W0010_P002_L006.png,,0,True,1095,50,66.8564,0.32389,review,transcription_required,W0010
W0010_P002_L007,lines_raw/W0010_P002_L007.png,page_002.png,W0010,143,763,1238,814,,,0.0,0.95,True,pending,Line crop; human transcription required,,data/handwritten_external/W0010/line_metadata.csv,30,/Users/macbookpro/Desktop/Development/khmer-handwritten-word-recognition/data/handwritten_external/W0010/lines_raw/W0010_P002_L007.png,,0,True,1095,51,65.7487,0.316035,review,transcription_required,W0010
W0010_P002_L008,lines_raw/W0010_P002_L008.png,page_002.png,W0010,143,810,1238,860,,,0.0,0.95,True,pending,Line crop; human transcription required,,data/handwritten_external/W0010/line_metadata.csv,31,/Users/macbookpro/Desktop/Development/khmer-handwritten-word-recognition/data/handwritten_external/W0010/lines_raw/W0010_P002_L008.png,,0,True,1095,50,65.6908,0.30884,review,transcription_required,W0010
W0010_P002_L009,lines_raw/W0010_P002_L009.png,page_002.png,W0010,144,856,1238,906,,,0.0,0.95,True,pending,Line crop; human transcription required,,data/handwritten_external/W0010/line_metadata.csv,32,/Users/macbookpro/Desktop/Development/khmer-handwritten-word-recognition/data/handwritten_external/W0010/lines_raw/W0010_P002_L009.png,,0,True,1094,50,66.0438,0.303035,review,transcription_required,W0010
W0010_P002_L010,lines_raw/W0010_P002_L010.png,page_002.png,W0010,144,902,1238,958,,,0.0,0.95,True,pending,Line crop; human transcription required,,data/handwritten_external/W0010/line_metadata.csv,33,/Users/macbookpro/Desktop/Development/khmer-handwritten-word-recognition/data/handwritten_external/W0010/lines_raw/W0010_P002_L010.png,,0,True,1094,56,65.0582,0.300323,review,transcription_required,W0010
W0010_P002_L011,lines_raw/W0010_P002_L011.png,page_002.png,W0010,144,954,1238,1009,,,0.0,0.95,True,pending,Line crop; human transcription required,,data/handwritten_external/W0010/line_metadata.csv,34,/Users/macbookpro/Desktop/Development/khmer-handwritten-word-recognition/data/handwritten_external/W0010/lines_raw/W0010_P002_L011.png,,0,True,1094,55,64.388,0.303407,review,transcription_required,W0010
W0010_P002_L012,lines_raw/W0010_P002_L012.png,page_002.png,W0010,143,1005,1238,1050,,,0.0,0.95,True,pending,Line crop; human transcription required,,data/handwritten_external/W0010/line_metadata.csv,35,/Users/macbookpro/Desktop/Development/khmer-handwritten-word-recognition/data/handwritten_external/W0010/lines_raw/W0010_P002_L012.png,,0,True,1095,45,66.6948,0.311903,review,transcription_required,W0010
W0010_P002_L013,lines_raw/W0010_P002_L013.png,page_002.png,W0010,143,1046,1238,1090,,,0.0,0.95,True,pending,Line crop; human transcription required,,data/handwritten_external/W0010/line_metadata.csv,36,/Users/macbookpro/Desktop/Development/khmer-handwritten-word-recognition/data/handwritten_external/W0010/lines_raw/W0010_P002_L013.png,,0,True,1095,44,67.8568,0.324118,review,transcription_required,W0010
W0010_P002_L014,lines_raw/W0010_P002_L014.png,page_002.png,W0010,141,1086,1238,1141,,,0.0,0.95,True,pending,Line crop; human transcription required,,data/handwritten_external/W0010/line_metadata.csv,37,/Users/macbookpro/Desktop/Development/khmer-handwritten-word-recognition/data/handwritten_external/W0010/lines_raw/W0010_P002_L014.png,,0,True,1097,55,64.8255,0.277981,review,transcription_required,W0010
W0010_P002_L015,lines_raw/W0010_P002_L015.png,page_002.png,W0010,143,1137,1238,1188,,,0.0,0.95,True,pending,Line crop; human transcription required,,data/handwritten_external/W0010/line_metadata.csv,38,/Users/macbookpro/Desktop/Development/khmer-handwritten-word-recognition/data/handwritten_external/W0010/lines_raw/W0010_P002_L015.png,,0,True,1095,51,64.9381,0.288889,review,transcription_required,W0010
W0010_P002_L016,lines_raw/W0010_P002_L016.png,page_002.png,W0010,143,1184,1238,1234,,,0.0,0.95,True,pending,Line crop; human transcription required,,data/handwritten_external/W0010/line_metadata.csv,39,/Users/macbookpro/Desktop/Development/khmer-handwritten-word-recognition/data/handwritten_external/W0010/lines_raw/W0010_P002_L016.png,,0,True,1095,50,65.3012,0.302612,review,transcription_required,W0010
W0010_P002_L017,lines_raw/W0010_P002_L017.png,page_002.png,W0010,142,1230,1238,1285,,,0.0,0.95,True,pending,Line crop; human transcription required,,data/handwritten_external/W0010/line_metadata.csv,40,/Users/macbookpro/Desktop/Development/khmer-handwritten-word-recognition/data/handwritten_external/W0010/lines_raw/W0010_P002_L017.png,,0,True,1096,55,65.5273,0.301294,review,transcription_required,W0010
W0010_P002_L018,lines_raw/W0010_P002_L018.png,page_002.png,W0010,142,1281,1238,1331,,,0.0,0.95,True,pending,Line crop; human transcription required,,data/handwritten_external/W0010/line_metadata.csv,41,/Users/macbookpro/Desktop/Development/khmer-handwritten-word-recognition/data/handwritten_external/W0010/lines_raw/W0010_P002_L018.png,,0,True,1096,50,66.3956,0.31062,review,transcription_required,W0010
W0010_P002_L019,lines_raw/W0010_P002_L019.png,page_002.png,W0010,142,1327,1238,1378,,,0.0,0.95,True,pending,Line crop; human transcription required,,data/handwritten_external/W0010/line_metadata.csv,42,/Users/macbookpro/Desktop/Development/khmer-handwritten-word-recognition/data/handwritten_external/W0010/lines_raw/W0010_P002_L019.png,,0,True,1096,51,65.5736,0.298501,review,transcription_required,W0010
W0010_P002_L020,lines_raw/W0010_P002_L020.png,page_002.png,W0010,142,1374,1238,1419,,,0.0,0.95,True,pending,Line crop; human transcription required,,data/handwritten_external/W0010/line_metadata.csv,43,/Users/macbookpro/Desktop/Development/khmer-handwritten-word-recognition/data/handwritten_external/W0010/lines_raw/W0010_P002_L020.png,,0,True,1096,45,65.6578,0.321067,review,transcription_required,W0010
W0010_P002_L021,lines_raw/W0010_P002_L021.png,page_002.png,W0010,148,1415,1238,1466,,,0.0,0.95,True,pending,Line crop; human transcription required,,data/handwritten_external/W0010/line_metadata.csv,44,/Users/macbookpro/Desktop/Development/khmer-handwritten-word-recognition/data/handwritten_external/W0010/lines_raw/W0010_P002_L021.png,,0,True,1090,51,66.1138,0.329322,review,transcription_required,W0010
W0010_P002_L022,lines_raw/W0010_P002_L022.png,page_002.png,W0010,147,1462,1238,1518,,,0.0,0.95,True,pending,Line crop; human transcription required,,data/handwritten_external/W0010/line_metadata.csv,45,/Users/macbookpro/Desktop/Development/khmer-handwritten-word-recognition/data/handwritten_external/W0010/lines_raw/W0010_P002_L022.png,,0,True,1091,56,63.3805,0.30768,review,transcription_required,W0010
W0010_P002_L023,lines_raw/W0010_P002_L023.png,page_002.png,W0010,139,1514,1238,1565,,,0.0,0.95,True,pending,Line crop; human transcription required,,data/handwritten_external/W0010/line_metadata.csv,46,/Users/macbookpro/Desktop/Development/khmer-handwritten-word-recognition/data/handwritten_external/W0010/lines_raw/W0010_P002_L023.png,,0,True,1099,51,64.4935,0.326893,review,transcription_required,W0010
W0010_P002_L024,lines_raw/W0010_P002_L024.png,page_002.png,W0010,145,1561,1238,1612,,,0.0,0.95,True,pending,Line crop; human transcription required,,data/handwritten_external/W0010/line_metadata.csv,47,/Users/macbookpro/Desktop/Development/khmer-handwritten-word-recognition/data/handwritten_external/W0010/lines_raw/W0010_P002_L024.png,,0,True,1093,51,64.1719,0.313708,review,transcription_required,W0010
W0010_P002_L025,lines_raw/W0010_P002_L025.png,page_002.png,W0010,134,1608,1238,1658,,,0.0,0.95,True,pending,Line crop; human transcription required,,data/handwritten_external/W0010/line_metadata.csv,48,/Users/macbookpro/Desktop/Development/khmer-handwritten-word-recognition/data/handwritten_external/W0010/lines_raw/W0010_P002_L025.png,,0,True,1104,50,64.1426,0.346522,review,transcription_required,W0010
W0010_P002_L026,lines_raw/W0010_P002_L026.png,page_002.png,W0010,136,1654,1238,1714,,,0.0,0.95,True,pending,Line crop; human transcription required,,data/handwritten_external/W0010/line_metadata.csv,49,/Users/macbookpro/Desktop/Development/khmer-handwritten-word-recognition/data/handwritten_external/W0010/lines_raw/W0010_P002_L026.png,,0,True,1102,60,59.8134,0.310738,review,transcription_required,W0010
W0010_P003_L001,lines_raw/W0010_P003_L001.png,page_003.png,W0010,42,484,1237,533,,,0.0,0.95,True,pending,Line crop; human transcription required,,data/handwritten_external/W0010/line_metadata.csv,50,/Users/macbookpro/Desktop/Development/khmer-handwritten-word-recognition/data/handwritten_external/W0010/lines_raw/W0010_P003_L001.png,,0,True,1195,49,61.8717,0.335138,review,transcription_required,W0010
W0010_P003_L002,lines_raw/W0010_P003_L002.png,page_003.png,W0010,43,529,1237,581,,,0.0,0.95,True,pending,Line crop; human transcription required,,data/handwritten_external/W0010/line_metadata.csv,51,/Users/macbookpro/Desktop/Development/khmer-handwritten-word-recognition/data/handwritten_external/W0010/lines_raw/W0010_P003_L002.png,,0,True,1194,52,60.4191,0.303295,review,transcription_required,W0010
W0010_P003_L003,lines_raw/W0010_P003_L003.png,page_003.png,W0010,42,577,1237,629,,,0.0,0.95,True,pending,Line crop; human transcription required,,data/handwritten_external/W0010/line_metadata.csv,52,/Users/macbookpro/Desktop/Development/khmer-handwritten-word-recognition/data/handwritten_external/W0010/lines_raw/W0010_P003_L003.png,,0,True,1195,52,61.9487,0.297232,review,transcription_required,W0010
W0010_P003_L004,lines_raw/W0010_P003_L004.png,page_003.png,W0010,42,625,1237,676,,,0.0,0.95,True,pending,Line crop; human transcription required,,data/handwritten_external/W0010/line_metadata.csv,53,/Users/macbookpro/Desktop/Development/khmer-handwritten-word-recognition/data/handwritten_external/W0010/lines_raw/W0010_P003_L004.png,,0,True,1195,51,61.7617,0.291312,review,transcription_required,W0010
W0010_P003_L005,lines_raw/W0010_P003_L005.png,page_003.png,W0010,42,672,1237,728,,,0.0,0.95,True,pending,Line crop; human transcription required,,data/handwritten_external/W0010/line_metadata.csv,54,/Users/macbookpro/Desktop/Development/khmer-handwritten-word-recognition/data/handwritten_external/W0010/lines_raw/W0010_P003_L005.png,,0,True,1195,56,59.9367,0.256037,review,transcription_required,W0010
W0010_P003_L006,lines_raw/W0010_P003_L006.png,page_003.png,W0010,41,724,1237,775,,,0.0,0.95,True,pending,Line crop; human transcription required,,data/handwritten_external/W0010/line_metadata.csv,55,/Users/macbookpro/Desktop/Development/khmer-handwritten-word-recognition/data/handwritten_external/W0010/lines_raw/W0010_P003_L006.png,,0,True,1196,51,43.6943,0.140927,review,transcription_required,W0010
W0010_P003_L007,lines_raw/W0010_P003_L007.png,page_003.png,W0010,41,771,1237,817,,,0.0,0.95,True,pending,Line crop; human transcription required,,data/handwritten_external/W0010/line_metadata.csv,56,/Users/macbookpro/Desktop/Development/khmer-handwritten-word-recognition/data/handwritten_external/W0010/lines_raw/W0010_P003_L007.png,,0,True,1196,46,61.1148,0.26316,review,transcription_required,W0010
W0010_P003_L008,lines_raw/W0010_P003_L008.png,page_003.png,W0010,41,813,1237,863,,,0.0,0.95,True,pending,Line crop; human transcription required,,data/handwritten_external/W0010/line_metadata.csv,57,/Users/macbookpro/Desktop/Development/khmer-handwritten-word-recognition/data/handwritten_external/W0010/lines_raw/W0010_P003_L008.png,,0,True,1196,50,64.8988,0.300435,review,transcription_required,W0010
W0010_P003_L009,lines_raw/W0010_P003_L009.png,page_003.png,W0010,42,859,1237,914,,,0.0,0.95,True,pending,Line crop; human transcription required,,data/handwritten_external/W0010/line_metadata.csv,58,/Users/macbookpro/Desktop/Development/khmer-handwritten-word-recognition/data/handwritten_external/W0010/lines_raw/W0010_P003_L009.png,,0,True,1195,55,62.6794,0.27962,review,transcription_required,W0010
W0010_P003_L010,lines_raw/W0010_P003_L010.png,page_003.png,W0010,42,910,1237,966,,,0.0,0.95,True,pending,Line crop; human transcription required,,data/handwritten_external/W0010/line_metadata.csv,59,/Users/macbookpro/Desktop/Development/khmer-handwritten-word-recognition/data/handwritten_external/W0010/lines_raw/W0010_P003_L010.png,,0,True,1195,56,60.7494,0.255649,review,transcription_required,W0010
W0010_P003_L011,lines_raw/W0010_P003_L011.png,page_003.png,W0010,42,962,1237,1012,,,0.0,0.95,True,pending,Line crop; human transcription required,,data/handwritten_external/W0010/line_metadata.csv,60,/Users/macbookpro/Desktop/Development/khmer-handwritten-word-recognition/data/handwritten_external/W0010/lines_raw/W0010_P003_L011.png,,0,True,1195,50,63.5057,0.290862,review,transcription_required,W0010
W0010_P003_L012,lines_raw/W0010_P003_L012.png,page_003.png,W0010,42,1008,1237,1058,,,0.0,0.95,True,pending,Line crop; human transcription required,,data/handwritten_external/W0010/line_metadata.csv,61,/Users/macbookpro/Desktop/Development/khmer-handwritten-word-recognition/data/handwritten_external/W0010/lines_raw/W0010_P003_L012.png,,0,True,1195,50,46.877,0.155431,review,transcription_required,W0010
W0011_P002_L010,lines_raw/W0011_P002_L010.png,page_002.png,W0011,116,623,1271,694,,,0.0,0.95,True,pending,Line crop; human transcription required,,data/handwritten_external/W0011/line_metadata.csv,28,/Users/macbookpro/Desktop/Development/khmer-handwritten-word-recognition/data/handwritten_external/W0011/lines_raw/W0011_P002_L010.png,,0,True,1155,71,61.5728,0.794037,review,transcription_required,W0011
W0011_P002_L011,lines_raw/W0011_P002_L011.png,page_002.png,W0011,116,690,1271,753,,,0.0,0.95,True,pending,Line crop; human transcription required,,data/handwritten_external/W0011/line_metadata.csv,29,/Users/macbookpro/Desktop/Development/khmer-handwritten-word-recognition/data/handwritten_external/W0011/lines_raw/W0011_P002_L011.png,,0,True,1155,63,67.6208,0.795424,review,transcription_required,W0011
W0011_P002_L012,lines_raw/W0011_P002_L012.png,page_002.png,W0011,116,749,1271,828,,,0.0,0.95,True,pending,Line crop; human transcription required,,data/handwritten_external/W0011/line_metadata.csv,30,/Users/macbookpro/Desktop/Development/khmer-handwritten-word-recognition/data/handwritten_external/W0011/lines_raw/W0011_P002_L012.png,,0,True,1155,79,63.1039,0.771801,review,transcription_required,W0011
W0011_P002_L013,lines_raw/W0011_P002_L013.png,page_002.png,W0011,116,824,1271,895,,,0.0,0.95,True,pending,Line crop; human transcription required,,data/handwritten_external/W0011/line_metadata.csv,31,/Users/macbookpro/Desktop/Development/khmer-handwritten-word-recognition/data/handwritten_external/W0011/lines_raw/W0011_P002_L013.png,,0,True,1155,71,65.8601,0.727797,review,transcription_required,W0011
W0011_P002_L014,lines_raw/W0011_P002_L014.png,page_002.png,W0011,116,891,1271,954,,,0.0,0.95,True,pending,Line crop; human transcription required,,data/handwritten_external/W0011/line_metadata.csv,32,/Users/macbookpro/Desktop/Development/khmer-handwritten-word-recognition/data/handwritten_external/W0011/lines_raw/W0011_P002_L014.png,,0,True,1155,63,66.1059,0.856579,review,transcription_required,W0011
W0011_P002_L015,lines_raw/W0011_P002_L015.png,page_002.png,W0011,116,950,1271,1022,,,0.0,0.95,True,pending,Line crop; human transcription required,,data/handwritten_external/W0011/line_metadata.csv,33,/Users/macbookpro/Desktop/Development/khmer-handwritten-word-recognition/data/handwritten_external/W0011/lines_raw/W0011_P002_L015.png,,0,True,1155,72,65.8145,0.82126,review,transcription_required,W0011
W0011_P002_L016,lines_raw/W0011_P002_L016.png,page_002.png,W0011,116,1018,1271,1090,,,0.0,0.95,True,pending,Line crop; human transcription required,,data/handwritten_external/W0011/line_metadata.csv,34,/Users/macbookpro/Desktop/Development/khmer-handwritten-word-recognition/data/handwritten_external/W0011/lines_raw/W0011_P002_L016.png,,0,True,1155,72,63.2289,0.809921,review,transcription_required,W0011
W0011_P002_L017,lines_raw/W0011_P002_L017.png,page_002.png,W0011,116,1086,1271,1159,,,0.0,0.95,True,pending,Line crop; human transcription required,,data/handwritten_external/W0011/line_metadata.csv,35,/Users/macbookpro/Desktop/Development/khmer-handwritten-word-recognition/data/handwritten_external/W0011/lines_raw/W0011_P002_L017.png,,0,True,1155,73,61.9056,0.798316,review,transcription_required,W0011
W0011_P002_L018,lines_raw/W0011_P002_L018.png,page_002.png,W0011,116,1155,1271,1229,,,0.0,0.95,True,pending,Line crop; human transcription required,,data/handwritten_external/W0011/line_metadata.csv,36,/Users/macbookpro/Desktop/Development/khmer-handwritten-word-recognition/data/handwritten_external/W0011/lines_raw/W0011_P002_L018.png,,0,True,1155,74,66.8862,0.789657,review,transcription_required,W0011
W0011_P002_L019,lines_raw/W0011_P002_L019.png,page_002.png,W0011,116,1225,1271,1298,,,0.0,0.95,True,pending,Line crop; human transcription required,,data/handwritten_external/W0011/line_metadata.csv,37,/Users/macbookpro/Desktop/Development/khmer-handwritten-word-recognition/data/handwritten_external/W0011/lines_raw/W0011_P002_L019.png,,0,True,1155,73,66.4894,0.802242,review,transcription_required,W0011
W0011_P002_L020,lines_raw/W0011_P002_L020.png,page_002.png,W0011,116,1294,1271,1377,,,0.0,0.95,True,pending,Line crop; human transcription required,,data/handwritten_external/W0011/line_metadata.csv,38,/Users/macbookpro/Desktop/Development/khmer-handwritten-word-recognition/data/handwritten_external/W0011/lines_raw/W0011_P002_L020.png,,0,True,1155,83,64.0439,0.813644,review,transcription_required,W0011
W0011_P002_L021,lines_raw/W0011_P002_L021.png,page_002.png,W0011,116,1373,1271,1464,,,0.0,0.95,True,pending,Line crop; human transcription required,,data/handwritten_external/W0011/line_metadata.csv,39,/Users/macbookpro/Desktop/Development/khmer-handwritten-word-recognition/data/handwritten_external/W0011/lines_raw/W0011_P002_L021.png,,0,True,1155,91,62.7559,0.788878,review,transcription_required,W0011
W0011_P003_L001,lines_raw/W0011_P003_L001.png,page_003.png,W0011,116,21,1271,98,,,0.0,0.95,True,pending,Line crop; human transcription required,,data/handwritten_external/W0011/line_metadata.csv,40,/Users/macbookpro/Desktop/Development/khmer-handwritten-word-recognition/data/handwritten_external/W0011/lines_raw/W0011_P003_L001.png,,0,True,1155,77,63.8397,0.642683,review,transcription_required,W0011
W0011_P003_L002,lines_raw/W0011_P003_L002.png,page_003.png,W0011,116,94,1271,166,,,0.0,0.95,True,pending,Line crop; human transcription required,,data/handwritten_external/W0011/line_metadata.csv,41,/Users/macbookpro/Desktop/Development/khmer-handwritten-word-recognition/data/handwritten_external/W0011/lines_raw/W0011_P003_L002.png,,0,True,1155,72,62.4183,0.685161,review,transcription_required,W0011
W0011_P003_L003,lines_raw/W0011_P003_L003.png,page_003.png,W0011,116,162,1271,226,,,0.0,0.95,True,pending,Line crop; human transcription required,,data/handwritten_external/W0011/line_metadata.csv,42,/Users/macbookpro/Desktop/Development/khmer-handwritten-word-recognition/data/handwritten_external/W0011/lines_raw/W0011_P003_L003.png,,0,True,1155,64,66.3099,0.715733,review,transcription_required,W0011
W0011_P003_L004,lines_raw/W0011_P003_L004.png,page_003.png,W0011,116,222,1271,302,,,0.0,0.95,True,pending,Line crop; human transcription required,,data/handwritten_external/W0011/line_metadata.csv,43,/Users/macbookpro/Desktop/Development/khmer-handwritten-word-recognition/data/handwritten_external/W0011/lines_raw/W0011_P003_L004.png,,0,True,1155,80,63.3442,0.736688,review,transcription_required,W0011
W0011_P003_L005,lines_raw/W0011_P003_L005.png,page_003.png,W0011,116,298,1271,370,,,0.0,0.95,True,pending,Line crop; human transcription required,,data/handwritten_external/W0011/line_metadata.csv,44,/Users/macbookpro/Desktop/Development/khmer-handwritten-word-recognition/data/handwritten_external/W0011/lines_raw/W0011_P003_L005.png,,0,True,1155,72,62.8336,0.780712,review,transcription_required,W0011
W0011_P003_L006,lines_raw/W0011_P003_L006.png,page_003.png,W0011,116,366,1271,429,,,0.0,0.95,True,pending,Line crop; human transcription required,,data/handwritten_external/W0011/line_metadata.csv,45,/Users/macbookpro/Desktop/Development/khmer-handwritten-word-recognition/data/handwritten_external/W0011/lines_raw/W0011_P003_L006.png,,0,True,1155,63,66.6241,0.68838,review,transcription_required,W0011
W0011_P003_L007,lines_raw/W0011_P003_L007.png,page_003.png,W0011,116,425,1271,496,,,0.0,0.95,True,pending,Line crop; human transcription required,,data/handwritten_external/W0011/line_metadata.csv,46,/Users/macbookpro/Desktop/Development/khmer-handwritten-word-recognition/data/handwritten_external/W0011/lines_raw/W0011_P003_L007.png,,0,True,1155,71,63.8583,0.680995,review,transcription_required,W0011
W0011_P003_L008,lines_raw/W0011_P003_L008.png,page_003.png,W0011,116,492,1271,563,,,0.0,0.95,True,pending,Line crop; human transcription required,,data/handwritten_external/W0011/line_metadata.csv,47,/Users/macbookpro/Desktop/Development/khmer-handwritten-word-recognition/data/handwritten_external/W0011/lines_raw/W0011_P003_L008.png,,0,True,1155,71,62.4967,0.746467,review,transcription_required,W0011
W0011_P003_L009,lines_raw/W0011_P003_L009.png,page_003.png,W0011,116,559,1271,629,,,0.0,0.95,True,pending,Line crop; human transcription required,,data/handwritten_external/W0011/line_metadata.csv,48,/Users/macbookpro/Desktop/Development/khmer-handwritten-word-recognition/data/handwritten_external/W0011/lines_raw/W0011_P003_L009.png,,0,True,1155,70,64.3227,0.872554,review,transcription_required,W0011
W0011_P003_L010,lines_raw/W0011_P003_L010.png,page_003.png,W0011,116,625,1271,695,,,0.0,0.95,True,pending,Line crop; human transcription required,,data/handwritten_external/W0011/line_metadata.csv,49,/Users/macbookpro/Desktop/Development/khmer-handwritten-word-recognition/data/handwritten_external/W0011/lines_raw/W0011_P003_L010.png,,0,True,1155,70,64.8626,0.772801,review,transcription_required,W0011
W0011_P003_L011,lines_raw/W0011_P003_L011.png,page_003.png,W0011,116,691,1271,762,,,0.0,0.95,True,pending,Line crop; human transcription required,,data/handwritten_external/W0011/line_metadata.csv,50,/Users/macbookpro/Desktop/Development/khmer-handwritten-word-recognition/data/handwritten_external/W0011/lines_raw/W0011_P003_L011.png,,0,True,1155,71,66.0793,0.707871,review,transcription_required,W0011
W0011_P003_L012,lines_raw/W0011_P003_L012.png,page_003.png,W0011,116,758,1271,830,,,0.0,0.95,True,pending,Line crop; human transcription required,,data/handwritten_external/W0011/line_metadata.csv,51,/Users/macbookpro/Desktop/Development/khmer-handwritten-word-recognition/data/handwritten_external/W0011/lines_raw/W0011_P003_L012.png,,0,True,1155,72,66.1711,0.73771,review,transcription_required,W0011
W0011_P003_L013,lines_raw/W0011_P003_L013.png,page_003.png,W0011,116,826,1271,898,,,0.0,0.95,True,pending,Line crop; human transcription required,,data/handwritten_external/W0011/line_metadata.csv,52,/Users/macbookpro/Desktop/Development/khmer-handwritten-word-recognition/data/handwritten_external/W0011/lines_raw/W0011_P003_L013.png,,0,True,1155,72,63.3167,0.823497,review,transcription_required,W0011
W0011_P003_L014,lines_raw/W0011_P003_L014.png,page_003.png,W0011,116,894,1271,974,,,0.0,0.95,True,pending,Line crop; human transcription required,,data/handwritten_external/W0011/line_metadata.csv,53,/Users/macbookpro/Desktop/Development/khmer-handwritten-word-recognition/data/handwritten_external/W0011/lines_raw/W0011_P003_L014.png,,0,True,1155,80,63.2529,0.745141,review,transcription_required,W0011
W0011_P003_L015,lines_raw/W0011_P003_L015.png,page_003.png,W0011,116,970,1271,1051,,,0.0,0.95,True,pending,Line crop; human transcription required,,data/handwritten_external/W0011/line_metadata.csv,54,/Users/macbookpro/Desktop/Development/khmer-handwritten-word-recognition/data/handwritten_external/W0011/lines_raw/W0011_P003_L015.png,,0,True,1155,81,61.903,0.786243,review,transcription_required,W0011
W0011_P003_L016,lines_raw/W0011_P003_L016.png,page_003.png,W0011,116,1047,1271,1120,,,0.0,0.95,True,pending,Line crop; human transcription required,,data/handwritten_external/W0011/line_metadata.csv,55,/Users/macbookpro/Desktop/Development/khmer-handwritten-word-recognition/data/handwritten_external/W0011/lines_raw/W0011_P003_L016.png,,0,True,1155,73,63.2611,0.777062,review,transcription_required,W0011
W0011_P003_L017,lines_raw/W0011_P003_L017.png,page_003.png,W0011,116,1116,1271,1191,,,0.0,0.95,True,pending,Line crop; human transcription required,,data/handwritten_external/W0011/line_metadata.csv,56,/Users/macbookpro/Desktop/Development/khmer-handwritten-word-recognition/data/handwritten_external/W0011/lines_raw/W0011_P003_L017.png,,0,True,1155,75,63.1262,0.819509,review,transcription_required,W0011
W0011_P003_L018,lines_raw/W0011_P003_L018.png,page_003.png,W0011,116,1187,1271,1261,,,0.0,0.95,True,pending,Line crop; human transcription required,,data/handwritten_external/W0011/line_metadata.csv,57,/Users/macbookpro/Desktop/Development/khmer-handwritten-word-recognition/data/handwritten_external/W0011/lines_raw/W0011_P003_L018.png,,0,True,1155,74,62.8777,0.830677,review,transcription_required,W0011
W0011_P003_L019,lines_raw/W0011_P003_L019.png,page_003.png,W0011,116,1257,1271,1331,,,0.0,0.95,True,pending,Line crop; human transcription required,,data/handwritten_external/W0011/line_metadata.csv,58,/Users/macbookpro/Desktop/Development/khmer-handwritten-word-recognition/data/handwritten_external/W0011/lines_raw/W0011_P003_L019.png,,0,True,1155,74,65.8772,0.822136,review,transcription_required,W0011
W0011_P003_L020,lines_raw/W0011_P003_L020.png,page_003.png,W0011,116,1327,1271,1402,,,0.0,0.95,True,pending,Line crop; human transcription required,,data/handwritten_external/W0011/line_metadata.csv,59,/Users/macbookpro/Desktop/Development/khmer-handwritten-word-recognition/data/handwritten_external/W0011/lines_raw/W0011_P003_L020.png,,0,True,1155,75,65.8455,0.81211,review,transcription_required,W0011
W0011_P003_L021,lines_raw/W0011_P003_L021.png,page_003.png,W0011,116,1398,1271,1484,,,0.0,0.95,True,pending,Line crop; human transcription required,,data/handwritten_external/W0011/line_metadata.csv,60,/Users/macbookpro/Desktop/Development/khmer-handwritten-word-recognition/data/handwritten_external/W0011/lines_raw/W0011_P003_L021.png,,0,True,1155,86,60.3235,0.798107,review,transcription_required,W0011
W0011_P004_L001,lines_raw/W0011_P004_L001.png,page_004.png,W0011,116,21,1271,90,,,0.0,0.95,True,pending,Line crop; human transcription required,,data/handwritten_external/W0011/line_metadata.csv,61,/Users/macbookpro/Desktop/Development/khmer-handwritten-word-recognition/data/handwritten_external/W0011/lines_raw/W0011_P004_L001.png,,0,True,1155,69,63.3536,0.729933,review,transcription_required,W0011
W0011_P004_L002,lines_raw/W0011_P004_L002.png,page_004.png,W0011,116,86,1271,154,,,0.0,0.95,True,pending,Line crop; human transcription required,,data/handwritten_external/W0011/line_metadata.csv,62,/Users/macbookpro/Desktop/Development/khmer-handwritten-word-recognition/data/handwritten_external/W0011/lines_raw/W0011_P004_L002.png,,0,True,1155,68,63.3073,0.700013,review,transcription_required,W0011
W0011_P004_L003,lines_raw/W0011_P004_L003.png,page_004.png,W0011,116,150,1271,217,,,0.0,0.95,True,pending,Line crop; human transcription required,,data/handwritten_external/W0011/line_metadata.csv,63,/Users/macbookpro/Desktop/Development/khmer-handwritten-word-recognition/data/handwritten_external/W0011/lines_raw/W0011_P004_L003.png,,0,True,1155,67,63.7527,0.674562,review,transcription_required,W0011
W0011_P004_L004,lines_raw/W0011_P004_L004.png,page_004.png,W0011,116,213,1271,283,,,0.0,0.95,True,pending,Line crop; human transcription required,,data/handwritten_external/W0011/line_metadata.csv,64,/Users/macbookpro/Desktop/Development/khmer-handwritten-word-recognition/data/handwritten_external/W0011/lines_raw/W0011_P004_L004.png,,0,True,1155,70,64.4313,0.721249,review,transcription_required,W0011
W0011_P004_L005,lines_raw/W0011_P004_L005.png,page_004.png,W0011,116,279,1271,349,,,0.0,0.95,True,pending,Line crop; human transcription required,,data/handwritten_external/W0011/line_metadata.csv,65,/Users/macbookpro/Desktop/Development/khmer-handwritten-word-recognition/data/handwritten_external/W0011/lines_raw/W0011_P004_L005.png,,0,True,1155,70,64.1906,0.709536,review,transcription_required,W0011
W0011_P004_L006,lines_raw/W0011_P004_L006.png,page_004.png,W0011,116,345,1271,414,,,0.0,0.95,True,pending,Line crop; human transcription required,,data/handwritten_external/W0011/line_metadata.csv,66,/Users/macbookpro/Desktop/Development/khmer-handwritten-word-recognition/data/handwritten_external/W0011/lines_raw/W0011_P004_L006.png,,0,True,1155,69,62.5787,0.745429,review,transcription_required,W0011
W0011_P004_L007,lines_raw/W0011_P004_L007.png,page_004.png,W0011,116,410,1271,480,,,0.0,0.95,True,pending,Line crop; human transcription required,,data/handwritten_external/W0011/line_metadata.csv,67,/Users/macbookpro/Desktop/Development/khmer-handwritten-word-recognition/data/handwritten_external/W0011/lines_raw/W0011_P004_L007.png,,0,True,1155,70,61.6206,0.755832,review,transcription_required,W0011
W0011_P004_L008,lines_raw/W0011_P004_L008.png,page_004.png,W0011,116,476,1271,545,,,0.0,0.95,True,pending,Line crop; human transcription required,,data/handwritten_external/W0011/line_metadata.csv,68,/Users/macbookpro/Desktop/Development/khmer-handwritten-word-recognition/data/handwritten_external/W0011/lines_raw/W0011_P004_L008.png,,0,True,1155,69,63.0292,0.764766,review,transcription_required,W0011
W0011_P004_L009,lines_raw/W0011_P004_L009.png,page_004.png,W0011,116,541,1271,610,,,0.0,0.95,True,pending,Line crop; human transcription required,,data/handwritten_external/W0011/line_metadata.csv,69,/Users/macbookpro/Desktop/Development/khmer-handwritten-word-recognition/data/handwritten_external/W0011/lines_raw/W0011_P004_L009.png,,0,True,1155,69,65.3224,0.736859,review,transcription_required,W0011
W0011_P004_L010,lines_raw/W0011_P004_L010.png,page_004.png,W0011,116,606,1271,676,,,0.0,0.95,True,pending,Line crop; human transcription required,,data/handwritten_external/W0011/line_metadata.csv,70,/Users/macbookpro/Desktop/Development/khmer-handwritten-word-recognition/data/handwritten_external/W0011/lines_raw/W0011_P004_L010.png,,0,True,1155,70,64.5037,0.779728,review,transcription_required,W0011
W0011_P004_L011,lines_raw/W0011_P004_L011.png,page_004.png,W0011,116,672,1271,741,,,0.0,0.95,True,pending,Line crop; human transcription required,,data/handwritten_external/W0011/line_metadata.csv,71,/Users/macbookpro/Desktop/Development/khmer-handwritten-word-recognition/data/handwritten_external/W0011/lines_raw/W0011_P004_L011.png,,0,True,1155,69,63.0399,0.79734,review,transcription_required,W0011
W0011_P004_L012,lines_raw/W0011_P004_L012.png,page_004.png,W0011,116,737,1271,807,,,0.0,0.95,True,pending,Line crop; human transcription required,,data/handwritten_external/W0011/line_metadata.csv,72,/Users/macbookpro/Desktop/Development/khmer-handwritten-word-recognition/data/handwritten_external/W0011/lines_raw/W0011_P004_L012.png,,0,True,1155,70,66.426,0.78684,review,transcription_required,W0011
W0011_P004_L013,lines_raw/W0011_P004_L013.png,page_004.png,W0011,116,803,1271,875,,,0.0,0.95,True,pending,Line crop; human transcription required,,data/handwritten_external/W0011/line_metadata.csv,73,/Users/macbookpro/Desktop/Development/khmer-handwritten-word-recognition/data/handwritten_external/W0011/lines_raw/W0011_P004_L013.png,,0,True,1155,72,65.1017,0.729545,review,transcription_required,W0011
W0011_P004_L014,lines_raw/W0011_P004_L014.png,page_004.png,W0011,116,871,1271,951,,,0.0,0.95,True,pending,Line crop; human transcription required,,data/handwritten_external/W0011/line_metadata.csv,74,/Users/macbookpro/Desktop/Development/khmer-handwritten-word-recognition/data/handwritten_external/W0011/lines_raw/W0011_P004_L014.png,,0,True,1155,80,63.2187,0.848885,review,transcription_required,W0011
W0011_P004_L015,lines_raw/W0011_P004_L015.png,page_004.png,W0011,116,947,1271,1019,,,0.0,0.95,True,pending,Line crop; human transcription required,,data/handwritten_external/W0011/line_metadata.csv,75,/Users/macbookpro/Desktop/Development/khmer-handwritten-word-recognition/data/handwritten_external/W0011/lines_raw/W0011_P004_L015.png,,0,True,1155,72,65.3516,0.830796,review,transcription_required,W0011
W0011_P004_L016,lines_raw/W0011_P004_L016.png,page_004.png,W0011,116,1015,1271,1082,,,0.0,0.95,True,pending,Line crop; human transcription required,,data/handwritten_external/W0011/line_metadata.csv,76,/Users/macbookpro/Desktop/Development/khmer-handwritten-word-recognition/data/handwritten_external/W0011/lines_raw/W0011_P004_L016.png,,0,True,1155,67,66.4277,0.824049,review,transcription_required,W0011
W0011_P004_L017,lines_raw/W0011_P004_L017.png,page_004.png,W0011,116,1078,1271,1152,,,0.0,0.95,True,pending,Line crop; human transcription required,,data/handwritten_external/W0011/line_metadata.csv,77,/Users/macbookpro/Desktop/Development/khmer-handwritten-word-recognition/data/handwritten_external/W0011/lines_raw/W0011_P004_L017.png,,0,True,1155,74,65.8052,0.817,review,transcription_required,W0011
W0011_P004_L018,lines_raw/W0011_P004_L018.png,page_004.png,W0011,116,1148,1271,1222,,,0.0,0.95,True,pending,Line crop; human transcription required,,data/handwritten_external/W0011/line_metadata.csv,78,/Users/macbookpro/Desktop/Development/khmer-handwritten-word-recognition/data/handwritten_external/W0011/lines_raw/W0011_P004_L018.png,,0,True,1155,74,66.2465,0.80943,review,transcription_required,W0011
W0011_P004_L019,lines_raw/W0011_P004_L019.png,page_004.png,W0011,116,1218,1271,1302,,,0.0,0.95,True,pending,Line crop; human transcription required,,data/handwritten_external/W0011/line_metadata.csv,79,/Users/macbookpro/Desktop/Development/khmer-handwritten-word-recognition/data/handwritten_external/W0011/lines_raw/W0011_P004_L019.png,,0,True,1155,84,65.6608,0.818285,review,transcription_required,W0011
W0011_P004_L020,lines_raw/W0011_P004_L020.png,page_004.png,W0011,116,1298,1271,1374,,,0.0,0.95,True,pending,Line crop; human transcription required,,data/handwritten_external/W0011/line_metadata.csv,80,/Users/macbookpro/Desktop/Development/khmer-handwritten-word-recognition/data/handwritten_external/W0011/lines_raw/W0011_P004_L020.png,,0,True,1155,76,66.4611,0.801584,review,transcription_required,W0011
W0011_P004_L021,lines_raw/W0011_P004_L021.png,page_004.png,W0011,116,1370,1271,1469,,,0.0,0.95,True,pending,Line crop; human transcription required,,data/handwritten_external/W0011/line_metadata.csv,81,/Users/macbookpro/Desktop/Development/khmer-handwritten-word-recognition/data/handwritten_external/W0011/lines_raw/W0011_P004_L021.png,,0,True,1155,99,61.487,0.735992,review,transcription_required,W0011
W002_P002_L001,lines_raw/W002_P002_L001.png,page_002.png,W002,43,36,673,83,,,0.0,0.95,True,pending,Line crop; human transcription required; inspect possible header or source-overlay contamination,,data/handwritten_external/W002/line_metadata.csv,27,/Users/macbookpro/Desktop/Development/khmer-handwritten-word-recognition/data/handwritten_external/W002/lines_raw/W002_P002_L001.png,,0,True,630,47,54.4333,0.203343,review,transcription_required,W002
W002_P002_L002,lines_raw/W002_P002_L002.png,page_002.png,W002,43,79,691,120,,,0.0,0.95,True,pending,Line crop; human transcription required,,data/handwritten_external/W002/line_metadata.csv,28,/Users/macbookpro/Desktop/Development/khmer-handwritten-word-recognition/data/handwritten_external/W002/lines_raw/W002_P002_L002.png,,0,True,648,41,57.4749,0.219512,review,transcription_required,W002
W002_P002_L003,lines_raw/W002_P002_L003.png,page_002.png,W002,40,116,689,156,,,0.0,0.95,True,pending,Line crop; human transcription required,,data/handwritten_external/W002/line_metadata.csv,29,/Users/macbookpro/Desktop/Development/khmer-handwritten-word-recognition/data/handwritten_external/W002/lines_raw/W002_P002_L003.png,,0,True,649,40,58.396,0.238482,review,transcription_required,W002
W002_P002_L004,lines_raw/W002_P002_L004.png,page_002.png,W002,43,152,692,193,,,0.0,0.95,True,pending,Line crop; human transcription required,,data/handwritten_external/W002/line_metadata.csv,30,/Users/macbookpro/Desktop/Development/khmer-handwritten-word-recognition/data/handwritten_external/W002/lines_raw/W002_P002_L004.png,,0,True,649,41,56.2118,0.217107,review,transcription_required,W002
W002_P002_L005,lines_raw/W002_P002_L005.png,page_002.png,W002,36,189,679,230,,,0.0,0.95,True,pending,Line crop; human transcription required,,data/handwritten_external/W002/line_metadata.csv,31,/Users/macbookpro/Desktop/Development/khmer-handwritten-word-recognition/data/handwritten_external/W002/lines_raw/W002_P002_L005.png,,0,True,643,41,54.9405,0.206046,review,transcription_required,W002
W002_P002_L006,lines_raw/W002_P002_L006.png,page_002.png,W002,42,226,690,267,,,0.0,0.95,True,pending,Line crop; human transcription required,,data/handwritten_external/W002/line_metadata.csv,32,/Users/macbookpro/Desktop/Development/khmer-handwritten-word-recognition/data/handwritten_external/W002/lines_raw/W002_P002_L006.png,,0,True,648,41,55.3601,0.215184,review,transcription_required,W002
W002_P002_L007,lines_raw/W002_P002_L007.png,page_002.png,W002,38,263,676,305,,,0.0,0.95,True,pending,Line crop; human transcription required,,data/handwritten_external/W002/line_metadata.csv,33,/Users/macbookpro/Desktop/Development/khmer-handwritten-word-recognition/data/handwritten_external/W002/lines_raw/W002_P002_L007.png,,0,True,638,42,57.6164,0.234848,review,transcription_required,W002
W002_P002_L008,lines_raw/W002_P002_L008.png,page_002.png,W002,44,301,687,342,,,0.0,0.95,True,pending,Line crop; human transcription required,,data/handwritten_external/W002/line_metadata.csv,34,/Users/macbookpro/Desktop/Development/khmer-handwritten-word-recognition/data/handwritten_external/W002/lines_raw/W002_P002_L008.png,,0,True,643,41,57.5714,0.233244,review,transcription_required,W002
W002_P002_L009,lines_raw/W002_P002_L009.png,page_002.png,W002,42,338,690,379,,,0.0,0.95,True,pending,Line crop; human transcription required,,data/handwritten_external/W002/line_metadata.csv,35,/Users/macbookpro/Desktop/Development/khmer-handwritten-word-recognition/data/handwritten_external/W002/lines_raw/W002_P002_L009.png,,0,True,648,41,55.8142,0.225271,review,transcription_required,W002
W002_P002_L010,lines_raw/W002_P002_L010.png,page_002.png,W002,40,375,698,416,,,0.0,0.95,True,pending,Line crop; human transcription required,,data/handwritten_external/W002/line_metadata.csv,36,/Users/macbookpro/Desktop/Development/khmer-handwritten-word-recognition/data/handwritten_external/W002/lines_raw/W002_P002_L010.png,,0,True,658,41,56.4622,0.21714,review,transcription_required,W002
W002_P002_L011,lines_raw/W002_P002_L011.png,page_002.png,W002,43,412,700,453,,,0.0,0.95,True,pending,Line crop; human transcription required,,data/handwritten_external/W002/line_metadata.csv,37,/Users/macbookpro/Desktop/Development/khmer-handwritten-word-recognition/data/handwritten_external/W002/lines_raw/W002_P002_L011.png,,0,True,657,41,55.4077,0.214129,review,transcription_required,W002
W002_P002_L012,lines_raw/W002_P002_L012.png,page_002.png,W002,44,449,693,490,,,0.0,0.95,True,pending,Line crop; human transcription required,,data/handwritten_external/W002/line_metadata.csv,38,/Users/macbookpro/Desktop/Development/khmer-handwritten-word-recognition/data/handwritten_external/W002/lines_raw/W002_P002_L012.png,,0,True,649,41,56.7199,0.238228,review,transcription_required,W002
W002_P002_L013,lines_raw/W002_P002_L013.png,page_002.png,W002,44,486,685,528,,,0.0,0.95,True,pending,Line crop; human transcription required,,data/handwritten_external/W002/line_metadata.csv,39,/Users/macbookpro/Desktop/Development/khmer-handwritten-word-recognition/data/handwritten_external/W002/lines_raw/W002_P002_L013.png,,0,True,641,42,56.4876,0.236647,review,transcription_required,W002
W002_P002_L014,lines_raw/W002_P002_L014.png,page_002.png,W002,43,524,685,566,,,0.0,0.95,True,pending,Line crop; human transcription required,,data/handwritten_external/W002/line_metadata.csv,40,/Users/macbookpro/Desktop/Development/khmer-handwritten-word-recognition/data/handwritten_external/W002/lines_raw/W002_P002_L014.png,,0,True,642,42,57.1871,0.236501,review,transcription_required,W002
W002_P002_L015,lines_raw/W002_P002_L015.png,page_002.png,W002,40,562,694,603,,,0.0,0.95,True,pending,Line crop; human transcription required,,data/handwritten_external/W002/line_metadata.csv,41,/Users/macbookpro/Desktop/Development/khmer-handwritten-word-recognition/data/handwritten_external/W002/lines_raw/W002_P002_L015.png,,0,True,654,41,54.603,0.228836,review,transcription_required,W002
W002_P002_L016,lines_raw/W002_P002_L016.png,page_002.png,W002,45,599,688,641,,,0.0,0.95,True,pending,Line crop; human transcription required,,data/handwritten_external/W002/line_metadata.csv,42,/Users/macbookpro/Desktop/Development/khmer-handwritten-word-recognition/data/handwritten_external/W002/lines_raw/W002_P002_L016.png,,0,True,643,42,51.6481,0.202511,review,transcription_required,W002
W002_P002_L017,lines_raw/W002_P002_L017.png,page_002.png,W002,46,637,691,678,,,0.0,0.95,True,pending,Line crop; human transcription required,,data/handwritten_external/W002/line_metadata.csv,43,/Users/macbookpro/Desktop/Development/khmer-handwritten-word-recognition/data/handwritten_external/W002/lines_raw/W002_P002_L017.png,,0,True,645,41,54.4115,0.22371,review,transcription_required,W002
W002_P002_L018,lines_raw/W002_P002_L018.png,page_002.png,W002,43,674,697,715,,,0.0,0.95,True,pending,Line crop; human transcription required,,data/handwritten_external/W002/line_metadata.csv,44,/Users/macbookpro/Desktop/Development/khmer-handwritten-word-recognition/data/handwritten_external/W002/lines_raw/W002_P002_L018.png,,0,True,654,41,53.9153,0.212799,review,transcription_required,W002
W002_P002_L019,lines_raw/W002_P002_L019.png,page_002.png,W002,21,711,696,753,,,0.0,0.95,True,pending,Line crop; human transcription required,,data/handwritten_external/W002/line_metadata.csv,45,/Users/macbookpro/Desktop/Development/khmer-handwritten-word-recognition/data/handwritten_external/W002/lines_raw/W002_P002_L019.png,,0,True,675,42,53.904,0.21164,review,transcription_required,W002
W002_P002_L020,lines_raw/W002_P002_L020.png,page_002.png,W002,43,749,692,791,,,0.0,0.95,True,pending,Line crop; human transcription required,,data/handwritten_external/W002/line_metadata.csv,46,/Users/macbookpro/Desktop/Development/khmer-handwritten-word-recognition/data/handwritten_external/W002/lines_raw/W002_P002_L020.png,,0,True,649,42,54.9053,0.213552,review,transcription_required,W002
W002_P002_L021,lines_raw/W002_P002_L021.png,page_002.png,W002,43,787,670,828,,,0.0,0.95,True,pending,Line crop; human transcription required,,data/handwritten_external/W002/line_metadata.csv,47,/Users/macbookpro/Desktop/Development/khmer-handwritten-word-recognition/data/handwritten_external/W002/lines_raw/W002_P002_L021.png,,0,True,627,41,57.4677,0.22702,review,transcription_required,W002
W002_P002_L022,lines_raw/W002_P002_L022.png,page_002.png,W002,45,824,685,867,,,0.0,0.95,True,pending,Line crop; human transcription required,,data/handwritten_external/W002/line_metadata.csv,48,/Users/macbookpro/Desktop/Development/khmer-handwritten-word-recognition/data/handwritten_external/W002/lines_raw/W002_P002_L022.png,,0,True,640,43,55.8448,0.215225,review,transcription_required,W002
W002_P002_L023,lines_raw/W002_P002_L023.png,page_002.png,W002,46,863,684,904,,,0.0,0.95,True,pending,Line crop; human transcription required,,data/handwritten_external/W002/line_metadata.csv,49,/Users/macbookpro/Desktop/Development/khmer-handwritten-word-recognition/data/handwritten_external/W002/lines_raw/W002_P002_L023.png,,0,True,638,41,57.7876,0.221768,review,transcription_required,W002
W002_P002_L024,lines_raw/W002_P002_L024.png,page_002.png,W002,44,900,685,941,,,0.0,0.95,True,pending,Line crop; human transcription required,,data/handwritten_external/W002/line_metadata.csv,50,/Users/macbookpro/Desktop/Development/khmer-handwritten-word-recognition/data/handwritten_external/W002/lines_raw/W002_P002_L024.png,,0,True,641,41,58.7763,0.237967,review,transcription_required,W002
W002_P002_L025,lines_raw/W002_P002_L025.png,page_002.png,W002,44,937,667,985,,,0.0,0.95,True,pending,Line crop; human transcription required,,data/handwritten_external/W002/line_metadata.csv,51,/Users/macbookpro/Desktop/Development/khmer-handwritten-word-recognition/data/handwritten_external/W002/lines_raw/W002_P002_L025.png,,0,True,623,48,55.6187,0.201946,review,transcription_required,W002
W002_P003_L001,lines_raw/W002_P003_L001.png,page_003.png,W002,32,36,680,85,,,0.0,0.95,True,pending,Line crop; human transcription required; inspect possible header or source-overlay contamination,,data/handwritten_external/W002/line_metadata.csv,52,/Users/macbookpro/Desktop/Development/khmer-handwritten-word-recognition/data/handwritten_external/W002/lines_raw/W002_P003_L001.png,,0,True,648,49,52.2031,0.18043,review,transcription_required,W002
W002_P003_L002,lines_raw/W002_P003_L002.png,page_003.png,W002,31,81,683,121,,,0.0,0.95,True,pending,Line crop; human transcription required,,data/handwritten_external/W002/line_metadata.csv,53,/Users/macbookpro/Desktop/Development/khmer-handwritten-word-recognition/data/handwritten_external/W002/lines_raw/W002_P003_L002.png,,0,True,652,40,58.7596,0.235238,review,transcription_required,W002
W002_P003_L003,lines_raw/W002_P003_L003.png,page_003.png,W002,31,117,680,156,,,0.0,0.95,True,pending,Line crop; human transcription required,,data/handwritten_external/W002/line_metadata.csv,54,/Users/macbookpro/Desktop/Development/khmer-handwritten-word-recognition/data/handwritten_external/W002/lines_raw/W002_P003_L003.png,,0,True,649,39,58.5236,0.234681,review,transcription_required,W002
W002_P003_L004,lines_raw/W002_P003_L004.png,page_003.png,W002,33,152,671,192,,,0.0,0.95,True,pending,Line crop; human transcription required,,data/handwritten_external/W002/line_metadata.csv,55,/Users/macbookpro/Desktop/Development/khmer-handwritten-word-recognition/data/handwritten_external/W002/lines_raw/W002_P003_L004.png,,0,True,638,40,54.3786,0.186403,review,transcription_required,W002
W002_P003_L005,lines_raw/W002_P003_L005.png,page_003.png,W002,32,188,672,228,,,0.0,0.95,True,pending,Line crop; human transcription required,,data/handwritten_external/W002/line_metadata.csv,56,/Users/macbookpro/Desktop/Development/khmer-handwritten-word-recognition/data/handwritten_external/W002/lines_raw/W002_P003_L005.png,,0,True,640,40,56.6725,0.207695,review,transcription_required,W002
W002_P003_L006,lines_raw/W002_P003_L006.png,page_003.png,W002,26,224,671,265,,,0.0,0.95,True,pending,Line crop; human transcription required,,data/handwritten_external/W002/line_metadata.csv,57,/Users/macbookpro/Desktop/Development/khmer-handwritten-word-recognition/data/handwritten_external/W002/lines_raw/W002_P003_L006.png,,0,True,645,41,56.7492,0.216525,review,transcription_required,W002
W002_P003_L007,lines_raw/W002_P003_L007.png,page_003.png,W002,35,261,674,301,,,0.0,0.95,True,pending,Line crop; human transcription required,,data/handwritten_external/W002/line_metadata.csv,58,/Users/macbookpro/Desktop/Development/khmer-handwritten-word-recognition/data/handwritten_external/W002/lines_raw/W002_P003_L007.png,,0,True,639,40,58.6042,0.232433,review,transcription_required,W002
W002_P003_L008,lines_raw/W002_P003_L008.png,page_003.png,W002,35,297,677,338,,,0.0,0.95,True,pending,Line crop; human transcription required,,data/handwritten_external/W002/line_metadata.csv,59,/Users/macbookpro/Desktop/Development/khmer-handwritten-word-recognition/data/handwritten_external/W002/lines_raw/W002_P003_L008.png,,0,True,642,41,56.0849,0.219892,review,transcription_required,W002
W002_P003_L009,lines_raw/W002_P003_L009.png,page_003.png,W002,35,334,671,374,,,0.0,0.95,True,pending,Line crop; human transcription required,,data/handwritten_external/W002/line_metadata.csv,60,/Users/macbookpro/Desktop/Development/khmer-handwritten-word-recognition/data/handwritten_external/W002/lines_raw/W002_P003_L009.png,,0,True,636,40,56.8313,0.223899,review,transcription_required,W002
W002_P003_L010,lines_raw/W002_P003_L010.png,page_003.png,W002,35,370,680,410,,,0.0,0.95,True,pending,Line crop; human transcription required,,data/handwritten_external/W002/line_metadata.csv,61,/Users/macbookpro/Desktop/Development/khmer-handwritten-word-recognition/data/handwritten_external/W002/lines_raw/W002_P003_L010.png,,0,True,645,40,59.4,0.237054,review,transcription_required,W002
W002_P003_L011,lines_raw/W002_P003_L011.png,page_003.png,W002,35,406,670,447,,,0.0,0.95,True,pending,Line crop; human transcription required,,data/handwritten_external/W002/line_metadata.csv,62,/Users/macbookpro/Desktop/Development/khmer-handwritten-word-recognition/data/handwritten_external/W002/lines_raw/W002_P003_L011.png,,0,True,635,41,58.1485,0.229576,review,transcription_required,W002
W002_P003_L012,lines_raw/W002_P003_L012.png,page_003.png,W002,35,443,680,484,,,0.0,0.95,True,pending,Line crop; human transcription required,,data/handwritten_external/W002/line_metadata.csv,63,/Users/macbookpro/Desktop/Development/khmer-handwritten-word-recognition/data/handwritten_external/W002/lines_raw/W002_P003_L012.png,,0,True,645,41,58.656,0.235092,review,transcription_required,W002
W002_P003_L013,lines_raw/W002_P003_L013.png,page_003.png,W002,35,480,683,521,,,0.0,0.95,True,pending,Line crop; human transcription required,,data/handwritten_external/W002/line_metadata.csv,64,/Users/macbookpro/Desktop/Development/khmer-handwritten-word-recognition/data/handwritten_external/W002/lines_raw/W002_P003_L013.png,,0,True,648,41,58.7408,0.231933,review,transcription_required,W002
W002_P003_L014,lines_raw/W002_P003_L014.png,page_003.png,W002,35,517,668,558,,,0.0,0.95,True,pending,Line crop; human transcription required,,data/handwritten_external/W002/line_metadata.csv,65,/Users/macbookpro/Desktop/Development/khmer-handwritten-word-recognition/data/handwritten_external/W002/lines_raw/W002_P003_L014.png,,0,True,633,41,59.2419,0.23504,review,transcription_required,W002
W002_P003_L015,lines_raw/W002_P003_L015.png,page_003.png,W002,36,554,687,595,,,0.0,0.95,True,pending,Line crop; human transcription required,,data/handwritten_external/W002/line_metadata.csv,66,/Users/macbookpro/Desktop/Development/khmer-handwritten-word-recognition/data/handwritten_external/W002/lines_raw/W002_P003_L015.png,,0,True,651,41,61.2536,0.249972,review,transcription_required,W002
W002_P003_L016,lines_raw/W002_P003_L016.png,page_003.png,W002,36,591,677,632,,,0.0,0.95,True,pending,Line crop; human transcription required,,data/handwritten_external/W002/line_metadata.csv,67,/Users/macbookpro/Desktop/Development/khmer-handwritten-word-recognition/data/handwritten_external/W002/lines_raw/W002_P003_L016.png,,0,True,641,41,59.0807,0.226247,review,transcription_required,W002
W002_P003_L017,lines_raw/W002_P003_L017.png,page_003.png,W002,34,628,658,669,,,0.0,0.95,True,pending,Line crop; human transcription required,,data/handwritten_external/W002/line_metadata.csv,68,/Users/macbookpro/Desktop/Development/khmer-handwritten-word-recognition/data/handwritten_external/W002/lines_raw/W002_P003_L017.png,,0,True,624,41,57.8926,0.223421,review,transcription_required,W002
W002_P003_L018,lines_raw/W002_P003_L018.png,page_003.png,W002,35,665,681,707,,,0.0,0.95,True,pending,Line crop; human transcription required,,data/handwritten_external/W002/line_metadata.csv,69,/Users/macbookpro/Desktop/Development/khmer-handwritten-word-recognition/data/handwritten_external/W002/lines_raw/W002_P003_L018.png,,0,True,646,42,56.0448,0.21001,review,transcription_required,W002
W002_P003_L019,lines_raw/W002_P003_L019.png,page_003.png,W002,34,703,680,744,,,0.0,0.95,True,pending,Line crop; human transcription required,,data/handwritten_external/W002/line_metadata.csv,70,/Users/macbookpro/Desktop/Development/khmer-handwritten-word-recognition/data/handwritten_external/W002/lines_raw/W002_P003_L019.png,,0,True,646,41,56.6157,0.209884,review,transcription_required,W002
W002_P003_L020,lines_raw/W002_P003_L020.png,page_003.png,W002,36,740,538,780,,,0.0,0.95,True,pending,Line crop; human transcription required,,data/handwritten_external/W002/line_metadata.csv,71,/Users/macbookpro/Desktop/Development/khmer-handwritten-word-recognition/data/handwritten_external/W002/lines_raw/W002_P003_L020.png,,0,True,502,40,58.9969,0.230428,review,transcription_required,W002
W002_P003_L021,lines_raw/W002_P003_L021.png,page_003.png,W002,43,776,685,816,,,0.0,0.95,True,pending,Line crop; human transcription required,,data/handwritten_external/W002/line_metadata.csv,72,/Users/macbookpro/Desktop/Development/khmer-handwritten-word-recognition/data/handwritten_external/W002/lines_raw/W002_P003_L021.png,,0,True,642,40,57.8677,0.219315,review,transcription_required,W002
W002_P003_L022,lines_raw/W002_P003_L022.png,page_003.png,W002,37,812,683,854,,,0.0,0.95,True,pending,Line crop; human transcription required,,data/handwritten_external/W002/line_metadata.csv,73,/Users/macbookpro/Desktop/Development/khmer-handwritten-word-recognition/data/handwritten_external/W002/lines_raw/W002_P003_L022.png,,0,True,646,42,55.8155,0.204887,review,transcription_required,W002
W002_P003_L023,lines_raw/W002_P003_L023.png,page_003.png,W002,33,850,674,891,,,0.0,0.95,True,pending,Line crop; human transcription required,,data/handwritten_external/W002/line_metadata.csv,74,/Users/macbookpro/Desktop/Development/khmer-handwritten-word-recognition/data/handwritten_external/W002/lines_raw/W002_P003_L023.png,,0,True,641,41,57.688,0.218104,review,transcription_required,W002
W002_P003_L024,lines_raw/W002_P003_L024.png,page_003.png,W002,37,887,682,928,,,0.0,0.95,True,pending,Line crop; human transcription required,,data/handwritten_external/W002/line_metadata.csv,75,/Users/macbookpro/Desktop/Development/khmer-handwritten-word-recognition/data/handwritten_external/W002/lines_raw/W002_P003_L024.png,,0,True,645,41,56.6399,0.20605,review,transcription_required,W002
W002_P003_L025,lines_raw/W002_P003_L025.png,page_003.png,W002,30,924,703,987,,,0.0,0.95,True,pending,Line crop; human transcription required,,data/handwritten_external/W002/line_metadata.csv,76,/Users/macbookpro/Desktop/Development/khmer-handwritten-word-recognition/data/handwritten_external/W002/lines_raw/W002_P003_L025.png,,0,True,673,63,48.086,0.135381,review,transcription_required,W002
W002_P004_L001,lines_raw/W002_P004_L001.png,page_004.png,W002,34,36,681,87,,,0.0,0.95,True,pending,Line crop; human transcription required; inspect possible header or source-overlay contamination,,data/handwritten_external/W002/line_metadata.csv,77,/Users/macbookpro/Desktop/Development/khmer-handwritten-word-recognition/data/handwritten_external/W002/lines_raw/W002_P004_L001.png,,0,True,647,51,48.0743,0.155135,review,transcription_required,W002
W002_P004_L002,lines_raw/W002_P004_L002.png,page_004.png,W002,32,83,677,124,,,0.0,0.95,True,pending,Line crop; human transcription required,,data/handwritten_external/W002/line_metadata.csv,78,/Users/macbookpro/Desktop/Development/khmer-handwritten-word-recognition/data/handwritten_external/W002/lines_raw/W002_P004_L002.png,,0,True,645,41,56.6461,0.221479,review,transcription_required,W002
W002_P004_L003,lines_raw/W002_P004_L003.png,page_004.png,W002,32,120,678,160,,,0.0,0.95,True,pending,Line crop; human transcription required,,data/handwritten_external/W002/line_metadata.csv,79,/Users/macbookpro/Desktop/Development/khmer-handwritten-word-recognition/data/handwritten_external/W002/lines_raw/W002_P004_L003.png,,0,True,646,40,57.6593,0.230921,review,transcription_required,W002
W002_P004_L004,lines_raw/W002_P004_L004.png,page_004.png,W002,34,156,685,196,,,0.0,0.95,True,pending,Line crop; human transcription required,,data/handwritten_external/W002/line_metadata.csv,80,/Users/macbookpro/Desktop/Development/khmer-handwritten-word-recognition/data/handwritten_external/W002/lines_raw/W002_P004_L004.png,,0,True,651,40,56.6544,0.228763,review,transcription_required,W002
W002_P004_L005,lines_raw/W002_P004_L005.png,page_004.png,W002,33,192,685,233,,,0.0,0.95,True,pending,Line crop; human transcription required,,data/handwritten_external/W002/line_metadata.csv,81,/Users/macbookpro/Desktop/Development/khmer-handwritten-word-recognition/data/handwritten_external/W002/lines_raw/W002_P004_L005.png,,0,True,652,41,53.4392,0.18981,review,transcription_required,W002
W002_P004_L006,lines_raw/W002_P004_L006.png,page_004.png,W002,33,229,679,268,,,0.0,0.95,True,pending,Line crop; human transcription required,,data/handwritten_external/W002/line_metadata.csv,82,/Users/macbookpro/Desktop/Development/khmer-handwritten-word-recognition/data/handwritten_external/W002/lines_raw/W002_P004_L006.png,,0,True,646,39,56.1518,0.22168,review,transcription_required,W002
W002_P004_L007,lines_raw/W002_P004_L007.png,page_004.png,W002,35,264,685,305,,,0.0,0.95,True,pending,Line crop; human transcription required,,data/handwritten_external/W002/line_metadata.csv,83,/Users/macbookpro/Desktop/Development/khmer-handwritten-word-recognition/data/handwritten_external/W002/lines_raw/W002_P004_L007.png,,0,True,650,41,55.5362,0.213846,review,transcription_required,W002
W002_P004_L008,lines_raw/W002_P004_L008.png,page_004.png,W002,35,301,678,343,,,0.0,0.95,True,pending,Line crop; human transcription required,,data/handwritten_external/W002/line_metadata.csv,84,/Users/macbookpro/Desktop/Development/khmer-handwritten-word-recognition/data/handwritten_external/W002/lines_raw/W002_P004_L008.png,,0,True,643,42,55.1634,0.204288,review,transcription_required,W002
W002_P004_L009,lines_raw/W002_P004_L009.png,page_004.png,W002,33,339,692,380,,,0.0,0.95,True,pending,Line crop; human transcription required,,data/handwritten_external/W002/line_metadata.csv,85,/Users/macbookpro/Desktop/Development/khmer-handwritten-word-recognition/data/handwritten_external/W002/lines_raw/W002_P004_L009.png,,0,True,659,41,56.7343,0.220511,review,transcription_required,W002
W002_P004_L010,lines_raw/W002_P004_L010.png,page_004.png,W002,32,376,687,417,,,0.0,0.95,True,pending,Line crop; human transcription required,,data/handwritten_external/W002/line_metadata.csv,86,/Users/macbookpro/Desktop/Development/khmer-handwritten-word-recognition/data/handwritten_external/W002/lines_raw/W002_P004_L010.png,,0,True,655,41,57.5022,0.220778,review,transcription_required,W002
W002_P004_L011,lines_raw/W002_P004_L011.png,page_004.png,W002,36,413,667,454,,,0.0,0.95,True,pending,Line crop; human transcription required,,data/handwritten_external/W002/line_metadata.csv,87,/Users/macbookpro/Desktop/Development/khmer-handwritten-word-recognition/data/handwritten_external/W002/lines_raw/W002_P004_L011.png,,0,True,631,41,55.5923,0.210081,review,transcription_required,W002
W002_P004_L012,lines_raw/W002_P004_L012.png,page_004.png,W002,36,450,695,491,,,0.0,0.95,True,pending,Line crop; human transcription required,,data/handwritten_external/W002/line_metadata.csv,88,/Users/macbookpro/Desktop/Development/khmer-handwritten-word-recognition/data/handwritten_external/W002/lines_raw/W002_P004_L012.png,,0,True,659,41,55.9538,0.218587,review,transcription_required,W002
W002_P004_L013,lines_raw/W002_P004_L013.png,page_004.png,W002,36,487,684,528,,,0.0,0.95,True,pending,Line crop; human transcription required,,data/handwritten_external/W002/line_metadata.csv,89,/Users/macbookpro/Desktop/Development/khmer-handwritten-word-recognition/data/handwritten_external/W002/lines_raw/W002_P004_L013.png,,0,True,648,41,55.3727,0.224593,review,transcription_required,W002
W002_P004_L014,lines_raw/W002_P004_L014.png,page_004.png,W002,34,524,689,566,,,0.0,0.95,True,pending,Line crop; human transcription required,,data/handwritten_external/W002/line_metadata.csv,90,/Users/macbookpro/Desktop/Development/khmer-handwritten-word-recognition/data/handwritten_external/W002/lines_raw/W002_P004_L014.png,,0,True,655,42,55.6414,0.221374,review,transcription_required,W002
W002_P004_L015,lines_raw/W002_P004_L015.png,page_004.png,W002,37,562,686,603,,,0.0,0.95,True,pending,Line crop; human transcription required,,data/handwritten_external/W002/line_metadata.csv,91,/Users/macbookpro/Desktop/Development/khmer-handwritten-word-recognition/data/handwritten_external/W002/lines_raw/W002_P004_L015.png,,0,True,649,41,55.8153,0.23011,review,transcription_required,W002
W002_P004_L016,lines_raw/W002_P004_L016.png,page_004.png,W002,35,599,674,640,,,0.0,0.95,True,pending,Line crop; human transcription required,,data/handwritten_external/W002/line_metadata.csv,92,/Users/macbookpro/Desktop/Development/khmer-handwritten-word-recognition/data/handwritten_external/W002/lines_raw/W002_P004_L016.png,,0,True,639,41,54.231,0.209817,review,transcription_required,W002
W002_P004_L017,lines_raw/W002_P004_L017.png,page_004.png,W002,37,636,674,677,,,0.0,0.95,True,pending,Line crop; human transcription required,,data/handwritten_external/W002/line_metadata.csv,93,/Users/macbookpro/Desktop/Development/khmer-handwritten-word-recognition/data/handwritten_external/W002/lines_raw/W002_P004_L017.png,,0,True,637,41,57.3245,0.233411,review,transcription_required,W002
W002_P004_L018,lines_raw/W002_P004_L018.png,page_004.png,W002,37,673,683,715,,,0.0,0.95,True,pending,Line crop; human transcription required,,data/handwritten_external/W002/line_metadata.csv,94,/Users/macbookpro/Desktop/Development/khmer-handwritten-word-recognition/data/handwritten_external/W002/lines_raw/W002_P004_L018.png,,0,True,646,42,54.8318,0.20931,review,transcription_required,W002
W002_P004_L019,lines_raw/W002_P004_L019.png,page_004.png,W002,35,711,688,752,,,0.0,0.95,True,pending,Line crop; human transcription required,,data/handwritten_external/W002/line_metadata.csv,95,/Users/macbookpro/Desktop/Development/khmer-handwritten-word-recognition/data/handwritten_external/W002/lines_raw/W002_P004_L019.png,,0,True,653,41,54.7468,0.207448,review,transcription_required,W002
W002_P004_L020,lines_raw/W002_P004_L020.png,page_004.png,W002,39,748,677,788,,,0.0,0.95,True,pending,Line crop; human transcription required,,data/handwritten_external/W002/line_metadata.csv,96,/Users/macbookpro/Desktop/Development/khmer-handwritten-word-recognition/data/handwritten_external/W002/lines_raw/W002_P004_L020.png,,0,True,638,40,58.6071,0.237618,review,transcription_required,W002
W002_P004_L021,lines_raw/W002_P004_L021.png,page_004.png,W002,36,784,682,826,,,0.0,0.95,True,pending,Line crop; human transcription required,,data/handwritten_external/W002/line_metadata.csv,97,/Users/macbookpro/Desktop/Development/khmer-handwritten-word-recognition/data/handwritten_external/W002/lines_raw/W002_P004_L021.png,,0,True,646,42,55.7809,0.221768,review,transcription_required,W002
W002_P004_L022,lines_raw/W002_P004_L022.png,page_004.png,W002,38,822,693,864,,,0.0,0.95,True,pending,Line crop; human transcription required,,data/handwritten_external/W002/line_metadata.csv,98,/Users/macbookpro/Desktop/Development/khmer-handwritten-word-recognition/data/handwritten_external/W002/lines_raw/W002_P004_L022.png,,0,True,655,42,54.8585,0.211269,review,transcription_required,W002
W002_P004_L023,lines_raw/W002_P004_L023.png,page_004.png,W002,41,860,696,902,,,0.0,0.95,True,pending,Line crop; human transcription required,,data/handwritten_external/W002/line_metadata.csv,99,/Users/macbookpro/Desktop/Development/khmer-handwritten-word-recognition/data/handwritten_external/W002/lines_raw/W002_P004_L023.png,,0,True,655,42,54.9127,0.207888,review,transcription_required,W002
W002_P004_L024,lines_raw/W002_P004_L024.png,page_004.png,W002,40,898,698,940,,,0.0,0.95,True,pending,Line crop; human transcription required,,data/handwritten_external/W002/line_metadata.csv,100,/Users/macbookpro/Desktop/Development/khmer-handwritten-word-recognition/data/handwritten_external/W002/lines_raw/W002_P004_L024.png,,0,True,658,42,55.598,0.214105,review,transcription_required,W002
W002_P004_L025,lines_raw/W002_P004_L025.png,page_004.png,W002,41,936,678,982,,,0.0,0.95,True,pending,Line crop; human transcription required,,data/handwritten_external/W002/line_metadata.csv,101,/Users/macbookpro/Desktop/Development/khmer-handwritten-word-recognition/data/handwritten_external/W002/lines_raw/W002_P004_L025.png,,0,True,637,46,53.0456,0.19026,review,transcription_required,W002
W002_P005_L001,lines_raw/W002_P005_L001.png,page_005.png,W002,29,36,684,89,,,0.0,0.95,True,pending,Line crop; human transcription required; inspect possible header or source-overlay contamination,,data/handwritten_external/W002/line_metadata.csv,102,/Users/macbookpro/Desktop/Development/khmer-handwritten-word-recognition/data/handwritten_external/W002/lines_raw/W002_P005_L001.png,,0,True,655,53,52.5003,0.183984,review,transcription_required,W002
W002_P005_L002,lines_raw/W002_P005_L002.png,page_005.png,W002,26,85,694,126,,,0.0,0.95,True,pending,Line crop; human transcription required,,data/handwritten_external/W002/line_metadata.csv,103,/Users/macbookpro/Desktop/Development/khmer-handwritten-word-recognition/data/handwritten_external/W002/lines_raw/W002_P005_L002.png,,0,True,668,41,58.7725,0.241456,review,transcription_required,W002
W002_P005_L003,lines_raw/W002_P005_L003.png,page_005.png,W002,22,122,678,161,,,0.0,0.95,True,pending,Line crop; human transcription required,,data/handwritten_external/W002/line_metadata.csv,104,/Users/macbookpro/Desktop/Development/khmer-handwritten-word-recognition/data/handwritten_external/W002/lines_raw/W002_P005_L003.png,,0,True,656,39,57.9911,0.230769,review,transcription_required,W002
W002_P005_L004,lines_raw/W002_P005_L004.png,page_005.png,W002,26,157,680,197,,,0.0,0.95,True,pending,Line crop; human transcription required,,data/handwritten_external/W002/line_metadata.csv,105,/Users/macbookpro/Desktop/Development/khmer-handwritten-word-recognition/data/handwritten_external/W002/lines_raw/W002_P005_L004.png,,0,True,654,40,58.1833,0.233372,review,transcription_required,W002
W002_P005_L005,lines_raw/W002_P005_L005.png,page_005.png,W002,28,193,677,233,,,0.0,0.95,True,pending,Line crop; human transcription required,,data/handwritten_external/W002/line_metadata.csv,106,/Users/macbookpro/Desktop/Development/khmer-handwritten-word-recognition/data/handwritten_external/W002/lines_raw/W002_P005_L005.png,,0,True,649,40,59.584,0.23124,review,transcription_required,W002
W002_P005_L006,lines_raw/W002_P005_L006.png,page_005.png,W002,27,229,689,270,,,0.0,0.95,True,pending,Line crop; human transcription required,,data/handwritten_external/W002/line_metadata.csv,107,/Users/macbookpro/Desktop/Development/khmer-handwritten-word-recognition/data/handwritten_external/W002/lines_raw/W002_P005_L006.png,,0,True,662,41,60.4846,0.252892,review,transcription_required,W002
W002_P005_L007,lines_raw/W002_P005_L007.png,page_005.png,W002,27,266,674,307,,,0.0,0.95,True,pending,Line crop; human transcription required,,data/handwritten_external/W002/line_metadata.csv,108,/Users/macbookpro/Desktop/Development/khmer-handwritten-word-recognition/data/handwritten_external/W002/lines_raw/W002_P005_L007.png,,0,True,647,41,59.4414,0.241113,review,transcription_required,W002
W002_P005_L008,lines_raw/W002_P005_L008.png,page_005.png,W002,23,303,669,344,,,0.0,0.95,True,pending,Line crop; human transcription required,,data/handwritten_external/W002/line_metadata.csv,109,/Users/macbookpro/Desktop/Development/khmer-handwritten-word-recognition/data/handwritten_external/W002/lines_raw/W002_P005_L008.png,,0,True,646,41,60.4555,0.241297,review,transcription_required,W002
W002_P005_L009,lines_raw/W002_P005_L009.png,page_005.png,W002,28,340,674,381,,,0.0,0.95,True,pending,Line crop; human transcription required,,data/handwritten_external/W002/line_metadata.csv,110,/Users/macbookpro/Desktop/Development/khmer-handwritten-word-recognition/data/handwritten_external/W002/lines_raw/W002_P005_L009.png,,0,True,646,41,58.6703,0.227365,review,transcription_required,W002
W002_P005_L010,lines_raw/W002_P005_L010.png,page_005.png,W002,27,377,676,418,,,0.0,0.95,True,pending,Line crop; human transcription required,,data/handwritten_external/W002/line_metadata.csv,111,/Users/macbookpro/Desktop/Development/khmer-handwritten-word-recognition/data/handwritten_external/W002/lines_raw/W002_P005_L010.png,,0,True,649,41,56.3044,0.209328,review,transcription_required,W002
W002_P005_L011,lines_raw/W002_P005_L011.png,page_005.png,W002,26,414,677,454,,,0.0,0.95,True,pending,Line crop; human transcription required,,data/handwritten_external/W002/line_metadata.csv,112,/Users/macbookpro/Desktop/Development/khmer-handwritten-word-recognition/data/handwritten_external/W002/lines_raw/W002_P005_L011.png,,0,True,651,40,57.376,0.215438,review,transcription_required,W002
W002_P005_L012,lines_raw/W002_P005_L012.png,page_005.png,W002,27,450,674,492,,,0.0,0.95,True,pending,Line crop; human transcription required,,data/handwritten_external/W002/line_metadata.csv,113,/Users/macbookpro/Desktop/Development/khmer-handwritten-word-recognition/data/handwritten_external/W002/lines_raw/W002_P005_L012.png,,0,True,647,42,55.0757,0.196511,review,transcription_required,W002
W002_P005_L013,lines_raw/W002_P005_L013.png,page_005.png,W002,25,488,673,528,,,0.0,0.95,True,pending,Line crop; human transcription required,,data/handwritten_external/W002/line_metadata.csv,114,/Users/macbookpro/Desktop/Development/khmer-handwritten-word-recognition/data/handwritten_external/W002/lines_raw/W002_P005_L013.png,,0,True,648,40,57.0488,0.222222,review,transcription_required,W002
W002_P005_L014,lines_raw/W002_P005_L014.png,page_005.png,W002,27,524,673,564,,,0.0,0.95,True,pending,Line crop; human transcription required,,data/handwritten_external/W002/line_metadata.csv,115,/Users/macbookpro/Desktop/Development/khmer-handwritten-word-recognition/data/handwritten_external/W002/lines_raw/W002_P005_L014.png,,0,True,646,40,57.879,0.224497,review,transcription_required,W002
W002_P005_L015,lines_raw/W002_P005_L015.png,page_005.png,W002,25,560,668,601,,,0.0,0.95,True,pending,Line crop; human transcription required,,data/handwritten_external/W002/line_metadata.csv,116,/Users/macbookpro/Desktop/Development/khmer-handwritten-word-recognition/data/handwritten_external/W002/lines_raw/W002_P005_L015.png,,0,True,643,41,58.2838,0.228464,review,transcription_required,W002
W002_P005_L016,lines_raw/W002_P005_L016.png,page_005.png,W002,27,597,673,638,,,0.0,0.95,True,pending,Line crop; human transcription required,,data/handwritten_external/W002/line_metadata.csv,117,/Users/macbookpro/Desktop/Development/khmer-handwritten-word-recognition/data/handwritten_external/W002/lines_raw/W002_P005_L016.png,,0,True,646,41,59.324,0.227328,review,transcription_required,W002
W002_P005_L017,lines_raw/W002_P005_L017.png,page_005.png,W002,27,634,685,675,,,0.0,0.95,True,pending,Line crop; human transcription required,,data/handwritten_external/W002/line_metadata.csv,118,/Users/macbookpro/Desktop/Development/khmer-handwritten-word-recognition/data/handwritten_external/W002/lines_raw/W002_P005_L017.png,,0,True,658,41,58.3931,0.233561,review,transcription_required,W002
W002_P005_L018,lines_raw/W002_P005_L018.png,page_005.png,W002,86,671,688,713,,,0.0,0.95,True,pending,Line crop; human transcription required,,data/handwritten_external/W002/line_metadata.csv,119,/Users/macbookpro/Desktop/Development/khmer-handwritten-word-recognition/data/handwritten_external/W002/lines_raw/W002_P005_L018.png,,0,True,602,42,60.0181,0.230739,review,transcription_required,W002
W002_P005_L019,lines_raw/W002_P005_L019.png,page_005.png,W002,29,709,670,750,,,0.0,0.95,True,pending,Line crop; human transcription required,,data/handwritten_external/W002/line_metadata.csv,120,/Users/macbookpro/Desktop/Development/khmer-handwritten-word-recognition/data/handwritten_external/W002/lines_raw/W002_P005_L019.png,,0,True,641,41,57.0338,0.207641,review,transcription_required,W002
W002_P005_L020,lines_raw/W002_P005_L020.png,page_005.png,W002,31,746,662,786,,,0.0,0.95,True,pending,Line crop; human transcription required,,data/handwritten_external/W002/line_metadata.csv,121,/Users/macbookpro/Desktop/Development/khmer-handwritten-word-recognition/data/handwritten_external/W002/lines_raw/W002_P005_L020.png,,0,True,631,40,57.422,0.212005,review,transcription_required,W002
W002_P005_L021,lines_raw/W002_P005_L021.png,page_005.png,W002,28,782,312,823,,,0.0,0.95,True,pending,Line crop; human transcription required,,data/handwritten_external/W002/line_metadata.csv,122,/Users/macbookpro/Desktop/Development/khmer-handwritten-word-recognition/data/handwritten_external/W002/lines_raw/W002_P005_L021.png,,0,True,284,41,56.8852,0.212298,review,transcription_required,W002
W002_P005_L022,lines_raw/W002_P005_L022.png,page_005.png,W002,83,819,681,861,,,0.0,0.95,True,pending,Line crop; human transcription required,,data/handwritten_external/W002/line_metadata.csv,123,/Users/macbookpro/Desktop/Development/khmer-handwritten-word-recognition/data/handwritten_external/W002/lines_raw/W002_P005_L022.png,,0,True,598,42,56.5511,0.200191,review,transcription_required,W002
W002_P005_L023,lines_raw/W002_P005_L023.png,page_005.png,W002,29,857,676,898,,,0.0,0.95,True,pending,Line crop; human transcription required,,data/handwritten_external/W002/line_metadata.csv,124,/Users/macbookpro/Desktop/Development/khmer-handwritten-word-recognition/data/handwritten_external/W002/lines_raw/W002_P005_L023.png,,0,True,647,41,60.2358,0.230746,review,transcription_required,W002
W002_P005_L024,lines_raw/W002_P005_L024.png,page_005.png,W002,26,894,689,935,,,0.0,0.95,True,pending,Line crop; human transcription required,,data/handwritten_external/W002/line_metadata.csv,125,/Users/macbookpro/Desktop/Development/khmer-handwritten-word-recognition/data/handwritten_external/W002/lines_raw/W002_P005_L024.png,,0,True,663,41,59.3249,0.2279,review,transcription_required,W002
W002_P005_L025,lines_raw/W002_P005_L025.png,page_005.png,W002,27,931,663,980,,,0.0,0.95,True,pending,Line crop; human transcription required,,data/handwritten_external/W002/line_metadata.csv,126,/Users/macbookpro/Desktop/Development/khmer-handwritten-word-recognition/data/handwritten_external/W002/lines_raw/W002_P005_L025.png,,0,True,636,49,53.1523,0.176903,review,transcription_required,W002
W003_P002_L001,lines_raw/W003_P002_L001.png,page_002.png,W003,48,29,683,73,,,0.0,0.95,True,pending,Line crop; human transcription required,,data/handwritten_external/W003/line_metadata.csv,27,/Users/macbookpro/Desktop/Development/khmer-handwritten-word-recognition/data/handwritten_external/W003/lines_raw/W003_P002_L001.png,,0,True,635,44,35.7741,0.979098,review,transcription_required,W003
W003_P002_L002,lines_raw/W003_P002_L002.png,page_002.png,W003,46,69,668,105,,,0.0,0.95,True,pending,Line crop; human transcription required,,data/handwritten_external/W003/line_metadata.csv,28,/Users/macbookpro/Desktop/Development/khmer-handwritten-word-recognition/data/handwritten_external/W003/lines_raw/W003_P002_L002.png,,0,True,622,36,38.0869,0.972713,review,transcription_required,W003
W003_P002_L003,lines_raw/W003_P002_L003.png,page_002.png,W003,45,101,683,138,,,0.0,0.95,True,pending,Line crop; human transcription required,,data/handwritten_external/W003/line_metadata.csv,29,/Users/macbookpro/Desktop/Development/khmer-handwritten-word-recognition/data/handwritten_external/W003/lines_raw/W003_P002_L003.png,,0,True,638,37,38.1157,0.974625,review,transcription_required,W003
W003_P002_L004,lines_raw/W003_P002_L004.png,page_002.png,W003,44,134,661,173,,,0.0,0.95,True,pending,Line crop; human transcription required,,data/handwritten_external/W003/line_metadata.csv,30,/Users/macbookpro/Desktop/Development/khmer-handwritten-word-recognition/data/handwritten_external/W003/lines_raw/W003_P002_L004.png,,0,True,617,39,37.5632,0.976395,review,transcription_required,W003
W003_P002_L005,lines_raw/W003_P002_L005.png,page_002.png,W003,43,169,682,207,,,0.0,0.95,True,pending,Line crop; human transcription required,,data/handwritten_external/W003/line_metadata.csv,31,/Users/macbookpro/Desktop/Development/khmer-handwritten-word-recognition/data/handwritten_external/W003/lines_raw/W003_P002_L005.png,,0,True,639,38,37.8858,0.971749,review,transcription_required,W003
W003_P002_L006,lines_raw/W003_P002_L006.png,page_002.png,W003,42,203,678,240,,,0.0,0.95,True,pending,Line crop; human transcription required,,data/handwritten_external/W003/line_metadata.csv,32,/Users/macbookpro/Desktop/Development/khmer-handwritten-word-recognition/data/handwritten_external/W003/lines_raw/W003_P002_L006.png,,0,True,636,37,36.6961,0.971656,review,transcription_required,W003
W003_P002_L007,lines_raw/W003_P002_L007.png,page_002.png,W003,42,236,674,274,,,0.0,0.95,True,pending,Line crop; human transcription required,,data/handwritten_external/W003/line_metadata.csv,33,/Users/macbookpro/Desktop/Development/khmer-handwritten-word-recognition/data/handwritten_external/W003/lines_raw/W003_P002_L007.png,,0,True,632,38,34.2829,0.970769,review,transcription_required,W003
W003_P002_L008,lines_raw/W003_P002_L008.png,page_002.png,W003,40,270,683,308,,,0.0,0.95,True,pending,Line crop; human transcription required,,data/handwritten_external/W003/line_metadata.csv,34,/Users/macbookpro/Desktop/Development/khmer-handwritten-word-recognition/data/handwritten_external/W003/lines_raw/W003_P002_L008.png,,0,True,643,38,35.5952,0.962839,review,transcription_required,W003
W003_P002_L009,lines_raw/W003_P002_L009.png,page_002.png,W003,42,304,668,342,,,0.0,0.95,True,pending,Line crop; human transcription required,,data/handwritten_external/W003/line_metadata.csv,35,/Users/macbookpro/Desktop/Development/khmer-handwritten-word-recognition/data/handwritten_external/W003/lines_raw/W003_P002_L009.png,,0,True,626,38,35.4604,0.962796,review,transcription_required,W003
W003_P002_L010,lines_raw/W003_P002_L010.png,page_002.png,W003,41,338,672,375,,,0.0,0.95,True,pending,Line crop; human transcription required,,data/handwritten_external/W003/line_metadata.csv,36,/Users/macbookpro/Desktop/Development/khmer-handwritten-word-recognition/data/handwritten_external/W003/lines_raw/W003_P002_L010.png,,0,True,631,37,36.7914,0.951771,review,transcription_required,W003
W003_P002_L011,lines_raw/W003_P002_L011.png,page_002.png,W003,40,371,683,408,,,0.0,0.95,True,pending,Line crop; human transcription required,,data/handwritten_external/W003/line_metadata.csv,37,/Users/macbookpro/Desktop/Development/khmer-handwritten-word-recognition/data/handwritten_external/W003/lines_raw/W003_P002_L011.png,,0,True,643,37,35.3157,0.954605,review,transcription_required,W003
W003_P002_L012,lines_raw/W003_P002_L012.png,page_002.png,W003,37,404,665,442,,,0.0,0.95,True,pending,Line crop; human transcription required,,data/handwritten_external/W003/line_metadata.csv,38,/Users/macbookpro/Desktop/Development/khmer-handwritten-word-recognition/data/handwritten_external/W003/lines_raw/W003_P002_L012.png,,0,True,628,38,34.3112,0.953277,review,transcription_required,W003
W003_P002_L013,lines_raw/W003_P002_L013.png,page_002.png,W003,39,438,672,477,,,0.0,0.95,True,pending,Line crop; human transcription required,,data/handwritten_external/W003/line_metadata.csv,39,/Users/macbookpro/Desktop/Development/khmer-handwritten-word-recognition/data/handwritten_external/W003/lines_raw/W003_P002_L013.png,,0,True,633,39,35.5772,0.952364,review,transcription_required,W003
W003_P002_L014,lines_raw/W003_P002_L014.png,page_002.png,W003,34,473,687,512,,,0.0,0.95,True,pending,Line crop; human transcription required,,data/handwritten_external/W003/line_metadata.csv,40,/Users/macbookpro/Desktop/Development/khmer-handwritten-word-recognition/data/handwritten_external/W003/lines_raw/W003_P002_L014.png,,0,True,653,39,36.358,0.955001,review,transcription_required,W003
W003_P002_L015,lines_raw/W003_P002_L015.png,page_002.png,W003,34,508,663,546,,,0.0,0.95,True,pending,Line crop; human transcription required,,data/handwritten_external/W003/line_metadata.csv,41,/Users/macbookpro/Desktop/Development/khmer-handwritten-word-recognition/data/handwritten_external/W003/lines_raw/W003_P002_L015.png,,0,True,629,38,37.364,0.95582,review,transcription_required,W003
W003_P002_L016,lines_raw/W003_P002_L016.png,page_002.png,W003,38,542,677,582,,,0.0,0.95,True,pending,Line crop; human transcription required,,data/handwritten_external/W003/line_metadata.csv,42,/Users/macbookpro/Desktop/Development/khmer-handwritten-word-recognition/data/handwritten_external/W003/lines_raw/W003_P002_L016.png,,0,True,639,40,35.8461,0.964554,review,transcription_required,W003
W003_P002_L017,lines_raw/W003_P002_L017.png,page_002.png,W003,36,578,688,617,,,0.0,0.95,True,pending,Line crop; human transcription required,,data/handwritten_external/W003/line_metadata.csv,43,/Users/macbookpro/Desktop/Development/khmer-handwritten-word-recognition/data/handwritten_external/W003/lines_raw/W003_P002_L017.png,,0,True,652,39,36.0939,0.97023,review,transcription_required,W003
W003_P002_L018,lines_raw/W003_P002_L018.png,page_002.png,W003,35,613,680,651,,,0.0,0.95,True,pending,Line crop; human transcription required,,data/handwritten_external/W003/line_metadata.csv,44,/Users/macbookpro/Desktop/Development/khmer-handwritten-word-recognition/data/handwritten_external/W003/lines_raw/W003_P002_L018.png,,0,True,645,38,37.0664,0.975398,review,transcription_required,W003
W003_P002_L019,lines_raw/W003_P002_L019.png,page_002.png,W003,34,647,686,688,,,0.0,0.95,True,pending,Line crop; human transcription required,,data/handwritten_external/W003/line_metadata.csv,45,/Users/macbookpro/Desktop/Development/khmer-handwritten-word-recognition/data/handwritten_external/W003/lines_raw/W003_P002_L019.png,,0,True,652,41,34.601,0.983727,review,transcription_required,W003
W003_P002_L020,lines_raw/W003_P002_L020.png,page_002.png,W003,33,684,689,726,,,0.0,0.95,True,pending,Line crop; human transcription required,,data/handwritten_external/W003/line_metadata.csv,46,/Users/macbookpro/Desktop/Development/khmer-handwritten-word-recognition/data/handwritten_external/W003/lines_raw/W003_P002_L020.png,,0,True,656,42,34.2436,0.987297,review,transcription_required,W003
W003_P002_L021,lines_raw/W003_P002_L021.png,page_002.png,W003,32,722,680,762,,,0.0,0.95,True,pending,Line crop; human transcription required,,data/handwritten_external/W003/line_metadata.csv,47,/Users/macbookpro/Desktop/Development/khmer-handwritten-word-recognition/data/handwritten_external/W003/lines_raw/W003_P002_L021.png,,0,True,648,40,35.4419,0.988117,review,transcription_required,W003
W003_P002_L022,lines_raw/W003_P002_L022.png,page_002.png,W003,35,758,681,797,,,0.0,0.95,True,pending,Line crop; human transcription required,,data/handwritten_external/W003/line_metadata.csv,48,/Users/macbookpro/Desktop/Development/khmer-handwritten-word-recognition/data/handwritten_external/W003/lines_raw/W003_P002_L022.png,,0,True,646,39,35.1717,0.99099,review,transcription_required,W003
W003_P002_L023,lines_raw/W003_P002_L023.png,page_002.png,W003,31,793,688,832,,,0.0,0.95,True,pending,Line crop; human transcription required,,data/handwritten_external/W003/line_metadata.csv,49,/Users/macbookpro/Desktop/Development/khmer-handwritten-word-recognition/data/handwritten_external/W003/lines_raw/W003_P002_L023.png,,0,True,657,39,36.0831,0.989736,review,transcription_required,W003
W003_P002_L024,lines_raw/W003_P002_L024.png,page_002.png,W003,30,828,689,866,,,0.0,0.95,True,pending,Line crop; human transcription required,,data/handwritten_external/W003/line_metadata.csv,50,/Users/macbookpro/Desktop/Development/khmer-handwritten-word-recognition/data/handwritten_external/W003/lines_raw/W003_P002_L024.png,,0,True,659,38,36.6551,0.987022,review,transcription_required,W003
W003_P002_L025,lines_raw/W003_P002_L025.png,page_002.png,W003,29,862,690,911,,,0.0,0.95,True,pending,Line crop; human transcription required,,data/handwritten_external/W003/line_metadata.csv,51,/Users/macbookpro/Desktop/Development/khmer-handwritten-word-recognition/data/handwritten_external/W003/lines_raw/W003_P002_L025.png,,0,True,661,49,33.3187,0.99046,review,transcription_required,W003
W003_P003_L001,lines_raw/W003_P003_L001.png,page_003.png,W003,51,35,658,73,,,0.0,0.95,True,pending,Line crop; human transcription required,,data/handwritten_external/W003/line_metadata.csv,52,/Users/macbookpro/Desktop/Development/khmer-handwritten-word-recognition/data/handwritten_external/W003/lines_raw/W003_P003_L001.png,,0,True,607,38,35.8968,0.933495,review,transcription_required,W003
W003_P003_L002,lines_raw/W003_P003_L002.png,page_003.png,W003,51,69,664,106,,,0.0,0.95,True,pending,Line crop; human transcription required,,data/handwritten_external/W003/line_metadata.csv,53,/Users/macbookpro/Desktop/Development/khmer-handwritten-word-recognition/data/handwritten_external/W003/lines_raw/W003_P003_L002.png,,0,True,613,37,36.2106,0.916979,review,transcription_required,W003
W003_P003_L003,lines_raw/W003_P003_L003.png,page_003.png,W003,46,102,663,139,,,0.0,0.95,True,pending,Line crop; human transcription required,,data/handwritten_external/W003/line_metadata.csv,54,/Users/macbookpro/Desktop/Development/khmer-handwritten-word-recognition/data/handwritten_external/W003/lines_raw/W003_P003_L003.png,,0,True,617,37,35.255,0.927373,review,transcription_required,W003
W003_P003_L004,lines_raw/W003_P003_L004.png,page_003.png,W003,47,135,674,171,,,0.0,0.95,True,pending,Line crop; human transcription required,,data/handwritten_external/W003/line_metadata.csv,55,/Users/macbookpro/Desktop/Development/khmer-handwritten-word-recognition/data/handwritten_external/W003/lines_raw/W003_P003_L004.png,,0,True,627,36,35.7638,0.92061,review,transcription_required,W003
W003_P003_L005,lines_raw/W003_P003_L005.png,page_003.png,W003,45,167,668,204,,,0.0,0.95,True,pending,Line crop; human transcription required,,data/handwritten_external/W003/line_metadata.csv,56,/Users/macbookpro/Desktop/Development/khmer-handwritten-word-recognition/data/handwritten_external/W003/lines_raw/W003_P003_L005.png,,0,True,623,37,36.2923,0.915622,review,transcription_required,W003
W003_P003_L006,lines_raw/W003_P003_L006.png,page_003.png,W003,45,200,668,238,,,0.0,0.95,True,pending,Line crop; human transcription required,,data/handwritten_external/W003/line_metadata.csv,57,/Users/macbookpro/Desktop/Development/khmer-handwritten-word-recognition/data/handwritten_external/W003/lines_raw/W003_P003_L006.png,,0,True,623,38,35.2396,0.917335,review,transcription_required,W003
W003_P003_L007,lines_raw/W003_P003_L007.png,page_003.png,W003,42,234,658,271,,,0.0,0.95,True,pending,Line crop; human transcription required,,data/handwritten_external/W003/line_metadata.csv,58,/Users/macbookpro/Desktop/Development/khmer-handwritten-word-recognition/data/handwritten_external/W003/lines_raw/W003_P003_L007.png,,0,True,616,37,35.6635,0.890839,review,transcription_required,W003
W003_P003_L008,lines_raw/W003_P003_L008.png,page_003.png,W003,42,267,670,305,,,0.0,0.95,True,pending,Line crop; human transcription required,,data/handwritten_external/W003/line_metadata.csv,59,/Users/macbookpro/Desktop/Development/khmer-handwritten-word-recognition/data/handwritten_external/W003/lines_raw/W003_P003_L008.png,,0,True,628,38,36.4231,0.861088,review,transcription_required,W003
W003_P003_L009,lines_raw/W003_P003_L009.png,page_003.png,W003,41,301,670,339,,,0.0,0.95,True,pending,Line crop; human transcription required,,data/handwritten_external/W003/line_metadata.csv,60,/Users/macbookpro/Desktop/Development/khmer-handwritten-word-recognition/data/handwritten_external/W003/lines_raw/W003_P003_L009.png,,0,True,629,38,35.7494,0.854573,review,transcription_required,W003
W003_P003_L010,lines_raw/W003_P003_L010.png,page_003.png,W003,39,335,671,372,,,0.0,0.95,True,pending,Line crop; human transcription required,,data/handwritten_external/W003/line_metadata.csv,61,/Users/macbookpro/Desktop/Development/khmer-handwritten-word-recognition/data/handwritten_external/W003/lines_raw/W003_P003_L010.png,,0,True,632,37,35.6877,0.852634,review,transcription_required,W003
W003_P003_L011,lines_raw/W003_P003_L011.png,page_003.png,W003,38,368,669,404,,,0.0,0.95,True,pending,Line crop; human transcription required,,data/handwritten_external/W003/line_metadata.csv,62,/Users/macbookpro/Desktop/Development/khmer-handwritten-word-recognition/data/handwritten_external/W003/lines_raw/W003_P003_L011.png,,0,True,631,36,36.87,0.831308,review,transcription_required,W003
W003_P003_L012,lines_raw/W003_P003_L012.png,page_003.png,W003,35,400,672,438,,,0.0,0.95,True,pending,Line crop; human transcription required,,data/handwritten_external/W003/line_metadata.csv,63,/Users/macbookpro/Desktop/Development/khmer-handwritten-word-recognition/data/handwritten_external/W003/lines_raw/W003_P003_L012.png,,0,True,637,38,36.7405,0.832851,review,transcription_required,W003
W003_P003_L013,lines_raw/W003_P003_L013.png,page_003.png,W003,37,434,671,473,,,0.0,0.95,True,pending,Line crop; human transcription required,,data/handwritten_external/W003/line_metadata.csv,64,/Users/macbookpro/Desktop/Development/khmer-handwritten-word-recognition/data/handwritten_external/W003/lines_raw/W003_P003_L013.png,,0,True,634,39,37.7856,0.785449,review,transcription_required,W003
W003_P003_L014,lines_raw/W003_P003_L014.png,page_003.png,W003,33,469,675,506,,,0.0,0.95,True,pending,Line crop; human transcription required,,data/handwritten_external/W003/line_metadata.csv,65,/Users/macbookpro/Desktop/Development/khmer-handwritten-word-recognition/data/handwritten_external/W003/lines_raw/W003_P003_L014.png,,0,True,642,37,38.1249,0.763366,review,transcription_required,W003
W003_P003_L015,lines_raw/W003_P003_L015.png,page_003.png,W003,29,502,558,541,,,0.0,0.95,True,pending,Line crop; human transcription required,,data/handwritten_external/W003/line_metadata.csv,66,/Users/macbookpro/Desktop/Development/khmer-handwritten-word-recognition/data/handwritten_external/W003/lines_raw/W003_P003_L015.png,,0,True,529,39,34.2206,0.83074,review,transcription_required,W003
W003_P003_L016,lines_raw/W003_P003_L016.png,page_003.png,W003,88,537,674,577,,,0.0,0.95,True,pending,Line crop; human transcription required,,data/handwritten_external/W003/line_metadata.csv,67,/Users/macbookpro/Desktop/Development/khmer-handwritten-word-recognition/data/handwritten_external/W003/lines_raw/W003_P003_L016.png,,0,True,586,40,37.4399,0.867918,review,transcription_required,W003
W003_P003_L017,lines_raw/W003_P003_L017.png,page_003.png,W003,28,573,669,611,,,0.0,0.95,True,pending,Line crop; human transcription required,,data/handwritten_external/W003/line_metadata.csv,68,/Users/macbookpro/Desktop/Development/khmer-handwritten-word-recognition/data/handwritten_external/W003/lines_raw/W003_P003_L017.png,,0,True,641,38,36.5366,0.902825,review,transcription_required,W003
W003_P003_L018,lines_raw/W003_P003_L018.png,page_003.png,W003,29,607,616,646,,,0.0,0.95,True,pending,Line crop; human transcription required,,data/handwritten_external/W003/line_metadata.csv,69,/Users/macbookpro/Desktop/Development/khmer-handwritten-word-recognition/data/handwritten_external/W003/lines_raw/W003_P003_L018.png,,0,True,587,39,36.4566,0.919451,review,transcription_required,W003
W003_P003_L019,lines_raw/W003_P003_L019.png,page_003.png,W003,83,642,678,681,,,0.0,0.95,True,pending,Line crop; human transcription required,,data/handwritten_external/W003/line_metadata.csv,70,/Users/macbookpro/Desktop/Development/khmer-handwritten-word-recognition/data/handwritten_external/W003/lines_raw/W003_P003_L019.png,,0,True,595,39,35.8209,0.941521,review,transcription_required,W003
W003_P003_L020,lines_raw/W003_P003_L020.png,page_003.png,W003,24,677,672,717,,,0.0,0.95,True,pending,Line crop; human transcription required,,data/handwritten_external/W003/line_metadata.csv,71,/Users/macbookpro/Desktop/Development/khmer-handwritten-word-recognition/data/handwritten_external/W003/lines_raw/W003_P003_L020.png,,0,True,648,40,34.34,0.960301,review,transcription_required,W003
W003_P003_L021,lines_raw/W003_P003_L021.png,page_003.png,W003,26,713,678,750,,,0.0,0.95,True,pending,Line crop; human transcription required,,data/handwritten_external/W003/line_metadata.csv,72,/Users/macbookpro/Desktop/Development/khmer-handwritten-word-recognition/data/handwritten_external/W003/lines_raw/W003_P003_L021.png,,0,True,652,37,36.0246,0.965594,review,transcription_required,W003
W003_P003_L022,lines_raw/W003_P003_L022.png,page_003.png,W003,23,746,671,785,,,0.0,0.95,True,pending,Line crop; human transcription required,,data/handwritten_external/W003/line_metadata.csv,73,/Users/macbookpro/Desktop/Development/khmer-handwritten-word-recognition/data/handwritten_external/W003/lines_raw/W003_P003_L022.png,,0,True,648,39,36.5176,0.972816,review,transcription_required,W003
W003_P003_L023,lines_raw/W003_P003_L023.png,page_003.png,W003,22,781,677,822,,,0.0,0.95,True,pending,Line crop; human transcription required,,data/handwritten_external/W003/line_metadata.csv,74,/Users/macbookpro/Desktop/Development/khmer-handwritten-word-recognition/data/handwritten_external/W003/lines_raw/W003_P003_L023.png,,0,True,655,41,36.1931,0.977397,review,transcription_required,W003
W003_P003_L024,lines_raw/W003_P003_L024.png,page_003.png,W003,21,818,655,855,,,0.0,0.95,True,pending,Line crop; human transcription required,,data/handwritten_external/W003/line_metadata.csv,75,/Users/macbookpro/Desktop/Development/khmer-handwritten-word-recognition/data/handwritten_external/W003/lines_raw/W003_P003_L024.png,,0,True,634,37,38.138,0.977492,review,transcription_required,W003
W003_P003_L025,lines_raw/W003_P003_L025.png,page_003.png,W003,21,851,559,896,,,0.0,0.95,True,pending,Line crop; human transcription required,,data/handwritten_external/W003/line_metadata.csv,76,/Users/macbookpro/Desktop/Development/khmer-handwritten-word-recognition/data/handwritten_external/W003/lines_raw/W003_P003_L025.png,,0,True,538,45,35.8362,0.981784,review,transcription_required,W003
W004_P002_L005,lines_raw/W004_P002_L005.png,page_002.png,W004,27,282,831,340,,,0.0,0.95,True,pending,Line crop; human transcription required,,data/handwritten_external/W004/line_metadata.csv,31,/Users/macbookpro/Desktop/Development/khmer-handwritten-word-recognition/data/handwritten_external/W004/lines_raw/W004_P002_L005.png,,0,True,804,58,70.82,0.872105,review,transcription_required,W004
W004_P002_L006,lines_raw/W004_P002_L006.png,page_002.png,W004,27,336,724,393,,,0.0,0.95,True,pending,Line crop; human transcription required,,data/handwritten_external/W004/line_metadata.csv,32,/Users/macbookpro/Desktop/Development/khmer-handwritten-word-recognition/data/handwritten_external/W004/lines_raw/W004_P002_L006.png,,0,True,697,57,72.4209,0.871228,review,transcription_required,W004
W004_P002_L007,lines_raw/W004_P002_L007.png,page_002.png,W004,127,389,804,446,,,0.0,0.95,True,pending,Line crop; human transcription required,,data/handwritten_external/W004/line_metadata.csv,33,/Users/macbookpro/Desktop/Development/khmer-handwritten-word-recognition/data/handwritten_external/W004/lines_raw/W004_P002_L007.png,,0,True,677,57,71.0608,0.839073,review,transcription_required,W004
W004_P002_L008,lines_raw/W004_P002_L008.png,page_002.png,W004,30,442,787,499,,,0.0,0.95,True,pending,Line crop; human transcription required,,data/handwritten_external/W004/line_metadata.csv,34,/Users/macbookpro/Desktop/Development/khmer-handwritten-word-recognition/data/handwritten_external/W004/lines_raw/W004_P002_L008.png,,0,True,757,57,69.8549,0.840993,review,transcription_required,W004
W004_P002_L009,lines_raw/W004_P002_L009.png,page_002.png,W004,27,495,803,551,,,0.0,0.95,True,pending,Line crop; human transcription required,,data/handwritten_external/W004/line_metadata.csv,35,/Users/macbookpro/Desktop/Development/khmer-handwritten-word-recognition/data/handwritten_external/W004/lines_raw/W004_P002_L009.png,,0,True,776,56,70.1869,0.831738,review,transcription_required,W004
W004_P002_L010,lines_raw/W004_P002_L010.png,page_002.png,W004,28,547,809,603,,,0.0,0.95,True,pending,Line crop; human transcription required,,data/handwritten_external/W004/line_metadata.csv,36,/Users/macbookpro/Desktop/Development/khmer-handwritten-word-recognition/data/handwritten_external/W004/lines_raw/W004_P002_L010.png,,0,True,781,56,69.9082,0.815735,review,transcription_required,W004
W004_P002_L011,lines_raw/W004_P002_L011.png,page_002.png,W004,31,599,834,655,,,0.0,0.95,True,pending,Line crop; human transcription required,,data/handwritten_external/W004/line_metadata.csv,37,/Users/macbookpro/Desktop/Development/khmer-handwritten-word-recognition/data/handwritten_external/W004/lines_raw/W004_P002_L011.png,,0,True,803,56,72.9167,0.756338,review,transcription_required,W004
W004_P002_L012,lines_raw/W004_P002_L012.png,page_002.png,W004,85,651,801,694,,,0.0,0.95,True,pending,Line crop; human transcription required,,data/handwritten_external/W004/line_metadata.csv,38,/Users/macbookpro/Desktop/Development/khmer-handwritten-word-recognition/data/handwritten_external/W004/lines_raw/W004_P002_L012.png,,0,True,716,43,78.544,0.695238,review,transcription_required,W004
W004_P002_L013,lines_raw/W004_P002_L013.png,page_002.png,W004,29,690,746,719,,,0.0,0.95,True,pending,Line crop; human transcription required,,data/handwritten_external/W004/line_metadata.csv,39,/Users/macbookpro/Desktop/Development/khmer-handwritten-word-recognition/data/handwritten_external/W004/lines_raw/W004_P002_L013.png,,0,True,717,29,62.1598,0.6986,review,transcription_required,W004
W004_P002_L014,lines_raw/W004_P002_L014.png,page_002.png,W004,58,715,783,757,,,0.0,0.95,True,pending,Line crop; human transcription required,,data/handwritten_external/W004/line_metadata.csv,40,/Users/macbookpro/Desktop/Development/khmer-handwritten-word-recognition/data/handwritten_external/W004/lines_raw/W004_P002_L014.png,,0,True,725,42,79.1195,0.649327,review,transcription_required,W004
W004_P002_L015,lines_raw/W004_P002_L015.png,page_002.png,W004,33,753,792,809,,,0.0,0.95,True,pending,Line crop; human transcription required,,data/handwritten_external/W004/line_metadata.csv,41,/Users/macbookpro/Desktop/Development/khmer-handwritten-word-recognition/data/handwritten_external/W004/lines_raw/W004_P002_L015.png,,0,True,759,56,74.8368,0.626153,review,transcription_required,W004
W004_P002_L016,lines_raw/W004_P002_L016.png,page_002.png,W004,36,805,812,864,,,0.0,0.95,True,pending,Line crop; human transcription required,,data/handwritten_external/W004/line_metadata.csv,42,/Users/macbookpro/Desktop/Development/khmer-handwritten-word-recognition/data/handwritten_external/W004/lines_raw/W004_P002_L016.png,,0,True,776,59,71.9718,0.595885,review,transcription_required,W004
W004_P002_L017,lines_raw/W004_P002_L017.png,page_002.png,W004,36,860,817,915,,,0.0,0.95,True,pending,Line crop; human transcription required,,data/handwritten_external/W004/line_metadata.csv,43,/Users/macbookpro/Desktop/Development/khmer-handwritten-word-recognition/data/handwritten_external/W004/lines_raw/W004_P002_L017.png,,0,True,781,55,71.9299,0.596066,review,transcription_required,W004
W004_P002_L018,lines_raw/W004_P002_L018.png,page_002.png,W004,39,911,804,966,,,0.0,0.95,True,pending,Line crop; human transcription required,,data/handwritten_external/W004/line_metadata.csv,44,/Users/macbookpro/Desktop/Development/khmer-handwritten-word-recognition/data/handwritten_external/W004/lines_raw/W004_P002_L018.png,,0,True,765,55,70.2022,0.584337,review,transcription_required,W004
W004_P002_L019,lines_raw/W004_P002_L019.png,page_002.png,W004,39,962,666,1020,,,0.0,0.95,True,pending,Line crop; human transcription required,,data/handwritten_external/W004/line_metadata.csv,45,/Users/macbookpro/Desktop/Development/khmer-handwritten-word-recognition/data/handwritten_external/W004/lines_raw/W004_P002_L019.png,,0,True,627,58,69.6214,0.672359,review,transcription_required,W004
W004_P002_L020,lines_raw/W004_P002_L020.png,page_002.png,W004,40,1016,674,1075,,,0.0,0.95,True,pending,Line crop; human transcription required,,data/handwritten_external/W004/line_metadata.csv,46,/Users/macbookpro/Desktop/Development/khmer-handwritten-word-recognition/data/handwritten_external/W004/lines_raw/W004_P002_L020.png,,0,True,634,59,68.4585,0.692536,review,transcription_required,W004
W004_P002_L021,lines_raw/W004_P002_L021.png,page_002.png,W004,41,1071,667,1125,,,0.0,0.95,True,pending,Line crop; human transcription required,,data/handwritten_external/W004/line_metadata.csv,47,/Users/macbookpro/Desktop/Development/khmer-handwritten-word-recognition/data/handwritten_external/W004/lines_raw/W004_P002_L021.png,,0,True,626,54,47.6851,0.650899,review,transcription_required,W004
W004_P002_L022,lines_raw/W004_P002_L022.png,page_002.png,W004,138,1121,661,1174,,,0.0,0.95,True,pending,Line crop; human transcription required,,data/handwritten_external/W004/line_metadata.csv,48,/Users/macbookpro/Desktop/Development/khmer-handwritten-word-recognition/data/handwritten_external/W004/lines_raw/W004_P002_L022.png,,0,True,523,53,64.6102,0.729644,review,transcription_required,W004
W004_P003_L001,lines_raw/W004_P003_L001.png,page_003.png,W004,42,55,196,116,,,0.0,0.95,True,pending,Line crop; human transcription required,,data/handwritten_external/W004/line_metadata.csv,49,/Users/macbookpro/Desktop/Development/khmer-handwritten-word-recognition/data/handwritten_external/W004/lines_raw/W004_P003_L001.png,,0,True,154,61,63.6643,0.803066,review,transcription_required,W004
W004_P003_L002,lines_raw/W004_P003_L002.png,page_003.png,W004,140,112,819,174,,,0.0,0.95,True,pending,Line crop; human transcription required,,data/handwritten_external/W004/line_metadata.csv,50,/Users/macbookpro/Desktop/Development/khmer-handwritten-word-recognition/data/handwritten_external/W004/lines_raw/W004_P003_L002.png,,0,True,679,62,68.9595,0.76139,review,transcription_required,W004
W004_P003_L003,lines_raw/W004_P003_L003.png,page_003.png,W004,151,170,824,229,,,0.0,0.95,True,pending,Line crop; human transcription required,,data/handwritten_external/W004/line_metadata.csv,51,/Users/macbookpro/Desktop/Development/khmer-handwritten-word-recognition/data/handwritten_external/W004/lines_raw/W004_P003_L003.png,,0,True,673,59,70.5126,0.828343,review,transcription_required,W004
W004_P003_L004,lines_raw/W004_P003_L004.png,page_003.png,W004,43,225,848,283,,,0.0,0.95,True,pending,Line crop; human transcription required,,data/handwritten_external/W004/line_metadata.csv,52,/Users/macbookpro/Desktop/Development/khmer-handwritten-word-recognition/data/handwritten_external/W004/lines_raw/W004_P003_L004.png,,0,True,805,58,71.2432,0.846841,review,transcription_required,W004
W004_P003_L005,lines_raw/W004_P003_L005.png,page_003.png,W004,43,279,864,338,,,0.0,0.95,True,pending,Line crop; human transcription required,,data/handwritten_external/W004/line_metadata.csv,53,/Users/macbookpro/Desktop/Development/khmer-handwritten-word-recognition/data/handwritten_external/W004/lines_raw/W004_P003_L005.png,,0,True,821,59,69.8306,0.852536,review,transcription_required,W004
W004_P003_L006,lines_raw/W004_P003_L006.png,page_003.png,W004,48,334,836,392,,,0.0,0.95,True,pending,Line crop; human transcription required,,data/handwritten_external/W004/line_metadata.csv,54,/Users/macbookpro/Desktop/Development/khmer-handwritten-word-recognition/data/handwritten_external/W004/lines_raw/W004_P003_L006.png,,0,True,788,58,70.5565,0.85603,review,transcription_required,W004
W004_P003_L007,lines_raw/W004_P003_L007.png,page_003.png,W004,46,388,832,446,,,0.0,0.95,True,pending,Line crop; human transcription required,,data/handwritten_external/W004/line_metadata.csv,55,/Users/macbookpro/Desktop/Development/khmer-handwritten-word-recognition/data/handwritten_external/W004/lines_raw/W004_P003_L007.png,,0,True,786,58,72.9573,0.824976,review,transcription_required,W004
W004_P003_L008,lines_raw/W004_P003_L008.png,page_003.png,W004,49,442,814,499,,,0.0,0.95,True,pending,Line crop; human transcription required,,data/handwritten_external/W004/line_metadata.csv,56,/Users/macbookpro/Desktop/Development/khmer-handwritten-word-recognition/data/handwritten_external/W004/lines_raw/W004_P003_L008.png,,0,True,765,57,75.1336,0.789657,review,transcription_required,W004
W004_P003_L009,lines_raw/W004_P003_L009.png,page_003.png,W004,43,495,808,552,,,0.0,0.95,True,pending,Line crop; human transcription required,,data/handwritten_external/W004/line_metadata.csv,57,/Users/macbookpro/Desktop/Development/khmer-handwritten-word-recognition/data/handwritten_external/W004/lines_raw/W004_P003_L009.png,,0,True,765,57,74.7414,0.789107,review,transcription_required,W004
W004_P003_L010,lines_raw/W004_P003_L010.png,page_003.png,W004,45,548,845,604,,,0.0,0.95,True,pending,Line crop; human transcription required,,data/handwritten_external/W004/line_metadata.csv,58,/Users/macbookpro/Desktop/Development/khmer-handwritten-word-recognition/data/handwritten_external/W004/lines_raw/W004_P003_L010.png,,0,True,800,56,76.0533,0.783304,review,transcription_required,W004
W004_P003_L011,lines_raw/W004_P003_L011.png,page_003.png,W004,51,600,841,657,,,0.0,0.95,True,pending,Line crop; human transcription required,,data/handwritten_external/W004/line_metadata.csv,59,/Users/macbookpro/Desktop/Development/khmer-handwritten-word-recognition/data/handwritten_external/W004/lines_raw/W004_P003_L011.png,,0,True,790,57,75.1519,0.7497,review,transcription_required,W004
W004_P003_L012,lines_raw/W004_P003_L012.png,page_003.png,W004,51,653,846,710,,,0.0,0.95,True,pending,Line crop; human transcription required,,data/handwritten_external/W004/line_metadata.csv,60,/Users/macbookpro/Desktop/Development/khmer-handwritten-word-recognition/data/handwritten_external/W004/lines_raw/W004_P003_L012.png,,0,True,795,57,73.9956,0.682732,review,transcription_required,W004
W004_P003_L013,lines_raw/W004_P003_L013.png,page_003.png,W004,50,706,855,762,,,0.0,0.95,True,pending,Line crop; human transcription required,,data/handwritten_external/W004/line_metadata.csv,61,/Users/macbookpro/Desktop/Development/khmer-handwritten-word-recognition/data/handwritten_external/W004/lines_raw/W004_P003_L013.png,,0,True,805,56,73.4218,0.631078,review,transcription_required,W004
W004_P003_L014,lines_raw/W004_P003_L014.png,page_003.png,W004,50,758,861,815,,,0.0,0.95,True,pending,Line crop; human transcription required,,data/handwritten_external/W004/line_metadata.csv,62,/Users/macbookpro/Desktop/Development/khmer-handwritten-word-recognition/data/handwritten_external/W004/lines_raw/W004_P003_L014.png,,0,True,811,57,74.4983,0.611958,review,transcription_required,W004
W004_P003_L015,lines_raw/W004_P003_L015.png,page_003.png,W004,47,811,860,868,,,0.0,0.95,True,pending,Line crop; human transcription required,,data/handwritten_external/W004/line_metadata.csv,63,/Users/macbookpro/Desktop/Development/khmer-handwritten-word-recognition/data/handwritten_external/W004/lines_raw/W004_P003_L015.png,,0,True,813,57,72.4204,0.598088,review,transcription_required,W004
W004_P003_L016,lines_raw/W004_P003_L016.png,page_003.png,W004,47,864,848,920,,,0.0,0.95,True,pending,Line crop; human transcription required,,data/handwritten_external/W004/line_metadata.csv,64,/Users/macbookpro/Desktop/Development/khmer-handwritten-word-recognition/data/handwritten_external/W004/lines_raw/W004_P003_L016.png,,0,True,801,56,72.6877,0.601503,review,transcription_required,W004
W004_P003_L017,lines_raw/W004_P003_L017.png,page_003.png,W004,42,916,857,972,,,0.0,0.95,True,pending,Line crop; human transcription required,,data/handwritten_external/W004/line_metadata.csv,65,/Users/macbookpro/Desktop/Development/khmer-handwritten-word-recognition/data/handwritten_external/W004/lines_raw/W004_P003_L017.png,,0,True,815,56,72.165,0.591564,review,transcription_required,W004
W004_P003_L018,lines_raw/W004_P003_L018.png,page_003.png,W004,110,968,676,1024,,,0.0,0.95,True,pending,Line crop; human transcription required,,data/handwritten_external/W004/line_metadata.csv,66,/Users/macbookpro/Desktop/Development/khmer-handwritten-word-recognition/data/handwritten_external/W004/lines_raw/W004_P003_L018.png,,0,True,566,56,74.2392,0.696113,review,transcription_required,W004
W004_P003_L019,lines_raw/W004_P003_L019.png,page_003.png,W004,98,1020,663,1075,,,0.0,0.95,True,pending,Line crop; human transcription required,,data/handwritten_external/W004/line_metadata.csv,67,/Users/macbookpro/Desktop/Development/khmer-handwritten-word-recognition/data/handwritten_external/W004/lines_raw/W004_P003_L019.png,,0,True,565,55,70.5276,0.732647,review,transcription_required,W004
W004_P003_L020,lines_raw/W004_P003_L020.png,page_003.png,W004,46,1071,676,1128,,,0.0,0.95,True,pending,Line crop; human transcription required,,data/handwritten_external/W004/line_metadata.csv,68,/Users/macbookpro/Desktop/Development/khmer-handwritten-word-recognition/data/handwritten_external/W004/lines_raw/W004_P003_L020.png,,0,True,630,57,65.3614,0.732414,review,transcription_required,W004
W004_P004_L001,lines_raw/W004_P004_L001.png,page_004.png,W004,45,34,844,72,,,0.0,0.95,True,pending,Line crop; human transcription required,,data/handwritten_external/W004/line_metadata.csv,70,/Users/macbookpro/Desktop/Development/khmer-handwritten-word-recognition/data/handwritten_external/W004/lines_raw/W004_P004_L001.png,,0,True,799,38,77.7324,0.724359,review,transcription_required,W004
W004_P004_L002,lines_raw/W004_P004_L002.png,page_004.png,W004,49,68,824,126,,,0.0,0.95,True,pending,Line crop; human transcription required,,data/handwritten_external/W004/line_metadata.csv,71,/Users/macbookpro/Desktop/Development/khmer-handwritten-word-recognition/data/handwritten_external/W004/lines_raw/W004_P004_L002.png,,0,True,775,58,74.429,0.750367,review,transcription_required,W004
W004_P004_L003,lines_raw/W004_P004_L003.png,page_004.png,W004,60,122,840,182,,,0.0,0.95,True,pending,Line crop; human transcription required,,data/handwritten_external/W004/line_metadata.csv,72,/Users/macbookpro/Desktop/Development/khmer-handwritten-word-recognition/data/handwritten_external/W004/lines_raw/W004_P004_L003.png,,0,True,780,60,73.3959,0.824786,review,transcription_required,W004
W004_P004_L004,lines_raw/W004_P004_L004.png,page_004.png,W004,110,178,816,237,,,0.0,0.95,True,pending,Line crop; human transcription required,,data/handwritten_external/W004/line_metadata.csv,73,/Users/macbookpro/Desktop/Development/khmer-handwritten-word-recognition/data/handwritten_external/W004/lines_raw/W004_P004_L004.png,,0,True,706,59,73.8839,0.821794,review,transcription_required,W004
W004_P004_L005,lines_raw/W004_P004_L005.png,page_004.png,W004,50,233,817,291,,,0.0,0.95,True,pending,Line crop; human transcription required,,data/handwritten_external/W004/line_metadata.csv,74,/Users/macbookpro/Desktop/Development/khmer-handwritten-word-recognition/data/handwritten_external/W004/lines_raw/W004_P004_L005.png,,0,True,767,58,72.0314,0.837567,review,transcription_required,W004
W004_P004_L006,lines_raw/W004_P004_L006.png,page_004.png,W004,119,287,836,344,,,0.0,0.95,True,pending,Line crop; human transcription required,,data/handwritten_external/W004/line_metadata.csv,75,/Users/macbookpro/Desktop/Development/khmer-handwritten-word-recognition/data/handwritten_external/W004/lines_raw/W004_P004_L006.png,,0,True,717,57,73.4523,0.819668,review,transcription_required,W004
W004_P004_L007,lines_raw/W004_P004_L007.png,page_004.png,W004,149,340,836,396,,,0.0,0.95,True,pending,Line crop; human transcription required,,data/handwritten_external/W004/line_metadata.csv,76,/Users/macbookpro/Desktop/Development/khmer-handwritten-word-recognition/data/handwritten_external/W004/lines_raw/W004_P004_L007.png,,0,True,687,56,75.8858,0.812747,review,transcription_required,W004
W004_P004_L008,lines_raw/W004_P004_L008.png,page_004.png,W004,47,392,828,449,,,0.0,0.95,True,pending,Line crop; human transcription required,,data/handwritten_external/W004/line_metadata.csv,77,/Users/macbookpro/Desktop/Development/khmer-handwritten-word-recognition/data/handwritten_external/W004/lines_raw/W004_P004_L008.png,,0,True,781,57,73.2192,0.824561,review,transcription_required,W004
W004_P004_L009,lines_raw/W004_P004_L009.png,page_004.png,W004,54,445,847,502,,,0.0,0.95,True,pending,Line crop; human transcription required,,data/handwritten_external/W004/line_metadata.csv,78,/Users/macbookpro/Desktop/Development/khmer-handwritten-word-recognition/data/handwritten_external/W004/lines_raw/W004_P004_L009.png,,0,True,793,57,74.1535,0.828389,review,transcription_required,W004
W004_P004_L010,lines_raw/W004_P004_L010.png,page_004.png,W004,55,498,858,555,,,0.0,0.95,True,pending,Line crop; human transcription required,,data/handwritten_external/W004/line_metadata.csv,79,/Users/macbookpro/Desktop/Development/khmer-handwritten-word-recognition/data/handwritten_external/W004/lines_raw/W004_P004_L010.png,,0,True,803,57,73.7749,0.804592,review,transcription_required,W004
W004_P004_L011,lines_raw/W004_P004_L011.png,page_004.png,W004,55,551,849,608,,,0.0,0.95,True,pending,Line crop; human transcription required,,data/handwritten_external/W004/line_metadata.csv,80,/Users/macbookpro/Desktop/Development/khmer-handwritten-word-recognition/data/handwritten_external/W004/lines_raw/W004_P004_L011.png,,0,True,794,57,73.9224,0.740002,review,transcription_required,W004
W004_P004_L012,lines_raw/W004_P004_L012.png,page_004.png,W004,58,604,828,659,,,0.0,0.95,True,pending,Line crop; human transcription required,,data/handwritten_external/W004/line_metadata.csv,81,/Users/macbookpro/Desktop/Development/khmer-handwritten-word-recognition/data/handwritten_external/W004/lines_raw/W004_P004_L012.png,,0,True,770,55,72.9814,0.715986,review,transcription_required,W004
W004_P004_L013,lines_raw/W004_P004_L013.png,page_004.png,W004,61,655,833,711,,,0.0,0.95,True,pending,Line crop; human transcription required,,data/handwritten_external/W004/line_metadata.csv,82,/Users/macbookpro/Desktop/Development/khmer-handwritten-word-recognition/data/handwritten_external/W004/lines_raw/W004_P004_L013.png,,0,True,772,56,76.1288,0.67878,review,transcription_required,W004
W004_P004_L014,lines_raw/W004_P004_L014.png,page_004.png,W004,59,707,845,763,,,0.0,0.95,True,pending,Line crop; human transcription required,,data/handwritten_external/W004/line_metadata.csv,83,/Users/macbookpro/Desktop/Development/khmer-handwritten-word-recognition/data/handwritten_external/W004/lines_raw/W004_P004_L014.png,,0,True,786,56,74.6458,0.675618,review,transcription_required,W004
W004_P004_L015,lines_raw/W004_P004_L015.png,page_004.png,W004,58,759,838,815,,,0.0,0.95,True,pending,Line crop; human transcription required,,data/handwritten_external/W004/line_metadata.csv,84,/Users/macbookpro/Desktop/Development/khmer-handwritten-word-recognition/data/handwritten_external/W004/lines_raw/W004_P004_L015.png,,0,True,780,56,71.6785,0.667193,review,transcription_required,W004
W004_P004_L016,lines_raw/W004_P004_L016.png,page_004.png,W004,63,811,854,867,,,0.0,0.95,True,pending,Line crop; human transcription required,,data/handwritten_external/W004/line_metadata.csv,85,/Users/macbookpro/Desktop/Development/khmer-handwritten-word-recognition/data/handwritten_external/W004/lines_raw/W004_P004_L016.png,,0,True,791,56,69.0274,0.658502,review,transcription_required,W004
W004_P004_L017,lines_raw/W004_P004_L017.png,page_004.png,W004,62,863,862,919,,,0.0,0.95,True,pending,Line crop; human transcription required,,data/handwritten_external/W004/line_metadata.csv,86,/Users/macbookpro/Desktop/Development/khmer-handwritten-word-recognition/data/handwritten_external/W004/lines_raw/W004_P004_L017.png,,0,True,800,56,72.4786,0.682076,review,transcription_required,W004
W004_P004_L018,lines_raw/W004_P004_L018.png,page_004.png,W004,62,915,848,971,,,0.0,0.95,True,pending,Line crop; human transcription required,,data/handwritten_external/W004/line_metadata.csv,87,/Users/macbookpro/Desktop/Development/khmer-handwritten-word-recognition/data/handwritten_external/W004/lines_raw/W004_P004_L018.png,,0,True,786,56,70.8722,0.701813,review,transcription_required,W004
W004_P005_L001,lines_raw/W004_P005_L001.png,page_005.png,W004,27,34,838,87,,,0.0,0.95,True,pending,Line crop; human transcription required,,data/handwritten_external/W004/line_metadata.csv,91,/Users/macbookpro/Desktop/Development/khmer-handwritten-word-recognition/data/handwritten_external/W004/lines_raw/W004_P005_L001.png,,0,True,811,53,74.532,0.718261,review,transcription_required,W004
W004_P005_L002,lines_raw/W004_P005_L002.png,page_005.png,W004,27,83,839,141,,,0.0,0.95,True,pending,Line crop; human transcription required,,data/handwritten_external/W004/line_metadata.csv,92,/Users/macbookpro/Desktop/Development/khmer-handwritten-word-recognition/data/handwritten_external/W004/lines_raw/W004_P005_L002.png,,0,True,812,58,71.6058,0.815398,review,transcription_required,W004
W004_P005_L003,lines_raw/W004_P005_L003.png,page_005.png,W004,27,137,840,196,,,0.0,0.95,True,pending,Line crop; human transcription required,,data/handwritten_external/W004/line_metadata.csv,93,/Users/macbookpro/Desktop/Development/khmer-handwritten-word-recognition/data/handwritten_external/W004/lines_raw/W004_P005_L003.png,,0,True,813,59,71.2864,0.845852,review,transcription_required,W004
W004_P005_L004,lines_raw/W004_P005_L004.png,page_005.png,W004,27,192,825,251,,,0.0,0.95,True,pending,Line crop; human transcription required,,data/handwritten_external/W004/line_metadata.csv,94,/Users/macbookpro/Desktop/Development/khmer-handwritten-word-recognition/data/handwritten_external/W004/lines_raw/W004_P005_L004.png,,0,True,798,59,71.4141,0.85092,review,transcription_required,W004
W004_P005_L005,lines_raw/W004_P005_L005.png,page_005.png,W004,27,247,828,304,,,0.0,0.95,True,pending,Line crop; human transcription required,,data/handwritten_external/W004/line_metadata.csv,95,/Users/macbookpro/Desktop/Development/khmer-handwritten-word-recognition/data/handwritten_external/W004/lines_raw/W004_P005_L005.png,,0,True,801,57,72.1015,0.857919,review,transcription_required,W004
W004_P005_L006,lines_raw/W004_P005_L006.png,page_005.png,W004,34,300,837,358,,,0.0,0.95,True,pending,Line crop; human transcription required,,data/handwritten_external/W004/line_metadata.csv,96,/Users/macbookpro/Desktop/Development/khmer-handwritten-word-recognition/data/handwritten_external/W004/lines_raw/W004_P005_L006.png,,0,True,803,58,71.1671,0.860587,review,transcription_required,W004
W004_P005_L007,lines_raw/W004_P005_L007.png,page_005.png,W004,99,354,841,411,,,0.0,0.95,True,pending,Line crop; human transcription required,,data/handwritten_external/W004/line_metadata.csv,97,/Users/macbookpro/Desktop/Development/khmer-handwritten-word-recognition/data/handwritten_external/W004/lines_raw/W004_P005_L007.png,,0,True,742,57,73.1987,0.85239,review,transcription_required,W004
W004_P005_L008,lines_raw/W004_P005_L008.png,page_005.png,W004,43,407,831,464,,,0.0,0.95,True,pending,Line crop; human transcription required,,data/handwritten_external/W004/line_metadata.csv,98,/Users/macbookpro/Desktop/Development/khmer-handwritten-word-recognition/data/handwritten_external/W004/lines_raw/W004_P005_L008.png,,0,True,788,57,69.6251,0.873186,review,transcription_required,W004
W004_P005_L009,lines_raw/W004_P005_L009.png,page_005.png,W004,79,460,843,518,,,0.0,0.95,True,pending,Line crop; human transcription required,,data/handwritten_external/W004/line_metadata.csv,99,/Users/macbookpro/Desktop/Development/khmer-handwritten-word-recognition/data/handwritten_external/W004/lines_raw/W004_P005_L009.png,,0,True,764,58,68.2332,0.872382,review,transcription_required,W004
W004_P005_L010,lines_raw/W004_P005_L010.png,page_005.png,W004,32,514,807,571,,,0.0,0.95,True,pending,Line crop; human transcription required,,data/handwritten_external/W004/line_metadata.csv,100,/Users/macbookpro/Desktop/Development/khmer-handwritten-word-recognition/data/handwritten_external/W004/lines_raw/W004_P005_L010.png,,0,True,775,57,69.1441,0.856729,review,transcription_required,W004
W004_P005_L011,lines_raw/W004_P005_L011.png,page_005.png,W004,36,567,838,624,,,0.0,0.95,True,pending,Line crop; human transcription required,,data/handwritten_external/W004/line_metadata.csv,101,/Users/macbookpro/Desktop/Development/khmer-handwritten-word-recognition/data/handwritten_external/W004/lines_raw/W004_P005_L011.png,,0,True,802,57,72.7362,0.801702,review,transcription_required,W004
W004_P005_L012,lines_raw/W004_P005_L012.png,page_005.png,W004,37,620,843,676,,,0.0,0.95,True,pending,Line crop; human transcription required,,data/handwritten_external/W004/line_metadata.csv,102,/Users/macbookpro/Desktop/Development/khmer-handwritten-word-recognition/data/handwritten_external/W004/lines_raw/W004_P005_L012.png,,0,True,806,56,72.6403,0.798875,review,transcription_required,W004
W004_P005_L013,lines_raw/W004_P005_L013.png,page_005.png,W004,139,672,843,729,,,0.0,0.95,True,pending,Line crop; human transcription required,,data/handwritten_external/W004/line_metadata.csv,103,/Users/macbookpro/Desktop/Development/khmer-handwritten-word-recognition/data/handwritten_external/W004/lines_raw/W004_P005_L013.png,,0,True,704,57,72.1753,0.754934,review,transcription_required,W004
W004_P005_L014,lines_raw/W004_P005_L014.png,page_005.png,W004,42,725,812,781,,,0.0,0.95,True,pending,Line crop; human transcription required,,data/handwritten_external/W004/line_metadata.csv,104,/Users/macbookpro/Desktop/Development/khmer-handwritten-word-recognition/data/handwritten_external/W004/lines_raw/W004_P005_L014.png,,0,True,770,56,57.9275,0.696916,review,transcription_required,W004
W004_P005_L015,lines_raw/W004_P005_L015.png,page_005.png,W004,87,777,841,833,,,0.0,0.95,True,pending,Line crop; human transcription required,,data/handwritten_external/W004/line_metadata.csv,105,/Users/macbookpro/Desktop/Development/khmer-handwritten-word-recognition/data/handwritten_external/W004/lines_raw/W004_P005_L015.png,,0,True,754,56,67.2779,0.700384,review,transcription_required,W004
W004_P005_L016,lines_raw/W004_P005_L016.png,page_005.png,W004,41,829,837,887,,,0.0,0.95,True,pending,Line crop; human transcription required,,data/handwritten_external/W004/line_metadata.csv,106,/Users/macbookpro/Desktop/Development/khmer-handwritten-word-recognition/data/handwritten_external/W004/lines_raw/W004_P005_L016.png,,0,True,796,58,66.9729,0.681858,review,transcription_required,W004
W004_P005_L017,lines_raw/W004_P005_L017.png,page_005.png,W004,40,883,842,942,,,0.0,0.95,True,pending,Line crop; human transcription required,,data/handwritten_external/W004/line_metadata.csv,107,/Users/macbookpro/Desktop/Development/khmer-handwritten-word-recognition/data/handwritten_external/W004/lines_raw/W004_P005_L017.png,,0,True,802,59,67.8689,0.672704,review,transcription_required,W004
W004_P005_L018,lines_raw/W004_P005_L018.png,page_005.png,W004,99,938,843,994,,,0.0,0.95,True,pending,Line crop; human transcription required,,data/handwritten_external/W004/line_metadata.csv,108,/Users/macbookpro/Desktop/Development/khmer-handwritten-word-recognition/data/handwritten_external/W004/lines_raw/W004_P005_L018.png,,0,True,744,56,71.5364,0.668947,review,transcription_required,W004
W004_P005_L019,lines_raw/W004_P005_L019.png,page_005.png,W004,43,990,683,1069,,,0.0,0.95,True,pending,Line crop; human transcription required,,data/handwritten_external/W004/line_metadata.csv,109,/Users/macbookpro/Desktop/Development/khmer-handwritten-word-recognition/data/handwritten_external/W004/lines_raw/W004_P005_L019.png,,0,True,640,79,62.3052,0.761472,review,transcription_required,W004
W004_P006_L001,lines_raw/W004_P006_L001.png,page_006.png,W004,42,29,832,91,,,0.0,0.95,True,pending,Line crop; left boundary manually expanded to preserve opening character; human transcription required,,data/handwritten_external/W004/line_metadata.csv,111,/Users/macbookpro/Desktop/Development/khmer-handwritten-word-recognition/data/handwritten_external/W004/lines_raw/W004_P006_L001.png,,0,True,790,62,67.0445,0.711229,review,transcription_required,W004
W004_P006_L002,lines_raw/W004_P006_L002.png,page_006.png,W004,38,87,826,147,,,0.0,0.95,True,pending,Line crop; human transcription required,,data/handwritten_external/W004/line_metadata.csv,112,/Users/macbookpro/Desktop/Development/khmer-handwritten-word-recognition/data/handwritten_external/W004/lines_raw/W004_P006_L002.png,,0,True,788,60,69.9257,0.70239,review,transcription_required,W004
W004_P006_L003,lines_raw/W004_P006_L003.png,page_006.png,W004,28,143,825,200,,,0.0,0.95,True,pending,Line crop; human transcription required,,data/handwritten_external/W004/line_metadata.csv,113,/Users/macbookpro/Desktop/Development/khmer-handwritten-word-recognition/data/handwritten_external/W004/lines_raw/W004_P006_L003.png,,0,True,797,57,70.769,0.667679,review,transcription_required,W004
W004_P006_L004,lines_raw/W004_P006_L004.png,page_006.png,W004,42,196,832,254,,,0.0,0.95,True,pending,Line crop; human transcription required,,data/handwritten_external/W004/line_metadata.csv,114,/Users/macbookpro/Desktop/Development/khmer-handwritten-word-recognition/data/handwritten_external/W004/lines_raw/W004_P006_L004.png,,0,True,790,58,69.2666,0.620079,review,transcription_required,W004
W004_P006_L005,lines_raw/W004_P006_L005.png,page_006.png,W004,42,250,818,307,,,0.0,0.95,True,pending,Line crop; human transcription required,,data/handwritten_external/W004/line_metadata.csv,115,/Users/macbookpro/Desktop/Development/khmer-handwritten-word-recognition/data/handwritten_external/W004/lines_raw/W004_P006_L005.png,,0,True,776,57,69.9426,0.592399,review,transcription_required,W004
W004_P006_L006,lines_raw/W004_P006_L006.png,page_006.png,W004,43,303,832,361,,,0.0,0.95,True,pending,Line crop; human transcription required,,data/handwritten_external/W004/line_metadata.csv,116,/Users/macbookpro/Desktop/Development/khmer-handwritten-word-recognition/data/handwritten_external/W004/lines_raw/W004_P006_L006.png,,0,True,789,58,71.8039,0.575346,review,transcription_required,W004
W004_P006_L007,lines_raw/W004_P006_L007.png,page_006.png,W004,43,357,818,414,,,0.0,0.95,True,pending,Line crop; human transcription required,,data/handwritten_external/W004/line_metadata.csv,117,/Users/macbookpro/Desktop/Development/khmer-handwritten-word-recognition/data/handwritten_external/W004/lines_raw/W004_P006_L007.png,,0,True,775,57,73.478,0.567787,review,transcription_required,W004
W004_P006_L008,lines_raw/W004_P006_L008.png,page_006.png,W004,45,410,817,467,,,0.0,0.95,True,pending,Line crop; human transcription required,,data/handwritten_external/W004/line_metadata.csv,118,/Users/macbookpro/Desktop/Development/khmer-handwritten-word-recognition/data/handwritten_external/W004/lines_raw/W004_P006_L008.png,,0,True,772,57,71.4549,0.554881,review,transcription_required,W004
W004_P006_L009,lines_raw/W004_P006_L009.png,page_006.png,W004,49,463,832,519,,,0.0,0.95,True,pending,Line crop; human transcription required,,data/handwritten_external/W004/line_metadata.csv,119,/Users/macbookpro/Desktop/Development/khmer-handwritten-word-recognition/data/handwritten_external/W004/lines_raw/W004_P006_L009.png,,0,True,783,56,74.0347,0.547916,review,transcription_required,W004
W004_P006_L010,lines_raw/W004_P006_L010.png,page_006.png,W004,48,515,801,569,,,0.0,0.95,True,pending,Line crop; human transcription required,,data/handwritten_external/W004/line_metadata.csv,120,/Users/macbookpro/Desktop/Development/khmer-handwritten-word-recognition/data/handwritten_external/W004/lines_raw/W004_P006_L010.png,,0,True,753,54,72.3861,0.542989,review,transcription_required,W004
W004_P006_L011,lines_raw/W004_P006_L011.png,page_006.png,W004,50,565,331,631,,,0.0,0.95,True,pending,Line crop; human transcription required,,data/handwritten_external/W004/line_metadata.csv,121,/Users/macbookpro/Desktop/Development/khmer-handwritten-word-recognition/data/handwritten_external/W004/lines_raw/W004_P006_L011.png,,0,True,281,66,61.2024,0.891944,review,transcription_required,W004
W005_P002_L001,lines_raw/W005_P002_L001.png,page_002.png,W005,51,315,1233,388,,,0.0,0.95,True,pending,Line crop; human transcription required,,data/handwritten_external/W005/line_metadata.csv,30,/Users/macbookpro/Desktop/Development/khmer-handwritten-word-recognition/data/handwritten_external/W005/lines_raw/W005_P002_L001.png,,0,True,1182,73,47.8814,0.979151,review,transcription_required,W005
W005_P002_L002,lines_raw/W005_P002_L002.png,page_002.png,W005,51,384,1233,438,,,0.0,0.95,True,pending,Line crop; human transcription required,,data/handwritten_external/W005/line_metadata.csv,31,/Users/macbookpro/Desktop/Development/khmer-handwritten-word-recognition/data/handwritten_external/W005/lines_raw/W005_P002_L002.png,,0,True,1182,54,52.2903,0.940434,review,transcription_required,W005
W005_P002_L003,lines_raw/W005_P002_L003.png,page_002.png,W005,51,434,1233,487,,,0.0,0.95,True,pending,Line crop; human transcription required,,data/handwritten_external/W005/line_metadata.csv,32,/Users/macbookpro/Desktop/Development/khmer-handwritten-word-recognition/data/handwritten_external/W005/lines_raw/W005_P002_L003.png,,0,True,1182,53,52.2273,0.956374,review,transcription_required,W005
W005_P002_L004,lines_raw/W005_P002_L004.png,page_002.png,W005,51,483,1233,536,,,0.0,0.95,True,pending,Line crop; human transcription required,,data/handwritten_external/W005/line_metadata.csv,33,/Users/macbookpro/Desktop/Development/khmer-handwritten-word-recognition/data/handwritten_external/W005/lines_raw/W005_P002_L004.png,,0,True,1182,53,50.9517,0.975385,review,transcription_required,W005
W005_P002_L005,lines_raw/W005_P002_L005.png,page_002.png,W005,51,532,1233,571,,,0.0,0.95,True,pending,Line crop; human transcription required,,data/handwritten_external/W005/line_metadata.csv,34,/Users/macbookpro/Desktop/Development/khmer-handwritten-word-recognition/data/handwritten_external/W005/lines_raw/W005_P002_L005.png,,0,True,1182,39,56.5303,0.962146,review,transcription_required,W005
W005_P002_L007,lines_raw/W005_P002_L007.png,page_002.png,W005,51,591,1233,619,,,0.0,0.95,True,pending,Line crop; human transcription required,,data/handwritten_external/W005/line_metadata.csv,36,/Users/macbookpro/Desktop/Development/khmer-handwritten-word-recognition/data/handwritten_external/W005/lines_raw/W005_P002_L007.png,,0,True,1182,28,61.4806,0.917905,review,transcription_required,W005
W005_P002_L009,lines_raw/W005_P002_L009.png,page_002.png,W005,51,639,1233,681,,,0.0,0.95,True,pending,Line crop; human transcription required,,data/handwritten_external/W005/line_metadata.csv,38,/Users/macbookpro/Desktop/Development/khmer-handwritten-word-recognition/data/handwritten_external/W005/lines_raw/W005_P002_L009.png,,0,True,1182,42,56.5726,0.924986,review,transcription_required,W005
W005_P002_L010,lines_raw/W005_P002_L010.png,page_002.png,W005,51,677,1233,729,,,0.0,0.95,True,pending,Line crop; human transcription required,,data/handwritten_external/W005/line_metadata.csv,39,/Users/macbookpro/Desktop/Development/khmer-handwritten-word-recognition/data/handwritten_external/W005/lines_raw/W005_P002_L010.png,,0,True,1182,52,53.9228,0.963035,review,transcription_required,W005
W005_P002_L011,lines_raw/W005_P002_L011.png,page_002.png,W005,51,725,1233,777,,,0.0,0.95,True,pending,Line crop; human transcription required,,data/handwritten_external/W005/line_metadata.csv,40,/Users/macbookpro/Desktop/Development/khmer-handwritten-word-recognition/data/handwritten_external/W005/lines_raw/W005_P002_L011.png,,0,True,1182,52,53.6886,0.959342,review,transcription_required,W005
W005_P002_L012,lines_raw/W005_P002_L012.png,page_002.png,W005,51,773,1233,824,,,0.0,0.95,True,pending,Line crop; human transcription required,,data/handwritten_external/W005/line_metadata.csv,41,/Users/macbookpro/Desktop/Development/khmer-handwritten-word-recognition/data/handwritten_external/W005/lines_raw/W005_P002_L012.png,,0,True,1182,51,54.3638,0.960718,review,transcription_required,W005
W005_P002_L013,lines_raw/W005_P002_L013.png,page_002.png,W005,51,820,1233,872,,,0.0,0.95,True,pending,Line crop; human transcription required,,data/handwritten_external/W005/line_metadata.csv,42,/Users/macbookpro/Desktop/Development/khmer-handwritten-word-recognition/data/handwritten_external/W005/lines_raw/W005_P002_L013.png,,0,True,1182,52,53.2842,0.956414,review,transcription_required,W005
W005_P002_L014,lines_raw/W005_P002_L014.png,page_002.png,W005,51,868,1233,919,,,0.0,0.95,True,pending,Line crop; human transcription required,,data/handwritten_external/W005/line_metadata.csv,43,/Users/macbookpro/Desktop/Development/khmer-handwritten-word-recognition/data/handwritten_external/W005/lines_raw/W005_P002_L014.png,,0,True,1182,51,52.6947,0.960088,review,transcription_required,W005
W005_P002_L015,lines_raw/W005_P002_L015.png,page_002.png,W005,51,915,1233,966,,,0.0,0.95,True,pending,Line crop; human transcription required,,data/handwritten_external/W005/line_metadata.csv,44,/Users/macbookpro/Desktop/Development/khmer-handwritten-word-recognition/data/handwritten_external/W005/lines_raw/W005_P002_L015.png,,0,True,1182,51,51.679,0.983843,review,transcription_required,W005
W005_P002_L016,lines_raw/W005_P002_L016.png,page_002.png,W005,51,962,1233,1013,,,0.0,0.95,True,pending,Line crop; human transcription required,,data/handwritten_external/W005/line_metadata.csv,45,/Users/macbookpro/Desktop/Development/khmer-handwritten-word-recognition/data/handwritten_external/W005/lines_raw/W005_P002_L016.png,,0,True,1182,51,51.953,0.983229,review,transcription_required,W005
W005_P002_L017,lines_raw/W005_P002_L017.png,page_002.png,W005,51,1009,1233,1061,,,0.0,0.95,True,pending,Line crop; human transcription required,,data/handwritten_external/W005/line_metadata.csv,46,/Users/macbookpro/Desktop/Development/khmer-handwritten-word-recognition/data/handwritten_external/W005/lines_raw/W005_P002_L017.png,,0,True,1182,52,52.4438,0.97104,review,transcription_required,W005
W005_P002_L018,lines_raw/W005_P002_L018.png,page_002.png,W005,51,1057,1233,1108,,,0.0,0.95,True,pending,Line crop; human transcription required,,data/handwritten_external/W005/line_metadata.csv,47,/Users/macbookpro/Desktop/Development/khmer-handwritten-word-recognition/data/handwritten_external/W005/lines_raw/W005_P002_L018.png,,0,True,1182,51,52.3575,0.974835,review,transcription_required,W005
W005_P002_L019,lines_raw/W005_P002_L019.png,page_002.png,W005,51,1104,1233,1155,,,0.0,0.95,True,pending,Line crop; human transcription required,,data/handwritten_external/W005/line_metadata.csv,48,/Users/macbookpro/Desktop/Development/khmer-handwritten-word-recognition/data/handwritten_external/W005/lines_raw/W005_P002_L019.png,,0,True,1182,51,52.4685,0.976228,review,transcription_required,W005
W005_P002_L020,lines_raw/W005_P002_L020.png,page_002.png,W005,51,1151,1233,1202,,,0.0,0.95,True,pending,Line crop; human transcription required,,data/handwritten_external/W005/line_metadata.csv,49,/Users/macbookpro/Desktop/Development/khmer-handwritten-word-recognition/data/handwritten_external/W005/lines_raw/W005_P002_L020.png,,0,True,1182,51,52.9407,0.963439,review,transcription_required,W005
W005_P002_L021,lines_raw/W005_P002_L021.png,page_002.png,W005,51,1198,1233,1249,,,0.0,0.95,True,pending,Line crop; human transcription required,,data/handwritten_external/W005/line_metadata.csv,50,/Users/macbookpro/Desktop/Development/khmer-handwritten-word-recognition/data/handwritten_external/W005/lines_raw/W005_P002_L021.png,,0,True,1182,51,52.1176,0.986878,review,transcription_required,W005
W005_P002_L022,lines_raw/W005_P002_L022.png,page_002.png,W005,51,1245,1233,1297,,,0.0,0.95,True,pending,Line crop; human transcription required,,data/handwritten_external/W005/line_metadata.csv,51,/Users/macbookpro/Desktop/Development/khmer-handwritten-word-recognition/data/handwritten_external/W005/lines_raw/W005_P002_L022.png,,0,True,1182,52,52.3263,0.97815,review,transcription_required,W005
W005_P002_L023,lines_raw/W005_P002_L023.png,page_002.png,W005,51,1293,1233,1345,,,0.0,0.95,True,pending,Line crop; human transcription required,,data/handwritten_external/W005/line_metadata.csv,52,/Users/macbookpro/Desktop/Development/khmer-handwritten-word-recognition/data/handwritten_external/W005/lines_raw/W005_P002_L023.png,,0,True,1182,52,51.3642,0.975156,review,transcription_required,W005
W005_P002_L024,lines_raw/W005_P002_L024.png,page_002.png,W005,51,1341,1233,1394,,,0.0,0.95,True,pending,Line crop; human transcription required,,data/handwritten_external/W005/line_metadata.csv,53,/Users/macbookpro/Desktop/Development/khmer-handwritten-word-recognition/data/handwritten_external/W005/lines_raw/W005_P002_L024.png,,0,True,1182,53,52.1264,0.981787,review,transcription_required,W005
W005_P002_L025,lines_raw/W005_P002_L025.png,page_002.png,W005,51,1390,1233,1442,,,0.0,0.95,True,pending,Line crop; human transcription required,,data/handwritten_external/W005/line_metadata.csv,54,/Users/macbookpro/Desktop/Development/khmer-handwritten-word-recognition/data/handwritten_external/W005/lines_raw/W005_P002_L025.png,,0,True,1182,52,51.8296,0.982299,review,transcription_required,W005
W005_P002_L026,lines_raw/W005_P002_L026.png,page_002.png,W005,51,1438,1233,1490,,,0.0,0.95,True,pending,Line crop; human transcription required,,data/handwritten_external/W005/line_metadata.csv,55,/Users/macbookpro/Desktop/Development/khmer-handwritten-word-recognition/data/handwritten_external/W005/lines_raw/W005_P002_L026.png,,0,True,1182,52,51.1565,0.971528,review,transcription_required,W005
W005_P002_L027,lines_raw/W005_P002_L027.png,page_002.png,W005,51,1486,1233,1539,,,0.0,0.95,True,pending,Line crop; human transcription required,,data/handwritten_external/W005/line_metadata.csv,56,/Users/macbookpro/Desktop/Development/khmer-handwritten-word-recognition/data/handwritten_external/W005/lines_raw/W005_P002_L027.png,,0,True,1182,53,50.1081,0.980462,review,transcription_required,W005
W005_P002_L028,lines_raw/W005_P002_L028.png,page_002.png,W005,51,1535,1233,1588,,,0.0,0.95,True,pending,Line crop; human transcription required,,data/handwritten_external/W005/line_metadata.csv,57,/Users/macbookpro/Desktop/Development/khmer-handwritten-word-recognition/data/handwritten_external/W005/lines_raw/W005_P002_L028.png,,0,True,1182,53,49.921,0.989752,review,transcription_required,W005
W005_P002_L029,lines_raw/W005_P002_L029.png,page_002.png,W005,51,1584,1233,1632,,,0.0,0.95,True,pending,Line crop; lower boundary manually trimmed to exclude printed page number; human transcription required,,data/handwritten_external/W005/line_metadata.csv,58,/Users/macbookpro/Desktop/Development/khmer-handwritten-word-recognition/data/handwritten_external/W005/lines_raw/W005_P002_L029.png,,0,True,1182,48,48.8504,0.99725,review,transcription_required,W005
W005_P003_L001,lines_raw/W005_P003_L001.png,page_003.png,W005,51,484,1233,534,,,0.0,0.95,True,pending,Line crop; human transcription required,,data/handwritten_external/W005/line_metadata.csv,59,/Users/macbookpro/Desktop/Development/khmer-handwritten-word-recognition/data/handwritten_external/W005/lines_raw/W005_P003_L001.png,,0,True,1182,50,52.5927,0.981591,review,transcription_required,W005
W005_P003_L002,lines_raw/W005_P003_L002.png,page_003.png,W005,51,530,1233,581,,,0.0,0.95,True,pending,Line crop; human transcription required,,data/handwritten_external/W005/line_metadata.csv,60,/Users/macbookpro/Desktop/Development/khmer-handwritten-word-recognition/data/handwritten_external/W005/lines_raw/W005_P003_L002.png,,0,True,1182,51,51.8152,0.990395,review,transcription_required,W005
W005_P003_L003,lines_raw/W005_P003_L003.png,page_003.png,W005,51,577,1233,628,,,0.0,0.95,True,pending,Line crop; human transcription required,,data/handwritten_external/W005/line_metadata.csv,61,/Users/macbookpro/Desktop/Development/khmer-handwritten-word-recognition/data/handwritten_external/W005/lines_raw/W005_P003_L003.png,,0,True,1182,51,50.8266,0.991822,review,transcription_required,W005
W005_P003_L004,lines_raw/W005_P003_L004.png,page_003.png,W005,51,624,1233,674,,,0.0,0.95,True,pending,Line crop; human transcription required,,data/handwritten_external/W005/line_metadata.csv,62,/Users/macbookpro/Desktop/Development/khmer-handwritten-word-recognition/data/handwritten_external/W005/lines_raw/W005_P003_L004.png,,0,True,1182,50,52.7862,0.983841,review,transcription_required,W005
W005_P003_L005,lines_raw/W005_P003_L005.png,page_003.png,W005,51,670,1233,721,,,0.0,0.95,True,pending,Line crop; human transcription required,,data/handwritten_external/W005/line_metadata.csv,63,/Users/macbookpro/Desktop/Development/khmer-handwritten-word-recognition/data/handwritten_external/W005/lines_raw/W005_P003_L005.png,,0,True,1182,51,53.5971,0.979364,review,transcription_required,W005
W005_P003_L006,lines_raw/W005_P003_L006.png,page_003.png,W005,51,717,1233,768,,,0.0,0.95,True,pending,Line crop; human transcription required,,data/handwritten_external/W005/line_metadata.csv,64,/Users/macbookpro/Desktop/Development/khmer-handwritten-word-recognition/data/handwritten_external/W005/lines_raw/W005_P003_L006.png,,0,True,1182,51,52.3186,0.985435,review,transcription_required,W005
W005_P003_L007,lines_raw/W005_P003_L007.png,page_003.png,W005,51,764,1233,820,,,0.0,0.95,True,pending,Line crop; human transcription required,,data/handwritten_external/W005/line_metadata.csv,65,/Users/macbookpro/Desktop/Development/khmer-handwritten-word-recognition/data/handwritten_external/W005/lines_raw/W005_P003_L007.png,,0,True,1182,56,51.0001,0.976704,review,transcription_required,W005
W005_P003_L008,lines_raw/W005_P003_L008.png,page_003.png,W005,51,816,1233,872,,,0.0,0.95,True,pending,Line crop; human transcription required,,data/handwritten_external/W005/line_metadata.csv,66,/Users/macbookpro/Desktop/Development/khmer-handwritten-word-recognition/data/handwritten_external/W005/lines_raw/W005_P003_L008.png,,0,True,1182,56,53.5893,0.963032,review,transcription_required,W005
W005_P003_L009,lines_raw/W005_P003_L009.png,page_003.png,W005,51,868,1233,919,,,0.0,0.95,True,pending,Line crop; human transcription required,,data/handwritten_external/W005/line_metadata.csv,67,/Users/macbookpro/Desktop/Development/khmer-handwritten-word-recognition/data/handwritten_external/W005/lines_raw/W005_P003_L009.png,,0,True,1182,51,53.0891,0.969593,review,transcription_required,W005
W005_P003_L010,lines_raw/W005_P003_L010.png,page_003.png,W005,51,915,1233,966,,,0.0,0.95,True,pending,Line crop; human transcription required,,data/handwritten_external/W005/line_metadata.csv,68,/Users/macbookpro/Desktop/Development/khmer-handwritten-word-recognition/data/handwritten_external/W005/lines_raw/W005_P003_L010.png,,0,True,1182,51,52.6406,0.986862,review,transcription_required,W005
W005_P003_L011,lines_raw/W005_P003_L011.png,page_003.png,W005,51,962,1233,1013,,,0.0,0.95,True,pending,Line crop; human transcription required,,data/handwritten_external/W005/line_metadata.csv,69,/Users/macbookpro/Desktop/Development/khmer-handwritten-word-recognition/data/handwritten_external/W005/lines_raw/W005_P003_L011.png,,0,True,1182,51,51.4827,0.985783,review,transcription_required,W005
W005_P003_L012,lines_raw/W005_P003_L012.png,page_003.png,W005,51,1009,1233,1060,,,0.0,0.95,True,pending,Line crop; human transcription required,,data/handwritten_external/W005/line_metadata.csv,70,/Users/macbookpro/Desktop/Development/khmer-handwritten-word-recognition/data/handwritten_external/W005/lines_raw/W005_P003_L012.png,,0,True,1182,51,51.9231,0.992054,review,transcription_required,W005
W005_P003_L013,lines_raw/W005_P003_L013.png,page_003.png,W005,51,1056,1233,1107,,,0.0,0.95,True,pending,Line crop; human transcription required,,data/handwritten_external/W005/line_metadata.csv,71,/Users/macbookpro/Desktop/Development/khmer-handwritten-word-recognition/data/handwritten_external/W005/lines_raw/W005_P003_L013.png,,0,True,1182,51,52.0342,0.987044,review,transcription_required,W005
W005_P003_L014,lines_raw/W005_P003_L014.png,page_003.png,W005,51,1103,1233,1155,,,0.0,0.95,True,pending,Line crop; human transcription required,,data/handwritten_external/W005/line_metadata.csv,72,/Users/macbookpro/Desktop/Development/khmer-handwritten-word-recognition/data/handwritten_external/W005/lines_raw/W005_P003_L014.png,,0,True,1182,52,52.0306,0.988481,review,transcription_required,W005
W005_P003_L015,lines_raw/W005_P003_L015.png,page_003.png,W005,51,1151,1233,1202,,,0.0,0.95,True,pending,Line crop; human transcription required,,data/handwritten_external/W005/line_metadata.csv,73,/Users/macbookpro/Desktop/Development/khmer-handwritten-word-recognition/data/handwritten_external/W005/lines_raw/W005_P003_L015.png,,0,True,1182,51,52.5966,0.986746,review,transcription_required,W005
W005_P003_L016,lines_raw/W005_P003_L016.png,page_003.png,W005,51,1198,1233,1250,,,0.0,0.95,True,pending,Line crop; human transcription required,,data/handwritten_external/W005/line_metadata.csv,74,/Users/macbookpro/Desktop/Development/khmer-handwritten-word-recognition/data/handwritten_external/W005/lines_raw/W005_P003_L016.png,,0,True,1182,52,51.3858,0.991654,review,transcription_required,W005
W005_P003_L017,lines_raw/W005_P003_L017.png,page_003.png,W005,51,1246,1233,1298,,,0.0,0.95,True,pending,Line crop; human transcription required,,data/handwritten_external/W005/line_metadata.csv,75,/Users/macbookpro/Desktop/Development/khmer-handwritten-word-recognition/data/handwritten_external/W005/lines_raw/W005_P003_L017.png,,0,True,1182,52,51.5233,0.992809,review,transcription_required,W005
W005_P003_L018,lines_raw/W005_P003_L018.png,page_003.png,W005,51,1294,1233,1346,,,0.0,0.95,True,pending,Line crop; human transcription required,,data/handwritten_external/W005/line_metadata.csv,76,/Users/macbookpro/Desktop/Development/khmer-handwritten-word-recognition/data/handwritten_external/W005/lines_raw/W005_P003_L018.png,,0,True,1182,52,51.6665,0.994485,review,transcription_required,W005
W005_P003_L019,lines_raw/W005_P003_L019.png,page_003.png,W005,51,1342,1233,1379,,,0.0,0.95,True,pending,Line crop; human transcription required,,data/handwritten_external/W005/line_metadata.csv,77,/Users/macbookpro/Desktop/Development/khmer-handwritten-word-recognition/data/handwritten_external/W005/lines_raw/W005_P003_L019.png,,0,True,1182,37,55.0821,0.991928,review,transcription_required,W005
W005_P003_L021,lines_raw/W005_P003_L021.png,page_003.png,W005,51,1400,1233,1443,,,0.0,0.95,True,pending,Line crop; human transcription required,,data/handwritten_external/W005/line_metadata.csv,79,/Users/macbookpro/Desktop/Development/khmer-handwritten-word-recognition/data/handwritten_external/W005/lines_raw/W005_P003_L021.png,,0,True,1182,43,51.6496,0.996242,review,transcription_required,W005
W005_P003_L022,lines_raw/W005_P003_L022.png,page_003.png,W005,51,1439,1233,1491,,,0.0,0.95,True,pending,Line crop; human transcription required,,data/handwritten_external/W005/line_metadata.csv,80,/Users/macbookpro/Desktop/Development/khmer-handwritten-word-recognition/data/handwritten_external/W005/lines_raw/W005_P003_L022.png,,0,True,1182,52,50.2304,0.996811,review,transcription_required,W005
W005_P003_L023,lines_raw/W005_P003_L023.png,page_003.png,W005,51,1487,1233,1539,,,0.0,0.95,True,pending,Line crop; human transcription required,,data/handwritten_external/W005/line_metadata.csv,81,/Users/macbookpro/Desktop/Development/khmer-handwritten-word-recognition/data/handwritten_external/W005/lines_raw/W005_P003_L023.png,,0,True,1182,52,49.0151,0.995477,review,transcription_required,W005
W005_P003_L024,lines_raw/W005_P003_L024.png,page_003.png,W005,51,1535,1233,1588,,,0.0,0.95,True,pending,Line crop; human transcription required,,data/handwritten_external/W005/line_metadata.csv,82,/Users/macbookpro/Desktop/Development/khmer-handwritten-word-recognition/data/handwritten_external/W005/lines_raw/W005_P003_L024.png,,0,True,1182,53,49.1008,0.997286,review,transcription_required,W005
W005_P003_L025,lines_raw/W005_P003_L025.png,page_003.png,W005,51,1584,1233,1637,,,0.0,0.95,True,pending,Line crop; human transcription required,,data/handwritten_external/W005/line_metadata.csv,83,/Users/macbookpro/Desktop/Development/khmer-handwritten-word-recognition/data/handwritten_external/W005/lines_raw/W005_P003_L025.png,,0,True,1182,53,47.91,0.997398,review,transcription_required,W005
W005_P003_L026,lines_raw/W005_P003_L026.png,page_003.png,W005,51,1633,1233,1687,,,0.0,0.95,True,pending,Line crop; human transcription required,,data/handwritten_external/W005/line_metadata.csv,84,/Users/macbookpro/Desktop/Development/khmer-handwritten-word-recognition/data/handwritten_external/W005/lines_raw/W005_P003_L026.png,,0,True,1182,54,47.5495,0.998042,review,transcription_required,W005
W005_P003_L027,lines_raw/W005_P003_L027.png,page_003.png,W005,51,1683,1233,1721,,,0.0,0.95,True,pending,Line crop; human transcription required,,data/handwritten_external/W005/line_metadata.csv,85,/Users/macbookpro/Desktop/Development/khmer-handwritten-word-recognition/data/handwritten_external/W005/lines_raw/W005_P003_L027.png,,0,True,1182,38,50.3994,0.999265,review,transcription_required,W005
W005_P003_L029,lines_raw/W005_P003_L029.png,page_003.png,W005,51,1742,1233,1784,,,0.0,0.95,True,pending,Line crop; lower boundary manually trimmed to exclude printed page number; human transcription required,,data/handwritten_external/W005/line_metadata.csv,87,/Users/macbookpro/Desktop/Development/khmer-handwritten-word-recognition/data/handwritten_external/W005/lines_raw/W005_P003_L029.png,,0,True,1182,42,47.1894,0.999758,review,transcription_required,W005
W005_P004_L001,lines_raw/W005_P004_L001.png,page_004.png,W005,31,290,741,330,,,0.0,0.95,True,pending,Line crop; human transcription required,,data/handwritten_external/W005/line_metadata.csv,88,/Users/macbookpro/Desktop/Development/khmer-handwritten-word-recognition/data/handwritten_external/W005/lines_raw/W005_P004_L001.png,,0,True,710,40,45.2461,0.974225,review,transcription_required,W005
W005_P004_L002,lines_raw/W005_P004_L002.png,page_004.png,W005,31,326,741,358,,,0.0,0.95,True,pending,Line crop; human transcription required,,data/handwritten_external/W005/line_metadata.csv,89,/Users/macbookpro/Desktop/Development/khmer-handwritten-word-recognition/data/handwritten_external/W005/lines_raw/W005_P004_L002.png,,0,True,710,32,48.6403,0.960563,review,transcription_required,W005
W005_P004_L003,lines_raw/W005_P004_L003.png,page_004.png,W005,31,354,741,386,,,0.0,0.95,True,pending,Line crop; human transcription required,,data/handwritten_external/W005/line_metadata.csv,90,/Users/macbookpro/Desktop/Development/khmer-handwritten-word-recognition/data/handwritten_external/W005/lines_raw/W005_P004_L003.png,,0,True,710,32,48.9439,0.942826,review,transcription_required,W005
W005_P004_L004,lines_raw/W005_P004_L004.png,page_004.png,W005,31,382,741,414,,,0.0,0.95,True,pending,Line crop; human transcription required,,data/handwritten_external/W005/line_metadata.csv,91,/Users/macbookpro/Desktop/Development/khmer-handwritten-word-recognition/data/handwritten_external/W005/lines_raw/W005_P004_L004.png,,0,True,710,32,47.7261,0.961004,review,transcription_required,W005
W005_P004_L005,lines_raw/W005_P004_L005.png,page_004.png,W005,31,410,741,442,,,0.0,0.95,True,pending,Line crop; human transcription required,,data/handwritten_external/W005/line_metadata.csv,92,/Users/macbookpro/Desktop/Development/khmer-handwritten-word-recognition/data/handwritten_external/W005/lines_raw/W005_P004_L005.png,,0,True,710,32,47.9542,0.972183,review,transcription_required,W005
W005_P004_L006,lines_raw/W005_P004_L006.png,page_004.png,W005,31,438,741,470,,,0.0,0.95,True,pending,Line crop; human transcription required,,data/handwritten_external/W005/line_metadata.csv,93,/Users/macbookpro/Desktop/Development/khmer-handwritten-word-recognition/data/handwritten_external/W005/lines_raw/W005_P004_L006.png,,0,True,710,32,47.6202,0.970775,review,transcription_required,W005
W005_P004_L007,lines_raw/W005_P004_L007.png,page_004.png,W005,31,466,741,498,,,0.0,0.95,True,pending,Line crop; human transcription required,,data/handwritten_external/W005/line_metadata.csv,94,/Users/macbookpro/Desktop/Development/khmer-handwritten-word-recognition/data/handwritten_external/W005/lines_raw/W005_P004_L007.png,,0,True,710,32,45.1269,0.973856,review,transcription_required,W005
W005_P004_L008,lines_raw/W005_P004_L008.png,page_004.png,W005,31,494,741,526,,,0.0,0.95,True,pending,Line crop; human transcription required,,data/handwritten_external/W005/line_metadata.csv,95,/Users/macbookpro/Desktop/Development/khmer-handwritten-word-recognition/data/handwritten_external/W005/lines_raw/W005_P004_L008.png,,0,True,710,32,46.9827,0.984023,review,transcription_required,W005
W005_P004_L009,lines_raw/W005_P004_L009.png,page_004.png,W005,31,522,741,554,,,0.0,0.95,True,pending,Line crop; human transcription required,,data/handwritten_external/W005/line_metadata.csv,96,/Users/macbookpro/Desktop/Development/khmer-handwritten-word-recognition/data/handwritten_external/W005/lines_raw/W005_P004_L009.png,,0,True,710,32,47.061,0.984243,review,transcription_required,W005
W005_P004_L010,lines_raw/W005_P004_L010.png,page_004.png,W005,31,550,741,582,,,0.0,0.95,True,pending,Line crop; human transcription required,,data/handwritten_external/W005/line_metadata.csv,97,/Users/macbookpro/Desktop/Development/khmer-handwritten-word-recognition/data/handwritten_external/W005/lines_raw/W005_P004_L010.png,,0,True,710,32,47.4484,0.983407,review,transcription_required,W005
W005_P004_L011,lines_raw/W005_P004_L011.png,page_004.png,W005,31,578,741,606,,,0.0,0.95,True,pending,Line crop; human transcription required,,data/handwritten_external/W005/line_metadata.csv,98,/Users/macbookpro/Desktop/Development/khmer-handwritten-word-recognition/data/handwritten_external/W005/lines_raw/W005_P004_L011.png,,0,True,710,28,47.2243,0.98164,review,transcription_required,W005
W005_P004_L012,lines_raw/W005_P004_L012.png,page_004.png,W005,31,602,741,634,,,0.0,0.95,True,pending,Line crop; human transcription required,,data/handwritten_external/W005/line_metadata.csv,99,/Users/macbookpro/Desktop/Development/khmer-handwritten-word-recognition/data/handwritten_external/W005/lines_raw/W005_P004_L012.png,,0,True,710,32,46.6687,0.983187,review,transcription_required,W005
W005_P004_L013,lines_raw/W005_P004_L013.png,page_004.png,W005,31,630,741,666,,,0.0,0.95,True,pending,Line crop; human transcription required,,data/handwritten_external/W005/line_metadata.csv,100,/Users/macbookpro/Desktop/Development/khmer-handwritten-word-recognition/data/handwritten_external/W005/lines_raw/W005_P004_L013.png,,0,True,710,36,44.7587,0.980947,review,transcription_required,W005
W005_P004_L014,lines_raw/W005_P004_L014.png,page_004.png,W005,31,662,741,695,,,0.0,0.95,True,pending,Line crop; human transcription required,,data/handwritten_external/W005/line_metadata.csv,101,/Users/macbookpro/Desktop/Development/khmer-handwritten-word-recognition/data/handwritten_external/W005/lines_raw/W005_P004_L014.png,,0,True,710,33,44.631,0.98822,review,transcription_required,W005
W005_P004_L015,lines_raw/W005_P004_L015.png,page_004.png,W005,31,691,741,723,,,0.0,0.95,True,pending,Line crop; human transcription required,,data/handwritten_external/W005/line_metadata.csv,102,/Users/macbookpro/Desktop/Development/khmer-handwritten-word-recognition/data/handwritten_external/W005/lines_raw/W005_P004_L015.png,,0,True,710,32,46.9284,0.986884,review,transcription_required,W005
W005_P004_L016,lines_raw/W005_P004_L016.png,page_004.png,W005,31,719,741,752,,,0.0,0.95,True,pending,Line crop; human transcription required,,data/handwritten_external/W005/line_metadata.csv,103,/Users/macbookpro/Desktop/Development/khmer-handwritten-word-recognition/data/handwritten_external/W005/lines_raw/W005_P004_L016.png,,0,True,710,33,44.5305,0.985617,review,transcription_required,W005
W005_P004_L017,lines_raw/W005_P004_L017.png,page_004.png,W005,31,748,741,780,,,0.0,0.95,True,pending,Line crop; human transcription required,,data/handwritten_external/W005/line_metadata.csv,104,/Users/macbookpro/Desktop/Development/khmer-handwritten-word-recognition/data/handwritten_external/W005/lines_raw/W005_P004_L017.png,,0,True,710,32,46.3789,0.985739,review,transcription_required,W005
W005_P004_L018,lines_raw/W005_P004_L018.png,page_004.png,W005,31,776,741,809,,,0.0,0.95,True,pending,Line crop; human transcription required,,data/handwritten_external/W005/line_metadata.csv,105,/Users/macbookpro/Desktop/Development/khmer-handwritten-word-recognition/data/handwritten_external/W005/lines_raw/W005_P004_L018.png,,0,True,710,33,45.5751,0.986897,review,transcription_required,W005
W005_P004_L019,lines_raw/W005_P004_L019.png,page_004.png,W005,31,805,741,838,,,0.0,0.95,True,pending,Line crop; human transcription required,,data/handwritten_external/W005/line_metadata.csv,106,/Users/macbookpro/Desktop/Development/khmer-handwritten-word-recognition/data/handwritten_external/W005/lines_raw/W005_P004_L019.png,,0,True,710,33,46.5738,0.98694,review,transcription_required,W005
W005_P004_L020,lines_raw/W005_P004_L020.png,page_004.png,W005,31,834,741,867,,,0.0,0.95,True,pending,Line crop; human transcription required,,data/handwritten_external/W005/line_metadata.csv,107,/Users/macbookpro/Desktop/Development/khmer-handwritten-word-recognition/data/handwritten_external/W005/lines_raw/W005_P004_L020.png,,0,True,710,33,47.4237,0.990994,review,transcription_required,W005
W005_P004_L021,lines_raw/W005_P004_L021.png,page_004.png,W005,31,863,741,896,,,0.0,0.95,True,pending,Line crop; human transcription required,,data/handwritten_external/W005/line_metadata.csv,108,/Users/macbookpro/Desktop/Development/khmer-handwritten-word-recognition/data/handwritten_external/W005/lines_raw/W005_P004_L021.png,,0,True,710,33,47.3511,0.985275,review,transcription_required,W005
W005_P004_L022,lines_raw/W005_P004_L022.png,page_004.png,W005,31,892,741,926,,,0.0,0.95,True,pending,Line crop; human transcription required,,data/handwritten_external/W005/line_metadata.csv,109,/Users/macbookpro/Desktop/Development/khmer-handwritten-word-recognition/data/handwritten_external/W005/lines_raw/W005_P004_L022.png,,0,True,710,34,46.3466,0.988567,review,transcription_required,W005
W005_P004_L023,lines_raw/W005_P004_L023.png,page_004.png,W005,31,922,741,955,,,0.0,0.95,True,pending,Line crop; human transcription required,,data/handwritten_external/W005/line_metadata.csv,110,/Users/macbookpro/Desktop/Development/khmer-handwritten-word-recognition/data/handwritten_external/W005/lines_raw/W005_P004_L023.png,,0,True,710,33,46.5804,0.987793,review,transcription_required,W005
W005_P004_L024,lines_raw/W005_P004_L024.png,page_004.png,W005,31,951,741,985,,,0.0,0.95,True,pending,Line crop; human transcription required,,data/handwritten_external/W005/line_metadata.csv,111,/Users/macbookpro/Desktop/Development/khmer-handwritten-word-recognition/data/handwritten_external/W005/lines_raw/W005_P004_L024.png,,0,True,710,34,46.7383,0.993662,review,transcription_required,W005
W005_P004_L025,lines_raw/W005_P004_L025.png,page_004.png,W005,31,981,741,1016,,,0.0,0.95,True,pending,Line crop; human transcription required,,data/handwritten_external/W005/line_metadata.csv,112,/Users/macbookpro/Desktop/Development/khmer-handwritten-word-recognition/data/handwritten_external/W005/lines_raw/W005_P004_L025.png,,0,True,710,35,45.9838,0.996097,review,transcription_required,W005
W005_P004_L026,lines_raw/W005_P004_L026.png,page_004.png,W005,31,1012,741,1046,,,0.0,0.95,True,pending,Line crop; human transcription required,,data/handwritten_external/W005/line_metadata.csv,113,/Users/macbookpro/Desktop/Development/khmer-handwritten-word-recognition/data/handwritten_external/W005/lines_raw/W005_P004_L026.png,,0,True,710,34,44.0103,0.99855,review,transcription_required,W005
W005_P005_L001,lines_raw/W005_P005_L001.png,page_005.png,W005,51,472,1233,531,,,0.0,0.95,True,pending,Line crop; human transcription required,,data/handwritten_external/W005/line_metadata.csv,115,/Users/macbookpro/Desktop/Development/khmer-handwritten-word-recognition/data/handwritten_external/W005/lines_raw/W005_P005_L001.png,,0,True,1182,59,46.5555,0.984427,review,transcription_required,W005
W005_P005_L002,lines_raw/W005_P005_L002.png,page_005.png,W005,51,527,1233,579,,,0.0,0.95,True,pending,Line crop; human transcription required,,data/handwritten_external/W005/line_metadata.csv,116,/Users/macbookpro/Desktop/Development/khmer-handwritten-word-recognition/data/handwritten_external/W005/lines_raw/W005_P005_L002.png,,0,True,1182,52,48.3683,0.978264,review,transcription_required,W005
W005_P005_L003,lines_raw/W005_P005_L003.png,page_005.png,W005,51,575,1233,626,,,0.0,0.95,True,pending,Line crop; human transcription required,,data/handwritten_external/W005/line_metadata.csv,117,/Users/macbookpro/Desktop/Development/khmer-handwritten-word-recognition/data/handwritten_external/W005/lines_raw/W005_P005_L003.png,,0,True,1182,51,47.6402,0.976627,review,transcription_required,W005
W005_P005_L004,lines_raw/W005_P005_L004.png,page_005.png,W005,51,622,1233,671,,,0.0,0.95,True,pending,Line crop; human transcription required,,data/handwritten_external/W005/line_metadata.csv,118,/Users/macbookpro/Desktop/Development/khmer-handwritten-word-recognition/data/handwritten_external/W005/lines_raw/W005_P005_L004.png,,0,True,1182,49,42.924,0.980559,review,transcription_required,W005
W005_P005_L005,lines_raw/W005_P005_L005.png,page_005.png,W005,51,667,1233,717,,,0.0,0.95,True,pending,Line crop; human transcription required,,data/handwritten_external/W005/line_metadata.csv,119,/Users/macbookpro/Desktop/Development/khmer-handwritten-word-recognition/data/handwritten_external/W005/lines_raw/W005_P005_L005.png,,0,True,1182,50,48.8071,0.986311,review,transcription_required,W005
W005_P005_L006,lines_raw/W005_P005_L006.png,page_005.png,W005,51,713,1233,763,,,0.0,0.95,True,pending,Line crop; human transcription required,,data/handwritten_external/W005/line_metadata.csv,120,/Users/macbookpro/Desktop/Development/khmer-handwritten-word-recognition/data/handwritten_external/W005/lines_raw/W005_P005_L006.png,,0,True,1182,50,49.0151,0.979577,review,transcription_required,W005
W005_P005_L007,lines_raw/W005_P005_L007.png,page_005.png,W005,51,759,1233,808,,,0.0,0.95,True,pending,Line crop; human transcription required,,data/handwritten_external/W005/line_metadata.csv,121,/Users/macbookpro/Desktop/Development/khmer-handwritten-word-recognition/data/handwritten_external/W005/lines_raw/W005_P005_L007.png,,0,True,1182,49,50.1465,0.972875,review,transcription_required,W005
W005_P005_L008,lines_raw/W005_P005_L008.png,page_005.png,W005,51,804,1233,854,,,0.0,0.95,True,pending,Line crop; human transcription required,,data/handwritten_external/W005/line_metadata.csv,122,/Users/macbookpro/Desktop/Development/khmer-handwritten-word-recognition/data/handwritten_external/W005/lines_raw/W005_P005_L008.png,,0,True,1182,50,49.4316,0.986447,review,transcription_required,W005
W005_P005_L009,lines_raw/W005_P005_L009.png,page_005.png,W005,51,850,1233,899,,,0.0,0.95,True,pending,Line crop; human transcription required,,data/handwritten_external/W005/line_metadata.csv,123,/Users/macbookpro/Desktop/Development/khmer-handwritten-word-recognition/data/handwritten_external/W005/lines_raw/W005_P005_L009.png,,0,True,1182,49,43.1359,0.990504,review,transcription_required,W005
W005_P005_L010,lines_raw/W005_P005_L010.png,page_005.png,W005,51,895,1233,945,,,0.0,0.95,True,pending,Line crop; human transcription required,,data/handwritten_external/W005/line_metadata.csv,124,/Users/macbookpro/Desktop/Development/khmer-handwritten-word-recognition/data/handwritten_external/W005/lines_raw/W005_P005_L010.png,,0,True,1182,50,46.5222,0.990474,review,transcription_required,W005
W005_P005_L011,lines_raw/W005_P005_L011.png,page_005.png,W005,51,941,1233,991,,,0.0,0.95,True,pending,Line crop; human transcription required,,data/handwritten_external/W005/line_metadata.csv,125,/Users/macbookpro/Desktop/Development/khmer-handwritten-word-recognition/data/handwritten_external/W005/lines_raw/W005_P005_L011.png,,0,True,1182,50,48.8009,0.990914,review,transcription_required,W005
W005_P005_L012,lines_raw/W005_P005_L012.png,page_005.png,W005,51,987,1233,1036,,,0.0,0.95,True,pending,Line crop; human transcription required,,data/handwritten_external/W005/line_metadata.csv,126,/Users/macbookpro/Desktop/Development/khmer-handwritten-word-recognition/data/handwritten_external/W005/lines_raw/W005_P005_L012.png,,0,True,1182,49,50.7305,0.990935,review,transcription_required,W005
W005_P005_L013,lines_raw/W005_P005_L013.png,page_005.png,W005,51,1032,1233,1082,,,0.0,0.95,True,pending,Line crop; human transcription required,,data/handwritten_external/W005/line_metadata.csv,127,/Users/macbookpro/Desktop/Development/khmer-handwritten-word-recognition/data/handwritten_external/W005/lines_raw/W005_P005_L013.png,,0,True,1182,50,48.6034,0.990745,review,transcription_required,W005
W005_P005_L014,lines_raw/W005_P005_L014.png,page_005.png,W005,51,1078,1233,1128,,,0.0,0.95,True,pending,Line crop; human transcription required,,data/handwritten_external/W005/line_metadata.csv,128,/Users/macbookpro/Desktop/Development/khmer-handwritten-word-recognition/data/handwritten_external/W005/lines_raw/W005_P005_L014.png,,0,True,1182,50,49.57,0.992267,review,transcription_required,W005
W005_P005_L015,lines_raw/W005_P005_L015.png,page_005.png,W005,51,1124,1233,1174,,,0.0,0.95,True,pending,Line crop; human transcription required,,data/handwritten_external/W005/line_metadata.csv,129,/Users/macbookpro/Desktop/Development/khmer-handwritten-word-recognition/data/handwritten_external/W005/lines_raw/W005_P005_L015.png,,0,True,1182,50,50.187,0.985008,review,transcription_required,W005
W005_P005_L016,lines_raw/W005_P005_L016.png,page_005.png,W005,51,1170,1233,1216,,,0.0,0.95,True,pending,Line crop; human transcription required,,data/handwritten_external/W005/line_metadata.csv,130,/Users/macbookpro/Desktop/Development/khmer-handwritten-word-recognition/data/handwritten_external/W005/lines_raw/W005_P005_L016.png,,0,True,1182,46,44.811,0.993986,review,transcription_required,W005
W006_P002_L009,lines_raw/W006_P002_L009.png,page_002.png,W006,57,403,699,445,,,0.0,0.95,True,pending,Line crop; human transcription required,,data/handwritten_external/W006/line_metadata.csv,28,/Users/macbookpro/Desktop/Development/khmer-handwritten-word-recognition/data/handwritten_external/W006/lines_raw/W006_P002_L009.png,,0,True,642,42,59.0998,0.631657,review,transcription_required,W006
W006_P002_L010,lines_raw/W006_P002_L010.png,page_002.png,W006,55,441,685,486,,,0.0,0.95,True,pending,Line crop; human transcription required,,data/handwritten_external/W006/line_metadata.csv,29,/Users/macbookpro/Desktop/Development/khmer-handwritten-word-recognition/data/handwritten_external/W006/lines_raw/W006_P002_L010.png,,0,True,630,45,58.6443,0.695344,review,transcription_required,W006
W006_P002_L011,lines_raw/W006_P002_L011.png,page_002.png,W006,55,482,496,525,,,0.0,0.95,True,pending,Line crop; human transcription required,,data/handwritten_external/W006/line_metadata.csv,30,/Users/macbookpro/Desktop/Development/khmer-handwritten-word-recognition/data/handwritten_external/W006/lines_raw/W006_P002_L011.png,,0,True,441,43,56.9972,0.700997,review,transcription_required,W006
W006_P002_L012,lines_raw/W006_P002_L012.png,page_002.png,W006,134,521,706,560,,,0.0,0.95,True,pending,Line crop; human transcription required,,data/handwritten_external/W006/line_metadata.csv,31,/Users/macbookpro/Desktop/Development/khmer-handwritten-word-recognition/data/handwritten_external/W006/lines_raw/W006_P002_L012.png,,0,True,572,39,59.2642,0.777882,review,transcription_required,W006
W006_P002_L013,lines_raw/W006_P002_L013.png,page_002.png,W006,51,556,704,603,,,0.0,0.95,True,pending,Line crop; human transcription required,,data/handwritten_external/W006/line_metadata.csv,32,/Users/macbookpro/Desktop/Development/khmer-handwritten-word-recognition/data/handwritten_external/W006/lines_raw/W006_P002_L013.png,,0,True,653,47,58.1125,0.717214,review,transcription_required,W006
W006_P002_L014,lines_raw/W006_P002_L014.png,page_002.png,W006,50,599,687,642,,,0.0,0.95,True,pending,Line crop; human transcription required,,data/handwritten_external/W006/line_metadata.csv,33,/Users/macbookpro/Desktop/Development/khmer-handwritten-word-recognition/data/handwritten_external/W006/lines_raw/W006_P002_L014.png,,0,True,637,43,61.0082,0.642291,review,transcription_required,W006
W006_P002_L015,lines_raw/W006_P002_L015.png,page_002.png,W006,50,638,699,683,,,0.0,0.95,True,pending,Line crop; human transcription required,,data/handwritten_external/W006/line_metadata.csv,34,/Users/macbookpro/Desktop/Development/khmer-handwritten-word-recognition/data/handwritten_external/W006/lines_raw/W006_P002_L015.png,,0,True,649,45,59.7209,0.695395,review,transcription_required,W006
W006_P002_L016,lines_raw/W006_P002_L016.png,page_002.png,W006,48,679,706,724,,,0.0,0.95,True,pending,Line crop; human transcription required,,data/handwritten_external/W006/line_metadata.csv,35,/Users/macbookpro/Desktop/Development/khmer-handwritten-word-recognition/data/handwritten_external/W006/lines_raw/W006_P002_L016.png,,0,True,658,45,57.2303,0.846437,review,transcription_required,W006
W006_P002_L017,lines_raw/W006_P002_L017.png,page_002.png,W006,46,720,705,759,,,0.0,0.95,True,pending,Line crop; human transcription required,,data/handwritten_external/W006/line_metadata.csv,36,/Users/macbookpro/Desktop/Development/khmer-handwritten-word-recognition/data/handwritten_external/W006/lines_raw/W006_P002_L017.png,,0,True,659,39,54.8724,0.976538,review,transcription_required,W006
W006_P002_L018,lines_raw/W006_P002_L018.png,page_002.png,W006,47,755,706,802,,,0.0,0.95,True,pending,Line crop; human transcription required,,data/handwritten_external/W006/line_metadata.csv,37,/Users/macbookpro/Desktop/Development/khmer-handwritten-word-recognition/data/handwritten_external/W006/lines_raw/W006_P002_L018.png,,0,True,659,47,51.2198,0.990605,review,transcription_required,W006
W006_P002_L019,lines_raw/W006_P002_L019.png,page_002.png,W006,47,798,702,841,,,0.0,0.95,True,pending,Line crop; human transcription required,,data/handwritten_external/W006/line_metadata.csv,38,/Users/macbookpro/Desktop/Development/khmer-handwritten-word-recognition/data/handwritten_external/W006/lines_raw/W006_P002_L019.png,,0,True,655,43,53.2859,0.985833,review,transcription_required,W006
W006_P002_L020,lines_raw/W006_P002_L020.png,page_002.png,W006,44,837,672,878,,,0.0,0.95,True,pending,Line crop; human transcription required,,data/handwritten_external/W006/line_metadata.csv,39,/Users/macbookpro/Desktop/Development/khmer-handwritten-word-recognition/data/handwritten_external/W006/lines_raw/W006_P002_L020.png,,0,True,628,41,53.4308,0.978134,review,transcription_required,W006
W006_P002_L021,lines_raw/W006_P002_L021.png,page_002.png,W006,41,874,670,924,,,0.0,0.95,True,pending,Line crop; human transcription required,,data/handwritten_external/W006/line_metadata.csv,40,/Users/macbookpro/Desktop/Development/khmer-handwritten-word-recognition/data/handwritten_external/W006/lines_raw/W006_P002_L021.png,,0,True,629,50,53.3612,0.957011,review,transcription_required,W006
W006_P003_L001,lines_raw/W006_P003_L001.png,page_003.png,W006,111,165,669,202,,,0.0,0.95,True,pending,Line crop; human transcription required,,data/handwritten_external/W006/line_metadata.csv,41,/Users/macbookpro/Desktop/Development/khmer-handwritten-word-recognition/data/handwritten_external/W006/lines_raw/W006_P003_L001.png,,0,True,558,37,53.3056,0.335174,review,transcription_required,W006
W006_P003_L002,lines_raw/W006_P003_L002.png,page_003.png,W006,110,198,656,239,,,0.0,0.95,True,pending,Line crop; human transcription required,,data/handwritten_external/W006/line_metadata.csv,42,/Users/macbookpro/Desktop/Development/khmer-handwritten-word-recognition/data/handwritten_external/W006/lines_raw/W006_P003_L002.png,,0,True,546,41,53.1574,0.383409,review,transcription_required,W006
W006_P003_L003,lines_raw/W006_P003_L003.png,page_003.png,W006,108,235,652,275,,,0.0,0.95,True,pending,Line crop; human transcription required,,data/handwritten_external/W006/line_metadata.csv,43,/Users/macbookpro/Desktop/Development/khmer-handwritten-word-recognition/data/handwritten_external/W006/lines_raw/W006_P003_L003.png,,0,True,544,40,53.3875,0.503585,review,transcription_required,W006
W006_P003_L004,lines_raw/W006_P003_L004.png,page_003.png,W006,110,271,672,307,,,0.0,0.95,True,pending,Line crop; human transcription required,,data/handwritten_external/W006/line_metadata.csv,44,/Users/macbookpro/Desktop/Development/khmer-handwritten-word-recognition/data/handwritten_external/W006/lines_raw/W006_P003_L004.png,,0,True,562,36,57.0329,0.627966,review,transcription_required,W006
W006_P003_L005,lines_raw/W006_P003_L005.png,page_003.png,W006,108,303,673,340,,,0.0,0.95,True,pending,Line crop; human transcription required,,data/handwritten_external/W006/line_metadata.csv,45,/Users/macbookpro/Desktop/Development/khmer-handwritten-word-recognition/data/handwritten_external/W006/lines_raw/W006_P003_L005.png,,0,True,565,37,58.4549,0.733939,review,transcription_required,W006
W006_P003_L006,lines_raw/W006_P003_L006.png,page_003.png,W006,109,336,666,381,,,0.0,0.95,True,pending,Line crop; human transcription required,,data/handwritten_external/W006/line_metadata.csv,46,/Users/macbookpro/Desktop/Development/khmer-handwritten-word-recognition/data/handwritten_external/W006/lines_raw/W006_P003_L006.png,,0,True,557,45,55.6384,0.805346,review,transcription_required,W006
W006_P003_L007,lines_raw/W006_P003_L007.png,page_003.png,W006,109,377,683,421,,,0.0,0.95,True,pending,Line crop; human transcription required,,data/handwritten_external/W006/line_metadata.csv,47,/Users/macbookpro/Desktop/Development/khmer-handwritten-word-recognition/data/handwritten_external/W006/lines_raw/W006_P003_L007.png,,0,True,574,44,55.5617,0.842137,review,transcription_required,W006
W006_P003_L008,lines_raw/W006_P003_L008.png,page_003.png,W006,108,417,691,454,,,0.0,0.95,True,pending,Line crop; human transcription required,,data/handwritten_external/W006/line_metadata.csv,48,/Users/macbookpro/Desktop/Development/khmer-handwritten-word-recognition/data/handwritten_external/W006/lines_raw/W006_P003_L008.png,,0,True,583,37,56.706,0.746141,review,transcription_required,W006
W006_P003_L009,lines_raw/W006_P003_L009.png,page_003.png,W006,108,450,654,490,,,0.0,0.95,True,pending,Line crop; human transcription required,,data/handwritten_external/W006/line_metadata.csv,49,/Users/macbookpro/Desktop/Development/khmer-handwritten-word-recognition/data/handwritten_external/W006/lines_raw/W006_P003_L009.png,,0,True,546,40,57.1856,0.681364,review,transcription_required,W006
W006_P003_L010,lines_raw/W006_P003_L010.png,page_003.png,W006,106,486,663,530,,,0.0,0.95,True,pending,Line crop; human transcription required,,data/handwritten_external/W006/line_metadata.csv,50,/Users/macbookpro/Desktop/Development/khmer-handwritten-word-recognition/data/handwritten_external/W006/lines_raw/W006_P003_L010.png,,0,True,557,44,55.5455,0.450261,review,transcription_required,W006
W006_P003_L011,lines_raw/W006_P003_L011.png,page_003.png,W006,104,526,679,566,,,0.0,0.95,True,pending,Line crop; human transcription required,,data/handwritten_external/W006/line_metadata.csv,51,/Users/macbookpro/Desktop/Development/khmer-handwritten-word-recognition/data/handwritten_external/W006/lines_raw/W006_P003_L011.png,,0,True,575,40,56.9512,0.582043,review,transcription_required,W006
W006_P003_L012,lines_raw/W006_P003_L012.png,page_003.png,W006,105,562,678,603,,,0.0,0.95,True,pending,Line crop; human transcription required,,data/handwritten_external/W006/line_metadata.csv,52,/Users/macbookpro/Desktop/Development/khmer-handwritten-word-recognition/data/handwritten_external/W006/lines_raw/W006_P003_L012.png,,0,True,573,41,55.3237,0.758949,review,transcription_required,W006
W006_P003_L013,lines_raw/W006_P003_L013.png,page_003.png,W006,104,599,674,640,,,0.0,0.95,True,pending,Line crop; human transcription required,,data/handwritten_external/W006/line_metadata.csv,53,/Users/macbookpro/Desktop/Development/khmer-handwritten-word-recognition/data/handwritten_external/W006/lines_raw/W006_P003_L013.png,,0,True,570,41,57.7949,0.865212,review,transcription_required,W006
W006_P003_L014,lines_raw/W006_P003_L014.png,page_003.png,W006,103,636,640,678,,,0.0,0.95,True,pending,Line crop; human transcription required,,data/handwritten_external/W006/line_metadata.csv,54,/Users/macbookpro/Desktop/Development/khmer-handwritten-word-recognition/data/handwritten_external/W006/lines_raw/W006_P003_L014.png,,0,True,537,42,56.5386,0.83156,review,transcription_required,W006
W006_P003_L015,lines_raw/W006_P003_L015.png,page_003.png,W006,103,674,678,711,,,0.0,0.95,True,pending,Line crop; human transcription required,,data/handwritten_external/W006/line_metadata.csv,55,/Users/macbookpro/Desktop/Development/khmer-handwritten-word-recognition/data/handwritten_external/W006/lines_raw/W006_P003_L015.png,,0,True,575,37,58.6459,0.810858,review,transcription_required,W006
W006_P003_L016,lines_raw/W006_P003_L016.png,page_003.png,W006,102,707,674,748,,,0.0,0.95,True,pending,Line crop; human transcription required,,data/handwritten_external/W006/line_metadata.csv,56,/Users/macbookpro/Desktop/Development/khmer-handwritten-word-recognition/data/handwritten_external/W006/lines_raw/W006_P003_L016.png,,0,True,572,41,55.6938,0.833362,review,transcription_required,W006
W006_P003_L017,lines_raw/W006_P003_L017.png,page_003.png,W006,103,744,686,786,,,0.0,0.95,True,pending,Line crop; human transcription required,,data/handwritten_external/W006/line_metadata.csv,57,/Users/macbookpro/Desktop/Development/khmer-handwritten-word-recognition/data/handwritten_external/W006/lines_raw/W006_P003_L017.png,,0,True,583,42,57.3834,0.861513,review,transcription_required,W006
W006_P003_L018,lines_raw/W006_P003_L018.png,page_003.png,W006,103,782,657,823,,,0.0,0.95,True,pending,Line crop; human transcription required,,data/handwritten_external/W006/line_metadata.csv,58,/Users/macbookpro/Desktop/Development/khmer-handwritten-word-recognition/data/handwritten_external/W006/lines_raw/W006_P003_L018.png,,0,True,554,41,57.2121,0.865237,review,transcription_required,W006
W006_P003_L019,lines_raw/W006_P003_L019.png,page_003.png,W006,102,819,666,865,,,0.0,0.95,True,pending,Line crop; human transcription required,,data/handwritten_external/W006/line_metadata.csv,59,/Users/macbookpro/Desktop/Development/khmer-handwritten-word-recognition/data/handwritten_external/W006/lines_raw/W006_P003_L019.png,,0,True,564,46,56.6679,0.871685,review,transcription_required,W006
W006_P003_L020,lines_raw/W006_P003_L020.png,page_003.png,W006,100,861,696,901,,,0.0,0.95,True,pending,Line crop; human transcription required,,data/handwritten_external/W006/line_metadata.csv,60,/Users/macbookpro/Desktop/Development/khmer-handwritten-word-recognition/data/handwritten_external/W006/lines_raw/W006_P003_L020.png,,0,True,596,40,56.7465,0.921602,review,transcription_required,W006
W006_P003_L021,lines_raw/W006_P003_L021.png,page_003.png,W006,101,897,694,943,,,0.0,0.95,True,pending,Line crop; human transcription required,,data/handwritten_external/W006/line_metadata.csv,61,/Users/macbookpro/Desktop/Development/khmer-handwritten-word-recognition/data/handwritten_external/W006/lines_raw/W006_P003_L021.png,,0,True,593,46,54.4373,0.951829,review,transcription_required,W006
W006_P004_L001,lines_raw/W006_P004_L001.png,page_004.png,W006,85,98,706,151,,,0.0,0.95,True,pending,Line crop; human transcription required,,data/handwritten_external/W006/line_metadata.csv,62,/Users/macbookpro/Desktop/Development/khmer-handwritten-word-recognition/data/handwritten_external/W006/lines_raw/W006_P004_L001.png,,0,True,621,53,57.0325,0.366421,review,transcription_required,W006
W006_P004_L002,lines_raw/W006_P004_L002.png,page_004.png,W006,85,147,705,191,,,0.0,0.95,True,pending,Line crop; human transcription required,,data/handwritten_external/W006/line_metadata.csv,63,/Users/macbookpro/Desktop/Development/khmer-handwritten-word-recognition/data/handwritten_external/W006/lines_raw/W006_P004_L002.png,,0,True,620,44,60.4377,0.460484,review,transcription_required,W006
W006_P004_L003,lines_raw/W006_P004_L003.png,page_004.png,W006,85,187,700,226,,,0.0,0.95,True,pending,Line crop; human transcription required,,data/handwritten_external/W006/line_metadata.csv,64,/Users/macbookpro/Desktop/Development/khmer-handwritten-word-recognition/data/handwritten_external/W006/lines_raw/W006_P004_L003.png,,0,True,615,39,60.6633,0.412883,review,transcription_required,W006
W006_P004_L004,lines_raw/W006_P004_L004.png,page_004.png,W006,84,222,698,264,,,0.0,0.95,True,pending,Line crop; human transcription required,,data/handwritten_external/W006/line_metadata.csv,65,/Users/macbookpro/Desktop/Development/khmer-handwritten-word-recognition/data/handwritten_external/W006/lines_raw/W006_P004_L004.png,,0,True,614,42,58.7986,0.423065,review,transcription_required,W006
W006_P004_L005,lines_raw/W006_P004_L005.png,page_004.png,W006,83,260,688,307,,,0.0,0.95,True,pending,Line crop; human transcription required,,data/handwritten_external/W006/line_metadata.csv,66,/Users/macbookpro/Desktop/Development/khmer-handwritten-word-recognition/data/handwritten_external/W006/lines_raw/W006_P004_L005.png,,0,True,605,47,57.7797,0.458133,review,transcription_required,W006
W006_P004_L006,lines_raw/W006_P004_L006.png,page_004.png,W006,82,303,703,342,,,0.0,0.95,True,pending,Line crop; human transcription required,,data/handwritten_external/W006/line_metadata.csv,67,/Users/macbookpro/Desktop/Development/khmer-handwritten-word-recognition/data/handwritten_external/W006/lines_raw/W006_P004_L006.png,,0,True,621,39,60.8357,0.527355,review,transcription_required,W006
W006_P004_L007,lines_raw/W006_P004_L007.png,page_004.png,W006,84,338,681,377,,,0.0,0.95,True,pending,Line crop; human transcription required,,data/handwritten_external/W006/line_metadata.csv,68,/Users/macbookpro/Desktop/Development/khmer-handwritten-word-recognition/data/handwritten_external/W006/lines_raw/W006_P004_L007.png,,0,True,597,39,59.9567,0.529098,review,transcription_required,W006
W006_P004_L008,lines_raw/W006_P004_L008.png,page_004.png,W006,83,373,703,417,,,0.0,0.95,True,pending,Line crop; human transcription required,,data/handwritten_external/W006/line_metadata.csv,69,/Users/macbookpro/Desktop/Development/khmer-handwritten-word-recognition/data/handwritten_external/W006/lines_raw/W006_P004_L008.png,,0,True,620,44,58.4646,0.539406,review,transcription_required,W006
W006_P004_L009,lines_raw/W006_P004_L009.png,page_004.png,W006,76,413,686,460,,,0.0,0.95,True,pending,Line crop; human transcription required,,data/handwritten_external/W006/line_metadata.csv,70,/Users/macbookpro/Desktop/Development/khmer-handwritten-word-recognition/data/handwritten_external/W006/lines_raw/W006_P004_L009.png,,0,True,610,47,58.8068,0.575131,review,transcription_required,W006
W006_P004_L010,lines_raw/W006_P004_L010.png,page_004.png,W006,83,456,691,499,,,0.0,0.95,True,pending,Line crop; human transcription required,,data/handwritten_external/W006/line_metadata.csv,71,/Users/macbookpro/Desktop/Development/khmer-handwritten-word-recognition/data/handwritten_external/W006/lines_raw/W006_P004_L010.png,,0,True,608,43,59.7339,0.7111,review,transcription_required,W006
W006_P004_L011,lines_raw/W006_P004_L011.png,page_004.png,W006,82,495,670,526,,,0.0,0.95,True,pending,Line crop; human transcription required,,data/handwritten_external/W006/line_metadata.csv,72,/Users/macbookpro/Desktop/Development/khmer-handwritten-word-recognition/data/handwritten_external/W006/lines_raw/W006_P004_L011.png,,0,True,588,31,62.8215,0.770957,review,transcription_required,W006
W006_P004_L012,lines_raw/W006_P004_L012.png,page_004.png,W006,187,522,679,550,,,0.0,0.95,True,pending,Line crop; human transcription required,,data/handwritten_external/W006/line_metadata.csv,73,/Users/macbookpro/Desktop/Development/khmer-handwritten-word-recognition/data/handwritten_external/W006/lines_raw/W006_P004_L012.png,,0,True,492,28,55.303,0.945775,review,transcription_required,W006
W006_P004_L013,lines_raw/W006_P004_L013.png,page_004.png,W006,84,546,705,576,,,0.0,0.95,True,pending,Line crop; human transcription required,,data/handwritten_external/W006/line_metadata.csv,74,/Users/macbookpro/Desktop/Development/khmer-handwritten-word-recognition/data/handwritten_external/W006/lines_raw/W006_P004_L013.png,,0,True,621,30,63.1216,0.838057,review,transcription_required,W006
W006_P004_L014,lines_raw/W006_P004_L014.png,page_004.png,W006,85,572,706,610,,,0.0,0.95,True,pending,Line crop; human transcription required,,data/handwritten_external/W006/line_metadata.csv,75,/Users/macbookpro/Desktop/Development/khmer-handwritten-word-recognition/data/handwritten_external/W006/lines_raw/W006_P004_L014.png,,0,True,621,38,59.9947,0.796508,review,transcription_required,W006
W006_P004_L015,lines_raw/W006_P004_L015.png,page_004.png,W006,82,606,696,649,,,0.0,0.95,True,pending,Line crop; human transcription required,,data/handwritten_external/W006/line_metadata.csv,76,/Users/macbookpro/Desktop/Development/khmer-handwritten-word-recognition/data/handwritten_external/W006/lines_raw/W006_P004_L015.png,,0,True,614,43,56.6166,0.794523,review,transcription_required,W006
W006_P004_L016,lines_raw/W006_P004_L016.png,page_004.png,W006,84,645,690,686,,,0.0,0.95,True,pending,Line crop; human transcription required,,data/handwritten_external/W006/line_metadata.csv,77,/Users/macbookpro/Desktop/Development/khmer-handwritten-word-recognition/data/handwritten_external/W006/lines_raw/W006_P004_L016.png,,0,True,606,41,57.9498,0.850076,review,transcription_required,W006
W006_P004_L017,lines_raw/W006_P004_L017.png,page_004.png,W006,78,682,690,725,,,0.0,0.95,True,pending,Line crop; human transcription required,,data/handwritten_external/W006/line_metadata.csv,78,/Users/macbookpro/Desktop/Development/khmer-handwritten-word-recognition/data/handwritten_external/W006/lines_raw/W006_P004_L017.png,,0,True,612,43,56.2164,0.888015,review,transcription_required,W006
W006_P004_L018,lines_raw/W006_P004_L018.png,page_004.png,W006,86,721,674,767,,,0.0,0.95,True,pending,Line crop; human transcription required,,data/handwritten_external/W006/line_metadata.csv,79,/Users/macbookpro/Desktop/Development/khmer-handwritten-word-recognition/data/handwritten_external/W006/lines_raw/W006_P004_L018.png,,0,True,588,46,54.7223,0.900917,review,transcription_required,W006
W006_P004_L019,lines_raw/W006_P004_L019.png,page_004.png,W006,163,763,683,805,,,0.0,0.95,True,pending,Line crop; human transcription required,,data/handwritten_external/W006/line_metadata.csv,80,/Users/macbookpro/Desktop/Development/khmer-handwritten-word-recognition/data/handwritten_external/W006/lines_raw/W006_P004_L019.png,,0,True,520,42,55.9695,0.933059,review,transcription_required,W006
W006_P004_L020,lines_raw/W006_P004_L020.png,page_004.png,W006,87,801,703,838,,,0.0,0.95,True,pending,Line crop; human transcription required,,data/handwritten_external/W006/line_metadata.csv,81,/Users/macbookpro/Desktop/Development/khmer-handwritten-word-recognition/data/handwritten_external/W006/lines_raw/W006_P004_L020.png,,0,True,616,37,55.0509,0.934977,review,transcription_required,W006
W006_P004_L021,lines_raw/W006_P004_L021.png,page_004.png,W006,89,834,677,880,,,0.0,0.95,True,pending,Line crop; human transcription required,,data/handwritten_external/W006/line_metadata.csv,82,/Users/macbookpro/Desktop/Development/khmer-handwritten-word-recognition/data/handwritten_external/W006/lines_raw/W006_P004_L021.png,,0,True,588,46,53.3949,0.937814,review,transcription_required,W006
W006_P004_L022,lines_raw/W006_P004_L022.png,page_004.png,W006,85,876,704,924,,,0.0,0.95,True,pending,Line crop; human transcription required,,data/handwritten_external/W006/line_metadata.csv,83,/Users/macbookpro/Desktop/Development/khmer-handwritten-word-recognition/data/handwritten_external/W006/lines_raw/W006_P004_L022.png,,0,True,619,48,54.7037,0.931341,review,transcription_required,W006
W007_P002_L007,lines_raw/W007_P002_L007.png,page_002.png,W007,15,564,1147,652,,,0.0,0.95,True,pending,Line crop; human transcription required,,data/handwritten_external/W007/line_metadata.csv,29,/Users/macbookpro/Desktop/Development/khmer-handwritten-word-recognition/data/handwritten_external/W007/lines_raw/W007_P002_L007.png,,0,True,1132,88,41.7811,0.951102,review,transcription_required,W007
W007_P002_L008,lines_raw/W007_P002_L008.png,page_002.png,W007,15,648,1147,735,,,0.0,0.95,True,pending,Line crop; human transcription required,,data/handwritten_external/W007/line_metadata.csv,30,/Users/macbookpro/Desktop/Development/khmer-handwritten-word-recognition/data/handwritten_external/W007/lines_raw/W007_P002_L008.png,,0,True,1132,87,43.6661,0.946367,review,transcription_required,W007
W007_P002_L009,lines_raw/W007_P002_L009.png,page_002.png,W007,15,731,1147,817,,,0.0,0.95,True,pending,Line crop; human transcription required,,data/handwritten_external/W007/line_metadata.csv,31,/Users/macbookpro/Desktop/Development/khmer-handwritten-word-recognition/data/handwritten_external/W007/lines_raw/W007_P002_L009.png,,0,True,1132,86,42.4144,0.962702,review,transcription_required,W007
W007_P002_L010,lines_raw/W007_P002_L010.png,page_002.png,W007,15,813,1147,901,,,0.0,0.95,True,pending,Line crop; human transcription required,,data/handwritten_external/W007/line_metadata.csv,32,/Users/macbookpro/Desktop/Development/khmer-handwritten-word-recognition/data/handwritten_external/W007/lines_raw/W007_P002_L010.png,,0,True,1132,88,43.6937,0.96607,review,transcription_required,W007
W007_P002_L011,lines_raw/W007_P002_L011.png,page_002.png,W007,15,897,1147,985,,,0.0,0.95,True,pending,Line crop; human transcription required,,data/handwritten_external/W007/line_metadata.csv,33,/Users/macbookpro/Desktop/Development/khmer-handwritten-word-recognition/data/handwritten_external/W007/lines_raw/W007_P002_L011.png,,0,True,1132,88,42.6735,0.984812,review,transcription_required,W007
W007_P002_L012,lines_raw/W007_P002_L012.png,page_002.png,W007,35,981,1147,1078,,,0.0,0.95,True,pending,Line crop; human transcription required,,data/handwritten_external/W007/line_metadata.csv,34,/Users/macbookpro/Desktop/Development/khmer-handwritten-word-recognition/data/handwritten_external/W007/lines_raw/W007_P002_L012.png,,0,True,1112,97,42.9645,0.991165,review,transcription_required,W007
W007_P002_L013,lines_raw/W007_P002_L013.png,page_002.png,W007,15,1074,1147,1170,,,0.0,0.95,True,pending,Line crop; human transcription required,,data/handwritten_external/W007/line_metadata.csv,35,/Users/macbookpro/Desktop/Development/khmer-handwritten-word-recognition/data/handwritten_external/W007/lines_raw/W007_P002_L013.png,,0,True,1132,96,41.6401,0.993375,review,transcription_required,W007
W007_P002_L014,lines_raw/W007_P002_L014.png,page_002.png,W007,15,1166,1147,1233,,,0.0,0.95,True,pending,Line crop; human transcription required,,data/handwritten_external/W007/line_metadata.csv,36,/Users/macbookpro/Desktop/Development/khmer-handwritten-word-recognition/data/handwritten_external/W007/lines_raw/W007_P002_L014.png,,0,True,1132,67,45.2945,0.994686,review,transcription_required,W007
W007_P002_L015,lines_raw/W007_P002_L015.png,page_002.png,W007,30,1229,1147,1277,,,0.0,0.95,True,pending,Line crop; human transcription required,,data/handwritten_external/W007/line_metadata.csv,37,/Users/macbookpro/Desktop/Development/khmer-handwritten-word-recognition/data/handwritten_external/W007/lines_raw/W007_P002_L015.png,,0,True,1117,48,31.2277,0.997501,review,transcription_required,W007
W007_P002_L016,lines_raw/W007_P002_L016.png,page_002.png,W007,15,1273,1147,1337,,,0.0,0.95,True,pending,Line crop; human transcription required,,data/handwritten_external/W007/line_metadata.csv,38,/Users/macbookpro/Desktop/Development/khmer-handwritten-word-recognition/data/handwritten_external/W007/lines_raw/W007_P002_L016.png,,0,True,1132,64,42.5673,0.997281,review,transcription_required,W007
W007_P002_L017,lines_raw/W007_P002_L017.png,page_002.png,W007,15,1333,1147,1420,,,0.0,0.95,True,pending,Line crop; human transcription required,,data/handwritten_external/W007/line_metadata.csv,39,/Users/macbookpro/Desktop/Development/khmer-handwritten-word-recognition/data/handwritten_external/W007/lines_raw/W007_P002_L017.png,,0,True,1132,87,41.4716,0.998964,review,transcription_required,W007
W007_P002_L018,lines_raw/W007_P002_L018.png,page_002.png,W007,53,1416,1147,1505,,,0.0,0.95,True,pending,Line crop; human transcription required,,data/handwritten_external/W007/line_metadata.csv,40,/Users/macbookpro/Desktop/Development/khmer-handwritten-word-recognition/data/handwritten_external/W007/lines_raw/W007_P002_L018.png,,0,True,1094,89,39.2572,0.999127,review,transcription_required,W007
W007_P002_L019,lines_raw/W007_P002_L019.png,page_002.png,W007,16,1501,1147,1589,,,0.0,0.95,True,pending,Line crop; human transcription required,,data/handwritten_external/W007/line_metadata.csv,41,/Users/macbookpro/Desktop/Development/khmer-handwritten-word-recognition/data/handwritten_external/W007/lines_raw/W007_P002_L019.png,,0,True,1131,88,40.3232,0.999297,review,transcription_required,W007
W007_P002_L020,lines_raw/W007_P002_L020.png,page_002.png,W007,15,1585,1147,1694,,,0.0,0.95,True,pending,Line crop; human transcription required,,data/handwritten_external/W007/line_metadata.csv,42,/Users/macbookpro/Desktop/Development/khmer-handwritten-word-recognition/data/handwritten_external/W007/lines_raw/W007_P002_L020.png,,0,True,1132,109,39.118,0.99923,review,transcription_required,W007
W007_P003_L001,lines_raw/W007_P003_L001.png,page_003.png,W007,46,62,1147,150,,,0.0,0.95,True,pending,Line crop; human transcription required,,data/handwritten_external/W007/line_metadata.csv,43,/Users/macbookpro/Desktop/Development/khmer-handwritten-word-recognition/data/handwritten_external/W007/lines_raw/W007_P003_L001.png,,0,True,1101,88,41.3826,0.900339,review,transcription_required,W007
W007_P003_L002,lines_raw/W007_P003_L002.png,page_003.png,W007,43,146,1147,232,,,0.0,0.95,True,pending,Line crop; human transcription required,,data/handwritten_external/W007/line_metadata.csv,44,/Users/macbookpro/Desktop/Development/khmer-handwritten-word-recognition/data/handwritten_external/W007/lines_raw/W007_P003_L002.png,,0,True,1104,86,44.5854,0.840696,review,transcription_required,W007
W007_P003_L003,lines_raw/W007_P003_L003.png,page_003.png,W007,37,228,1147,315,,,0.0,0.95,True,pending,Line crop; human transcription required,,data/handwritten_external/W007/line_metadata.csv,45,/Users/macbookpro/Desktop/Development/khmer-handwritten-word-recognition/data/handwritten_external/W007/lines_raw/W007_P003_L003.png,,0,True,1110,87,44.1264,0.914228,review,transcription_required,W007
W007_P003_L004,lines_raw/W007_P003_L004.png,page_003.png,W007,40,311,1147,397,,,0.0,0.95,True,pending,Line crop; human transcription required,,data/handwritten_external/W007/line_metadata.csv,46,/Users/macbookpro/Desktop/Development/khmer-handwritten-word-recognition/data/handwritten_external/W007/lines_raw/W007_P003_L004.png,,0,True,1107,86,45.508,0.947386,review,transcription_required,W007
W007_P003_L005,lines_raw/W007_P003_L005.png,page_003.png,W007,45,393,1147,479,,,0.0,0.95,True,pending,Line crop; human transcription required,,data/handwritten_external/W007/line_metadata.csv,47,/Users/macbookpro/Desktop/Development/khmer-handwritten-word-recognition/data/handwritten_external/W007/lines_raw/W007_P003_L005.png,,0,True,1102,86,45.0545,0.976069,review,transcription_required,W007
W007_P003_L006,lines_raw/W007_P003_L006.png,page_003.png,W007,46,475,1147,561,,,0.0,0.95,True,pending,Line crop; human transcription required,,data/handwritten_external/W007/line_metadata.csv,48,/Users/macbookpro/Desktop/Development/khmer-handwritten-word-recognition/data/handwritten_external/W007/lines_raw/W007_P003_L006.png,,0,True,1101,86,45.7674,0.984158,review,transcription_required,W007
W007_P003_L007,lines_raw/W007_P003_L007.png,page_003.png,W007,45,557,1147,642,,,0.0,0.95,True,pending,Line crop; human transcription required,,data/handwritten_external/W007/line_metadata.csv,49,/Users/macbookpro/Desktop/Development/khmer-handwritten-word-recognition/data/handwritten_external/W007/lines_raw/W007_P003_L007.png,,0,True,1102,85,43.4905,0.993317,review,transcription_required,W007
W007_P003_L008,lines_raw/W007_P003_L008.png,page_003.png,W007,49,638,1147,702,,,0.0,0.95,True,pending,Line crop; human transcription required,,data/handwritten_external/W007/line_metadata.csv,50,/Users/macbookpro/Desktop/Development/khmer-handwritten-word-recognition/data/handwritten_external/W007/lines_raw/W007_P003_L008.png,,0,True,1098,64,47.1961,0.994692,review,transcription_required,W007
W007_P003_L009,lines_raw/W007_P003_L009.png,page_003.png,W007,239,698,1147,744,,,0.0,0.95,True,pending,Line crop; human transcription required,,data/handwritten_external/W007/line_metadata.csv,51,/Users/macbookpro/Desktop/Development/khmer-handwritten-word-recognition/data/handwritten_external/W007/lines_raw/W007_P003_L009.png,,0,True,908,46,34.5911,0.998085,review,transcription_required,W007
W007_P003_L010,lines_raw/W007_P003_L010.png,page_003.png,W007,50,740,1147,804,,,0.0,0.95,True,pending,Line crop; human transcription required,,data/handwritten_external/W007/line_metadata.csv,52,/Users/macbookpro/Desktop/Development/khmer-handwritten-word-recognition/data/handwritten_external/W007/lines_raw/W007_P003_L010.png,,0,True,1097,64,46.7604,0.998277,review,transcription_required,W007
W007_P003_L011,lines_raw/W007_P003_L011.png,page_003.png,W007,51,800,1147,885,,,0.0,0.95,True,pending,Line crop; human transcription required,,data/handwritten_external/W007/line_metadata.csv,53,/Users/macbookpro/Desktop/Development/khmer-handwritten-word-recognition/data/handwritten_external/W007/lines_raw/W007_P003_L011.png,,0,True,1096,85,41.6882,0.998798,review,transcription_required,W007
W007_P003_L012,lines_raw/W007_P003_L012.png,page_003.png,W007,50,881,1147,965,,,0.0,0.95,True,pending,Line crop; human transcription required,,data/handwritten_external/W007/line_metadata.csv,54,/Users/macbookpro/Desktop/Development/khmer-handwritten-word-recognition/data/handwritten_external/W007/lines_raw/W007_P003_L012.png,,0,True,1097,84,41.3452,0.99949,review,transcription_required,W007
W007_P003_L013,lines_raw/W007_P003_L013.png,page_003.png,W007,52,961,1147,1055,,,0.0,0.95,True,pending,Line crop; human transcription required,,data/handwritten_external/W007/line_metadata.csv,55,/Users/macbookpro/Desktop/Development/khmer-handwritten-word-recognition/data/handwritten_external/W007/lines_raw/W007_P003_L013.png,,0,True,1095,94,40.3477,0.999699,review,transcription_required,W007
W007_P003_L014,lines_raw/W007_P003_L014.png,page_003.png,W007,52,1051,1147,1143,,,0.0,0.95,True,pending,Line crop; human transcription required,,data/handwritten_external/W007/line_metadata.csv,56,/Users/macbookpro/Desktop/Development/khmer-handwritten-word-recognition/data/handwritten_external/W007/lines_raw/W007_P003_L014.png,,0,True,1095,92,38.2228,0.999921,review,transcription_required,W007
W007_P003_L015,lines_raw/W007_P003_L015.png,page_003.png,W007,56,1139,1147,1221,,,0.0,0.95,True,pending,Line crop; human transcription required,,data/handwritten_external/W007/line_metadata.csv,57,/Users/macbookpro/Desktop/Development/khmer-handwritten-word-recognition/data/handwritten_external/W007/lines_raw/W007_P003_L015.png,,0,True,1091,82,37.2536,1.0,review,transcription_required,W007
W007_P003_L016,lines_raw/W007_P003_L016.png,page_003.png,W007,51,1217,1147,1301,,,0.0,0.95,True,pending,Line crop; human transcription required,,data/handwritten_external/W007/line_metadata.csv,58,/Users/macbookpro/Desktop/Development/khmer-handwritten-word-recognition/data/handwritten_external/W007/lines_raw/W007_P003_L016.png,,0,True,1096,84,38.4831,1.0,review,transcription_required,W007
W007_P003_L017,lines_raw/W007_P003_L017.png,page_003.png,W007,54,1297,1147,1381,,,0.0,0.95,True,pending,Line crop; human transcription required,,data/handwritten_external/W007/line_metadata.csv,59,/Users/macbookpro/Desktop/Development/khmer-handwritten-word-recognition/data/handwritten_external/W007/lines_raw/W007_P003_L017.png,,0,True,1093,84,38.8177,1.0,review,transcription_required,W007
W007_P003_L018,lines_raw/W007_P003_L018.png,page_003.png,W007,53,1377,1147,1460,,,0.0,0.95,True,pending,Line crop; human transcription required,,data/handwritten_external/W007/line_metadata.csv,60,/Users/macbookpro/Desktop/Development/khmer-handwritten-word-recognition/data/handwritten_external/W007/lines_raw/W007_P003_L018.png,,0,True,1094,83,37.2759,1.0,review,transcription_required,W007
W007_P003_L019,lines_raw/W007_P003_L019.png,page_003.png,W007,58,1456,1147,1537,,,0.0,0.95,True,pending,Line crop; human transcription required,,data/handwritten_external/W007/line_metadata.csv,61,/Users/macbookpro/Desktop/Development/khmer-handwritten-word-recognition/data/handwritten_external/W007/lines_raw/W007_P003_L019.png,,0,True,1089,81,36.2412,1.0,review,transcription_required,W007
W007_P003_L020,lines_raw/W007_P003_L020.png,page_003.png,W007,89,1533,1147,1615,,,0.0,0.95,True,pending,Line crop; human transcription required,,data/handwritten_external/W007/line_metadata.csv,62,/Users/macbookpro/Desktop/Development/khmer-handwritten-word-recognition/data/handwritten_external/W007/lines_raw/W007_P003_L020.png,,0,True,1058,82,38.1403,1.0,review,transcription_required,W007
W007_P004_L001,lines_raw/W007_P004_L001.png,page_004.png,W007,40,43,1147,139,,,0.0,0.95,True,pending,Line crop; human transcription required,,data/handwritten_external/W007/line_metadata.csv,63,/Users/macbookpro/Desktop/Development/khmer-handwritten-word-recognition/data/handwritten_external/W007/lines_raw/W007_P004_L001.png,,0,True,1107,96,44.8498,0.876336,review,transcription_required,W007
W007_P004_L002,lines_raw/W007_P004_L002.png,page_004.png,W007,27,135,1147,223,,,0.0,0.95,True,pending,Line crop; human transcription required,,data/handwritten_external/W007/line_metadata.csv,64,/Users/macbookpro/Desktop/Development/khmer-handwritten-word-recognition/data/handwritten_external/W007/lines_raw/W007_P004_L002.png,,0,True,1120,88,47.2138,0.873255,review,transcription_required,W007
W007_P004_L003,lines_raw/W007_P004_L003.png,page_004.png,W007,35,219,1147,305,,,0.0,0.95,True,pending,Line crop; human transcription required,,data/handwritten_external/W007/line_metadata.csv,65,/Users/macbookpro/Desktop/Development/khmer-handwritten-word-recognition/data/handwritten_external/W007/lines_raw/W007_P004_L003.png,,0,True,1112,86,45.5609,0.876098,review,transcription_required,W007
W007_P004_L004,lines_raw/W007_P004_L004.png,page_004.png,W007,36,301,1147,387,,,0.0,0.95,True,pending,Line crop; human transcription required,,data/handwritten_external/W007/line_metadata.csv,66,/Users/macbookpro/Desktop/Development/khmer-handwritten-word-recognition/data/handwritten_external/W007/lines_raw/W007_P004_L004.png,,0,True,1111,86,46.1007,0.923377,review,transcription_required,W007
W007_P004_L005,lines_raw/W007_P004_L005.png,page_004.png,W007,38,383,1147,469,,,0.0,0.95,True,pending,Line crop; human transcription required,,data/handwritten_external/W007/line_metadata.csv,67,/Users/macbookpro/Desktop/Development/khmer-handwritten-word-recognition/data/handwritten_external/W007/lines_raw/W007_P004_L005.png,,0,True,1109,86,45.5482,0.966322,review,transcription_required,W007
W007_P004_L006,lines_raw/W007_P004_L006.png,page_004.png,W007,39,465,1147,550,,,0.0,0.95,True,pending,Line crop; human transcription required,,data/handwritten_external/W007/line_metadata.csv,68,/Users/macbookpro/Desktop/Development/khmer-handwritten-word-recognition/data/handwritten_external/W007/lines_raw/W007_P004_L006.png,,0,True,1108,85,44.3819,0.979614,review,transcription_required,W007
W007_P004_L007,lines_raw/W007_P004_L007.png,page_004.png,W007,41,546,1147,631,,,0.0,0.95,True,pending,Line crop; human transcription required,,data/handwritten_external/W007/line_metadata.csv,69,/Users/macbookpro/Desktop/Development/khmer-handwritten-word-recognition/data/handwritten_external/W007/lines_raw/W007_P004_L007.png,,0,True,1106,85,45.3405,0.990682,review,transcription_required,W007
W007_P004_L008,lines_raw/W007_P004_L008.png,page_004.png,W007,37,627,1147,713,,,0.0,0.95,True,pending,Line crop; human transcription required,,data/handwritten_external/W007/line_metadata.csv,70,/Users/macbookpro/Desktop/Development/khmer-handwritten-word-recognition/data/handwritten_external/W007/lines_raw/W007_P004_L008.png,,0,True,1110,86,44.2241,0.994479,review,transcription_required,W007
W007_P004_L009,lines_raw/W007_P004_L009.png,page_004.png,W007,38,709,1147,795,,,0.0,0.95,True,pending,Line crop; human transcription required,,data/handwritten_external/W007/line_metadata.csv,71,/Users/macbookpro/Desktop/Development/khmer-handwritten-word-recognition/data/handwritten_external/W007/lines_raw/W007_P004_L009.png,,0,True,1109,86,43.0646,0.997651,review,transcription_required,W007
W007_P004_L010,lines_raw/W007_P004_L010.png,page_004.png,W007,41,791,1147,854,,,0.0,0.95,True,pending,Line crop; human transcription required,,data/handwritten_external/W007/line_metadata.csv,72,/Users/macbookpro/Desktop/Development/khmer-handwritten-word-recognition/data/handwritten_external/W007/lines_raw/W007_P004_L010.png,,0,True,1106,63,46.7073,0.998938,review,transcription_required,W007
W007_P004_L012,lines_raw/W007_P004_L012.png,page_004.png,W007,36,892,1147,957,,,0.0,0.95,True,pending,Line crop; human transcription required,,data/handwritten_external/W007/line_metadata.csv,74,/Users/macbookpro/Desktop/Development/khmer-handwritten-word-recognition/data/handwritten_external/W007/lines_raw/W007_P004_L012.png,,0,True,1111,65,45.3679,0.999294,review,transcription_required,W007
W007_P004_L013,lines_raw/W007_P004_L013.png,page_004.png,W007,33,953,1147,1038,,,0.0,0.95,True,pending,Line crop; human transcription required,,data/handwritten_external/W007/line_metadata.csv,75,/Users/macbookpro/Desktop/Development/khmer-handwritten-word-recognition/data/handwritten_external/W007/lines_raw/W007_P004_L013.png,,0,True,1114,85,40.5335,0.999768,review,transcription_required,W007
W007_P004_L014,lines_raw/W007_P004_L014.png,page_004.png,W007,36,1034,1147,1118,,,0.0,0.95,True,pending,Line crop; human transcription required,,data/handwritten_external/W007/line_metadata.csv,76,/Users/macbookpro/Desktop/Development/khmer-handwritten-word-recognition/data/handwritten_external/W007/lines_raw/W007_P004_L014.png,,0,True,1111,84,40.6017,0.999946,review,transcription_required,W007
W007_P004_L015,lines_raw/W007_P004_L015.png,page_004.png,W007,36,1114,1147,1208,,,0.0,0.95,True,pending,Line crop; human transcription required,,data/handwritten_external/W007/line_metadata.csv,77,/Users/macbookpro/Desktop/Development/khmer-handwritten-word-recognition/data/handwritten_external/W007/lines_raw/W007_P004_L015.png,,0,True,1111,94,39.9398,0.999981,review,transcription_required,W007
W007_P004_L016,lines_raw/W007_P004_L016.png,page_004.png,W007,34,1204,1147,1289,,,0.0,0.95,True,pending,Line crop; human transcription required,,data/handwritten_external/W007/line_metadata.csv,78,/Users/macbookpro/Desktop/Development/khmer-handwritten-word-recognition/data/handwritten_external/W007/lines_raw/W007_P004_L016.png,,0,True,1113,85,40.5807,1.0,review,transcription_required,W007
W007_P004_L017,lines_raw/W007_P004_L017.png,page_004.png,W007,34,1285,1147,1361,,,0.0,0.95,True,pending,Line crop; human transcription required,,data/handwritten_external/W007/line_metadata.csv,79,/Users/macbookpro/Desktop/Development/khmer-handwritten-word-recognition/data/handwritten_external/W007/lines_raw/W007_P004_L017.png,,0,True,1113,76,38.5516,1.0,review,transcription_required,W007
W007_P004_L018,lines_raw/W007_P004_L018.png,page_004.png,W007,35,1357,1147,1447,,,0.0,0.95,True,pending,Line crop; human transcription required,,data/handwritten_external/W007/line_metadata.csv,80,/Users/macbookpro/Desktop/Development/khmer-handwritten-word-recognition/data/handwritten_external/W007/lines_raw/W007_P004_L018.png,,0,True,1112,90,36.9604,1.0,review,transcription_required,W007
W007_P004_L019,lines_raw/W007_P004_L019.png,page_004.png,W007,46,1443,1147,1516,,,0.0,0.95,True,pending,Line crop; human transcription required,,data/handwritten_external/W007/line_metadata.csv,81,/Users/macbookpro/Desktop/Development/khmer-handwritten-word-recognition/data/handwritten_external/W007/lines_raw/W007_P004_L019.png,,0,True,1101,73,36.3416,1.0,review,transcription_required,W007
W007_P004_L021,lines_raw/W007_P004_L021.png,page_004.png,W007,34,1560,1147,1644,,,0.0,0.95,True,pending,Line crop; human transcription required,,data/handwritten_external/W007/line_metadata.csv,83,/Users/macbookpro/Desktop/Development/khmer-handwritten-word-recognition/data/handwritten_external/W007/lines_raw/W007_P004_L021.png,,0,True,1113,84,35.7532,0.999968,review,transcription_required,W007
W007_P005_L001,lines_raw/W007_P005_L001.png,page_005.png,W007,37,24,1147,125,,,0.0,0.95,True,pending,Line crop; human transcription required,,data/handwritten_external/W007/line_metadata.csv,84,/Users/macbookpro/Desktop/Development/khmer-handwritten-word-recognition/data/handwritten_external/W007/lines_raw/W007_P005_L001.png,,0,True,1110,101,43.5685,0.915155,review,transcription_required,W007
W007_P005_L002,lines_raw/W007_P005_L002.png,page_005.png,W007,27,121,1147,209,,,0.0,0.95,True,pending,Line crop; human transcription required,,data/handwritten_external/W007/line_metadata.csv,85,/Users/macbookpro/Desktop/Development/khmer-handwritten-word-recognition/data/handwritten_external/W007/lines_raw/W007_P005_L002.png,,0,True,1120,88,45.9909,0.861303,review,transcription_required,W007
W007_P005_L003,lines_raw/W007_P005_L003.png,page_005.png,W007,34,205,1147,296,,,0.0,0.95,True,pending,Line crop; human transcription required,,data/handwritten_external/W007/line_metadata.csv,86,/Users/macbookpro/Desktop/Development/khmer-handwritten-word-recognition/data/handwritten_external/W007/lines_raw/W007_P005_L003.png,,0,True,1113,91,47.5882,0.896686,review,transcription_required,W007
W007_P005_L004,lines_raw/W007_P005_L004.png,page_005.png,W007,36,292,1147,380,,,0.0,0.95,True,pending,Line crop; human transcription required,,data/handwritten_external/W007/line_metadata.csv,87,/Users/macbookpro/Desktop/Development/khmer-handwritten-word-recognition/data/handwritten_external/W007/lines_raw/W007_P005_L004.png,,0,True,1111,88,48.7552,0.923288,review,transcription_required,W007
W007_P005_L005,lines_raw/W007_P005_L005.png,page_005.png,W007,31,376,1147,464,,,0.0,0.95,True,pending,Line crop; human transcription required,,data/handwritten_external/W007/line_metadata.csv,88,/Users/macbookpro/Desktop/Development/khmer-handwritten-word-recognition/data/handwritten_external/W007/lines_raw/W007_P005_L005.png,,0,True,1116,88,47.051,0.971927,review,transcription_required,W007
W007_P005_L006,lines_raw/W007_P005_L006.png,page_005.png,W007,29,460,1147,548,,,0.0,0.95,True,pending,Line crop; human transcription required,,data/handwritten_external/W007/line_metadata.csv,89,/Users/macbookpro/Desktop/Development/khmer-handwritten-word-recognition/data/handwritten_external/W007/lines_raw/W007_P005_L006.png,,0,True,1118,88,46.3249,0.984073,review,transcription_required,W007
W007_P005_L007,lines_raw/W007_P005_L007.png,page_005.png,W007,61,544,1147,631,,,0.0,0.95,True,pending,Line crop; human transcription required,,data/handwritten_external/W007/line_metadata.csv,90,/Users/macbookpro/Desktop/Development/khmer-handwritten-word-recognition/data/handwritten_external/W007/lines_raw/W007_P005_L007.png,,0,True,1086,87,46.4223,0.992337,review,transcription_required,W007
W007_P005_L008,lines_raw/W007_P005_L008.png,page_005.png,W007,38,627,1147,713,,,0.0,0.95,True,pending,Line crop; human transcription required,,data/handwritten_external/W007/line_metadata.csv,91,/Users/macbookpro/Desktop/Development/khmer-handwritten-word-recognition/data/handwritten_external/W007/lines_raw/W007_P005_L008.png,,0,True,1109,86,45.7934,0.995691,review,transcription_required,W007
W007_P005_L009,lines_raw/W007_P005_L009.png,page_005.png,W007,36,709,1147,795,,,0.0,0.95,True,pending,Line crop; human transcription required,,data/handwritten_external/W007/line_metadata.csv,92,/Users/macbookpro/Desktop/Development/khmer-handwritten-word-recognition/data/handwritten_external/W007/lines_raw/W007_P005_L009.png,,0,True,1111,86,43.7604,0.998409,review,transcription_required,W007
W007_P005_L010,lines_raw/W007_P005_L010.png,page_005.png,W007,36,791,1147,898,,,0.0,0.95,True,pending,Line crop; merged split projection bands; human transcription required,,data/handwritten_external/W007/line_metadata.csv,93,/Users/macbookpro/Desktop/Development/khmer-handwritten-word-recognition/data/handwritten_external/W007/lines_raw/W007_P005_L010.png,,0,True,1111,107,42.1295,0.999487,review,transcription_required,W007
W007_P005_L012,lines_raw/W007_P005_L012.png,page_005.png,W007,35,894,1147,959,,,0.0,0.95,True,pending,Line crop; human transcription required,,data/handwritten_external/W007/line_metadata.csv,95,/Users/macbookpro/Desktop/Development/khmer-handwritten-word-recognition/data/handwritten_external/W007/lines_raw/W007_P005_L012.png,,0,True,1112,65,45.4279,0.999557,review,transcription_required,W007
W007_P005_L013,lines_raw/W007_P005_L013.png,page_005.png,W007,36,955,1147,1041,,,0.0,0.95,True,pending,Line crop; human transcription required,,data/handwritten_external/W007/line_metadata.csv,96,/Users/macbookpro/Desktop/Development/khmer-handwritten-word-recognition/data/handwritten_external/W007/lines_raw/W007_P005_L013.png,,0,True,1111,86,39.6156,0.999895,review,transcription_required,W007
W007_P005_L014,lines_raw/W007_P005_L014.png,page_005.png,W007,38,1037,1147,1122,,,0.0,0.95,True,pending,Line crop; human transcription required,,data/handwritten_external/W007/line_metadata.csv,97,/Users/macbookpro/Desktop/Development/khmer-handwritten-word-recognition/data/handwritten_external/W007/lines_raw/W007_P005_L014.png,,0,True,1109,85,39.2643,0.999979,review,transcription_required,W007
W007_P005_L015,lines_raw/W007_P005_L015.png,page_005.png,W007,37,1118,1147,1211,,,0.0,0.95,True,pending,Line crop; human transcription required,,data/handwritten_external/W007/line_metadata.csv,98,/Users/macbookpro/Desktop/Development/khmer-handwritten-word-recognition/data/handwritten_external/W007/lines_raw/W007_P005_L015.png,,0,True,1110,93,37.7053,0.99999,review,transcription_required,W007
W007_P005_L016,lines_raw/W007_P005_L016.png,page_005.png,W007,38,1207,1147,1292,,,0.0,0.95,True,pending,Line crop; human transcription required,,data/handwritten_external/W007/line_metadata.csv,99,/Users/macbookpro/Desktop/Development/khmer-handwritten-word-recognition/data/handwritten_external/W007/lines_raw/W007_P005_L016.png,,0,True,1109,85,35.8222,1.0,review,transcription_required,W007
W007_P005_L017,lines_raw/W007_P005_L017.png,page_005.png,W007,41,1288,1147,1363,,,0.0,0.95,True,pending,Line crop; human transcription required,,data/handwritten_external/W007/line_metadata.csv,100,/Users/macbookpro/Desktop/Development/khmer-handwritten-word-recognition/data/handwritten_external/W007/lines_raw/W007_P005_L017.png,,0,True,1106,75,36.217,1.0,review,transcription_required,W007
W007_P005_L018,lines_raw/W007_P005_L018.png,page_005.png,W007,161,1359,1147,1452,,,0.0,0.95,True,pending,Line crop; human transcription required,,data/handwritten_external/W007/line_metadata.csv,101,/Users/macbookpro/Desktop/Development/khmer-handwritten-word-recognition/data/handwritten_external/W007/lines_raw/W007_P005_L018.png,,0,True,986,93,34.9206,1.0,review,transcription_required,W007
W007_P005_L019,lines_raw/W007_P005_L019.png,page_005.png,W007,85,1448,1147,1542,,,0.0,0.95,True,pending,Line crop; human transcription required,,data/handwritten_external/W007/line_metadata.csv,102,/Users/macbookpro/Desktop/Development/khmer-handwritten-word-recognition/data/handwritten_external/W007/lines_raw/W007_P005_L019.png,,0,True,1062,94,33.2519,1.0,review,transcription_required,W007
W007_P005_L020,lines_raw/W007_P005_L020.png,page_005.png,W007,42,1538,1147,1611,,,0.0,0.95,True,pending,Line crop; human transcription required,,data/handwritten_external/W007/line_metadata.csv,103,/Users/macbookpro/Desktop/Development/khmer-handwritten-word-recognition/data/handwritten_external/W007/lines_raw/W007_P005_L020.png,,0,True,1105,73,37.0419,1.0,review,transcription_required,W007
W008_P002_L004,lines_raw/W008_P002_L004.png,page_002.png,W008,49,172,849,220,,,0.0,0.95,True,pending,Line crop; human transcription required,,data/handwritten_external/W008/line_metadata.csv,29,/Users/macbookpro/Desktop/Development/khmer-handwritten-word-recognition/data/handwritten_external/W008/lines_raw/W008_P002_L004.png,,0,True,800,48,47.6224,0.943958,review,transcription_required,W008
W008_P002_L005,lines_raw/W008_P002_L005.png,page_002.png,W008,27,216,849,264,,,0.0,0.95,True,pending,Line crop; human transcription required,,data/handwritten_external/W008/line_metadata.csv,30,/Users/macbookpro/Desktop/Development/khmer-handwritten-word-recognition/data/handwritten_external/W008/lines_raw/W008_P002_L005.png,,0,True,822,48,46.4959,0.946751,review,transcription_required,W008
W008_P002_L006,lines_raw/W008_P002_L006.png,page_002.png,W008,27,260,849,307,,,0.0,0.95,True,pending,Line crop; human transcription required,,data/handwritten_external/W008/line_metadata.csv,31,/Users/macbookpro/Desktop/Development/khmer-handwritten-word-recognition/data/handwritten_external/W008/lines_raw/W008_P002_L006.png,,0,True,822,47,46.4417,0.948387,review,transcription_required,W008
W008_P002_L007,lines_raw/W008_P002_L007.png,page_002.png,W008,48,303,849,351,,,0.0,0.95,True,pending,Line crop; human transcription required,,data/handwritten_external/W008/line_metadata.csv,32,/Users/macbookpro/Desktop/Development/khmer-handwritten-word-recognition/data/handwritten_external/W008/lines_raw/W008_P002_L007.png,,0,True,801,48,46.0168,0.948814,review,transcription_required,W008
W008_P002_L008,lines_raw/W008_P002_L008.png,page_002.png,W008,50,347,849,395,,,0.0,0.95,True,pending,Line crop; human transcription required,,data/handwritten_external/W008/line_metadata.csv,33,/Users/macbookpro/Desktop/Development/khmer-handwritten-word-recognition/data/handwritten_external/W008/lines_raw/W008_P002_L008.png,,0,True,799,48,46.7161,0.933146,review,transcription_required,W008
W008_P002_L009,lines_raw/W008_P002_L009.png,page_002.png,W008,52,391,849,439,,,0.0,0.95,True,pending,Line crop; human transcription required,,data/handwritten_external/W008/line_metadata.csv,34,/Users/macbookpro/Desktop/Development/khmer-handwritten-word-recognition/data/handwritten_external/W008/lines_raw/W008_P002_L009.png,,0,True,797,48,48.2818,0.913634,review,transcription_required,W008
W008_P002_L010,lines_raw/W008_P002_L010.png,page_002.png,W008,37,435,849,484,,,0.0,0.95,True,pending,Line crop; human transcription required,,data/handwritten_external/W008/line_metadata.csv,35,/Users/macbookpro/Desktop/Development/khmer-handwritten-word-recognition/data/handwritten_external/W008/lines_raw/W008_P002_L010.png,,0,True,812,49,46.9235,0.898386,review,transcription_required,W008
W008_P002_L011,lines_raw/W008_P002_L011.png,page_002.png,W008,46,480,849,528,,,0.0,0.95,True,pending,Line crop; human transcription required,,data/handwritten_external/W008/line_metadata.csv,36,/Users/macbookpro/Desktop/Development/khmer-handwritten-word-recognition/data/handwritten_external/W008/lines_raw/W008_P002_L011.png,,0,True,803,48,48.1986,0.875519,review,transcription_required,W008
W008_P002_L012,lines_raw/W008_P002_L012.png,page_002.png,W008,45,524,849,571,,,0.0,0.95,True,pending,Line crop; human transcription required,,data/handwritten_external/W008/line_metadata.csv,37,/Users/macbookpro/Desktop/Development/khmer-handwritten-word-recognition/data/handwritten_external/W008/lines_raw/W008_P002_L012.png,,0,True,804,47,50.2317,0.864507,review,transcription_required,W008
W008_P002_L013,lines_raw/W008_P002_L013.png,page_002.png,W008,45,567,849,615,,,0.0,0.95,True,pending,Line crop; human transcription required,,data/handwritten_external/W008/line_metadata.csv,38,/Users/macbookpro/Desktop/Development/khmer-handwritten-word-recognition/data/handwritten_external/W008/lines_raw/W008_P002_L013.png,,0,True,804,48,50.3783,0.828721,review,transcription_required,W008
W008_P002_L014,lines_raw/W008_P002_L014.png,page_002.png,W008,51,611,849,659,,,0.0,0.95,True,pending,Line crop; human transcription required,,data/handwritten_external/W008/line_metadata.csv,39,/Users/macbookpro/Desktop/Development/khmer-handwritten-word-recognition/data/handwritten_external/W008/lines_raw/W008_P002_L014.png,,0,True,798,48,48.7222,0.830801,review,transcription_required,W008
W008_P002_L015,lines_raw/W008_P002_L015.png,page_002.png,W008,53,655,849,703,,,0.0,0.95,True,pending,Line crop; human transcription required,,data/handwritten_external/W008/line_metadata.csv,40,/Users/macbookpro/Desktop/Development/khmer-handwritten-word-recognition/data/handwritten_external/W008/lines_raw/W008_P002_L015.png,,0,True,796,48,49.7687,0.804622,review,transcription_required,W008
W008_P002_L016,lines_raw/W008_P002_L016.png,page_002.png,W008,55,699,849,747,,,0.0,0.95,True,pending,Line crop; human transcription required,,data/handwritten_external/W008/line_metadata.csv,41,/Users/macbookpro/Desktop/Development/khmer-handwritten-word-recognition/data/handwritten_external/W008/lines_raw/W008_P002_L016.png,,0,True,794,48,49.5645,0.789253,review,transcription_required,W008
W008_P002_L017,lines_raw/W008_P002_L017.png,page_002.png,W008,52,743,849,792,,,0.0,0.95,True,pending,Line crop; human transcription required,,data/handwritten_external/W008/line_metadata.csv,42,/Users/macbookpro/Desktop/Development/khmer-handwritten-word-recognition/data/handwritten_external/W008/lines_raw/W008_P002_L017.png,,0,True,797,49,49.3392,0.785676,review,transcription_required,W008
W008_P002_L018,lines_raw/W008_P002_L018.png,page_002.png,W008,54,788,849,837,,,0.0,0.95,True,pending,Line crop; human transcription required,,data/handwritten_external/W008/line_metadata.csv,43,/Users/macbookpro/Desktop/Development/khmer-handwritten-word-recognition/data/handwritten_external/W008/lines_raw/W008_P002_L018.png,,0,True,795,49,48.594,0.75369,review,transcription_required,W008
W008_P002_L019,lines_raw/W008_P002_L019.png,page_002.png,W008,50,833,849,881,,,0.0,0.95,True,pending,Line crop; human transcription required,,data/handwritten_external/W008/line_metadata.csv,44,/Users/macbookpro/Desktop/Development/khmer-handwritten-word-recognition/data/handwritten_external/W008/lines_raw/W008_P002_L019.png,,0,True,799,48,48.3688,0.764367,review,transcription_required,W008
W008_P002_L020,lines_raw/W008_P002_L020.png,page_002.png,W008,50,877,849,927,,,0.0,0.95,True,pending,Line crop; human transcription required,,data/handwritten_external/W008/line_metadata.csv,45,/Users/macbookpro/Desktop/Development/khmer-handwritten-word-recognition/data/handwritten_external/W008/lines_raw/W008_P002_L020.png,,0,True,799,50,48.5363,0.757722,review,transcription_required,W008
W008_P002_L021,lines_raw/W008_P002_L021.png,page_002.png,W008,48,923,849,973,,,0.0,0.95,True,pending,Line crop; human transcription required,,data/handwritten_external/W008/line_metadata.csv,46,/Users/macbookpro/Desktop/Development/khmer-handwritten-word-recognition/data/handwritten_external/W008/lines_raw/W008_P002_L021.png,,0,True,801,50,47.8397,0.759526,review,transcription_required,W008
W008_P002_L022,lines_raw/W008_P002_L022.png,page_002.png,W008,48,969,849,1019,,,0.0,0.95,True,pending,Line crop; human transcription required,,data/handwritten_external/W008/line_metadata.csv,47,/Users/macbookpro/Desktop/Development/khmer-handwritten-word-recognition/data/handwritten_external/W008/lines_raw/W008_P002_L022.png,,0,True,801,50,48.9158,0.748914,review,transcription_required,W008
W008_P002_L023,lines_raw/W008_P002_L023.png,page_002.png,W008,45,1015,849,1065,,,0.0,0.95,True,pending,Line crop; human transcription required,,data/handwritten_external/W008/line_metadata.csv,48,/Users/macbookpro/Desktop/Development/khmer-handwritten-word-recognition/data/handwritten_external/W008/lines_raw/W008_P002_L023.png,,0,True,804,50,49.0548,0.779602,review,transcription_required,W008
W008_P002_L024,lines_raw/W008_P002_L024.png,page_002.png,W008,42,1061,849,1112,,,0.0,0.95,True,pending,Line crop; human transcription required,,data/handwritten_external/W008/line_metadata.csv,49,/Users/macbookpro/Desktop/Development/khmer-handwritten-word-recognition/data/handwritten_external/W008/lines_raw/W008_P002_L024.png,,0,True,807,51,48.9922,0.788177,review,transcription_required,W008
W008_P002_L025,lines_raw/W008_P002_L025.png,page_002.png,W008,43,1108,849,1173,,,0.0,0.95,True,pending,Line crop; human transcription required,,data/handwritten_external/W008/line_metadata.csv,50,/Users/macbookpro/Desktop/Development/khmer-handwritten-word-recognition/data/handwritten_external/W008/lines_raw/W008_P002_L025.png,,0,True,806,65,45.8313,0.792995,review,transcription_required,W008
W008_P003_L001,lines_raw/W008_P003_L001.png,page_003.png,W008,26,87,810,155,,,0.0,0.95,True,pending,Line crop; human transcription required,,data/handwritten_external/W008/line_metadata.csv,51,/Users/macbookpro/Desktop/Development/khmer-handwritten-word-recognition/data/handwritten_external/W008/lines_raw/W008_P003_L001.png,,0,True,784,68,39.5903,0.983944,review,transcription_required,W008
W008_P003_L002,lines_raw/W008_P003_L002.png,page_003.png,W008,26,151,810,199,,,0.0,0.95,True,pending,Line crop; human transcription required,,data/handwritten_external/W008/line_metadata.csv,52,/Users/macbookpro/Desktop/Development/khmer-handwritten-word-recognition/data/handwritten_external/W008/lines_raw/W008_P003_L002.png,,0,True,784,48,44.9325,0.98015,review,transcription_required,W008
W008_P003_L003,lines_raw/W008_P003_L003.png,page_003.png,W008,26,195,810,243,,,0.0,0.95,True,pending,Line crop; human transcription required,,data/handwritten_external/W008/line_metadata.csv,53,/Users/macbookpro/Desktop/Development/khmer-handwritten-word-recognition/data/handwritten_external/W008/lines_raw/W008_P003_L003.png,,0,True,784,48,45.7229,0.978529,review,transcription_required,W008
W008_P003_L004,lines_raw/W008_P003_L004.png,page_003.png,W008,26,239,810,301,,,0.0,0.95,True,pending,Line crop; human transcription required,,data/handwritten_external/W008/line_metadata.csv,54,/Users/macbookpro/Desktop/Development/khmer-handwritten-word-recognition/data/handwritten_external/W008/lines_raw/W008_P003_L004.png,,0,True,784,62,36.8337,0.987595,review,transcription_required,W008
W009_P001_L007,lines_raw/W009_P001_L007.png,page_001.png,W009,15,388,1271,453,,,0.0,0.95,True,pending,Line crop; human transcription required,,data/handwritten_external/W009/line_metadata.csv,8,/Users/macbookpro/Desktop/Development/khmer-handwritten-word-recognition/data/handwritten_external/W009/lines_raw/W009_P001_L007.png,,0,True,1256,65,67.4413,0.267308,review,transcription_required,W009
W009_P001_L027,lines_raw/W009_P001_L027.png,page_001.png,W009,13,1622,1271,1684,,,0.0,0.95,True,pending,Line crop; human transcription required,,data/handwritten_external/W009/line_metadata.csv,28,/Users/macbookpro/Desktop/Development/khmer-handwritten-word-recognition/data/handwritten_external/W009/lines_raw/W009_P001_L027.png,,0,True,1258,62,67.2209,0.244218,review,transcription_required,W009
W009_P001_L028,lines_raw/W009_P001_L028.png,page_001.png,W009,5,1680,1271,1761,,,0.0,0.95,True,pending,Line crop; human transcription required,,data/handwritten_external/W009/line_metadata.csv,29,/Users/macbookpro/Desktop/Development/khmer-handwritten-word-recognition/data/handwritten_external/W009/lines_raw/W009_P001_L028.png,,0,True,1266,81,63.609,0.209916,review,transcription_required,W009
W009_P002_L001,lines_raw/W009_P002_L001.png,page_002.png,W009,5,16,1241,87,,,0.0,0.95,True,pending,Line crop; human transcription required,,data/handwritten_external/W009/line_metadata.csv,30,/Users/macbookpro/Desktop/Development/khmer-handwritten-word-recognition/data/handwritten_external/W009/lines_raw/W009_P002_L001.png,,0,True,1236,71,61.7594,0.221683,review,transcription_required,W009
W009_P002_L002,lines_raw/W009_P002_L002.png,page_002.png,W009,8,83,1241,149,,,0.0,0.95,True,pending,Line crop; human transcription required,,data/handwritten_external/W009/line_metadata.csv,31,/Users/macbookpro/Desktop/Development/khmer-handwritten-word-recognition/data/handwritten_external/W009/lines_raw/W009_P002_L002.png,,0,True,1233,66,63.7024,0.232495,review,transcription_required,W009
W009_P002_L003,lines_raw/W009_P002_L003.png,page_002.png,W009,17,145,1241,209,,,0.0,0.95,True,pending,Line crop; human transcription required,,data/handwritten_external/W009/line_metadata.csv,32,/Users/macbookpro/Desktop/Development/khmer-handwritten-word-recognition/data/handwritten_external/W009/lines_raw/W009_P002_L003.png,,0,True,1224,64,64.5829,0.246324,review,transcription_required,W009
W009_P002_L004,lines_raw/W009_P002_L004.png,page_002.png,W009,70,205,1241,270,,,0.0,0.95,True,pending,Line crop; human transcription required,,data/handwritten_external/W009/line_metadata.csv,33,/Users/macbookpro/Desktop/Development/khmer-handwritten-word-recognition/data/handwritten_external/W009/lines_raw/W009_P002_L004.png,,0,True,1171,65,65.6162,0.244735,review,transcription_required,W009
W009_P002_L005,lines_raw/W009_P002_L005.png,page_002.png,W009,17,266,1241,332,,,0.0,0.95,True,pending,Line crop; human transcription required,,data/handwritten_external/W009/line_metadata.csv,34,/Users/macbookpro/Desktop/Development/khmer-handwritten-word-recognition/data/handwritten_external/W009/lines_raw/W009_P002_L005.png,,0,True,1224,66,65.0875,0.25099,review,transcription_required,W009
W009_P002_L006,lines_raw/W009_P002_L006.png,page_002.png,W009,13,328,1241,394,,,0.0,0.95,True,pending,Line crop; human transcription required,,data/handwritten_external/W009/line_metadata.csv,35,/Users/macbookpro/Desktop/Development/khmer-handwritten-word-recognition/data/handwritten_external/W009/lines_raw/W009_P002_L006.png,,0,True,1228,66,65.6664,0.254183,review,transcription_required,W009
W009_P002_L007,lines_raw/W009_P002_L007.png,page_002.png,W009,13,390,1241,457,,,0.0,0.95,True,pending,Line crop; human transcription required,,data/handwritten_external/W009/line_metadata.csv,36,/Users/macbookpro/Desktop/Development/khmer-handwritten-word-recognition/data/handwritten_external/W009/lines_raw/W009_P002_L007.png,,0,True,1228,67,62.7382,0.22681,review,transcription_required,W009
W009_P002_L008,lines_raw/W009_P002_L008.png,page_002.png,W009,10,453,1241,519,,,0.0,0.95,True,pending,Line crop; human transcription required,,data/handwritten_external/W009/line_metadata.csv,37,/Users/macbookpro/Desktop/Development/khmer-handwritten-word-recognition/data/handwritten_external/W009/lines_raw/W009_P002_L008.png,,0,True,1231,66,65.8125,0.252443,review,transcription_required,W009
W009_P002_L009,lines_raw/W009_P002_L009.png,page_002.png,W009,5,515,1241,581,,,0.0,0.95,True,pending,Line crop; human transcription required,,data/handwritten_external/W009/line_metadata.csv,38,/Users/macbookpro/Desktop/Development/khmer-handwritten-word-recognition/data/handwritten_external/W009/lines_raw/W009_P002_L009.png,,0,True,1236,66,65.2776,0.242731,review,transcription_required,W009
W009_P002_L010,lines_raw/W009_P002_L010.png,page_002.png,W009,11,577,1241,642,,,0.0,0.95,True,pending,Line crop; human transcription required,,data/handwritten_external/W009/line_metadata.csv,39,/Users/macbookpro/Desktop/Development/khmer-handwritten-word-recognition/data/handwritten_external/W009/lines_raw/W009_P002_L010.png,,0,True,1230,65,65.6127,0.252871,review,transcription_required,W009
W009_P002_L011,lines_raw/W009_P002_L011.png,page_002.png,W009,17,638,1241,703,,,0.0,0.95,True,pending,Line crop; human transcription required,,data/handwritten_external/W009/line_metadata.csv,40,/Users/macbookpro/Desktop/Development/khmer-handwritten-word-recognition/data/handwritten_external/W009/lines_raw/W009_P002_L011.png,,0,True,1224,65,63.4789,0.226621,review,transcription_required,W009
W009_P002_L012,lines_raw/W009_P002_L012.png,page_002.png,W009,9,699,1241,765,,,0.0,0.95,True,pending,Line crop; human transcription required,,data/handwritten_external/W009/line_metadata.csv,41,/Users/macbookpro/Desktop/Development/khmer-handwritten-word-recognition/data/handwritten_external/W009/lines_raw/W009_P002_L012.png,,0,True,1232,66,63.7989,0.228835,review,transcription_required,W009
W009_P002_L013,lines_raw/W009_P002_L013.png,page_002.png,W009,7,761,1241,827,,,0.0,0.95,True,pending,Line crop; human transcription required,,data/handwritten_external/W009/line_metadata.csv,42,/Users/macbookpro/Desktop/Development/khmer-handwritten-word-recognition/data/handwritten_external/W009/lines_raw/W009_P002_L013.png,,0,True,1234,66,64.6049,0.232614,review,transcription_required,W009
W009_P002_L014,lines_raw/W009_P002_L014.png,page_002.png,W009,13,823,1241,887,,,0.0,0.95,True,pending,Line crop; human transcription required,,data/handwritten_external/W009/line_metadata.csv,43,/Users/macbookpro/Desktop/Development/khmer-handwritten-word-recognition/data/handwritten_external/W009/lines_raw/W009_P002_L014.png,,0,True,1228,64,65.0052,0.241475,review,transcription_required,W009
W009_P002_L015,lines_raw/W009_P002_L015.png,page_002.png,W009,20,883,1241,948,,,0.0,0.95,True,pending,Line crop; human transcription required,,data/handwritten_external/W009/line_metadata.csv,44,/Users/macbookpro/Desktop/Development/khmer-handwritten-word-recognition/data/handwritten_external/W009/lines_raw/W009_P002_L015.png,,0,True,1221,65,63.6612,0.231928,review,transcription_required,W009
W009_P002_L016,lines_raw/W009_P002_L016.png,page_002.png,W009,17,944,1241,1015,,,0.0,0.95,True,pending,Line crop; human transcription required,,data/handwritten_external/W009/line_metadata.csv,45,/Users/macbookpro/Desktop/Development/khmer-handwritten-word-recognition/data/handwritten_external/W009/lines_raw/W009_P002_L016.png,,0,True,1224,71,64.0018,0.22961,review,transcription_required,W009
W009_P002_L017,lines_raw/W009_P002_L017.png,page_002.png,W009,12,1011,1241,1078,,,0.0,0.95,True,pending,Line crop; human transcription required,,data/handwritten_external/W009/line_metadata.csv,46,/Users/macbookpro/Desktop/Development/khmer-handwritten-word-recognition/data/handwritten_external/W009/lines_raw/W009_P002_L017.png,,0,True,1229,67,65.6835,0.234895,review,transcription_required,W009
W009_P002_L018,lines_raw/W009_P002_L018.png,page_002.png,W009,17,1074,1241,1139,,,0.0,0.95,True,pending,Line crop; human transcription required,,data/handwritten_external/W009/line_metadata.csv,47,/Users/macbookpro/Desktop/Development/khmer-handwritten-word-recognition/data/handwritten_external/W009/lines_raw/W009_P002_L018.png,,0,True,1224,65,67.3985,0.250327,review,transcription_required,W009
W009_P002_L019,lines_raw/W009_P002_L019.png,page_002.png,W009,15,1135,1241,1199,,,0.0,0.95,True,pending,Line crop; human transcription required,,data/handwritten_external/W009/line_metadata.csv,48,/Users/macbookpro/Desktop/Development/khmer-handwritten-word-recognition/data/handwritten_external/W009/lines_raw/W009_P002_L019.png,,0,True,1226,64,67.5071,0.252332,review,transcription_required,W009
W009_P002_L020,lines_raw/W009_P002_L020.png,page_002.png,W009,14,1195,1241,1259,,,0.0,0.95,True,pending,Line crop; human transcription required,,data/handwritten_external/W009/line_metadata.csv,49,/Users/macbookpro/Desktop/Development/khmer-handwritten-word-recognition/data/handwritten_external/W009/lines_raw/W009_P002_L020.png,,0,True,1227,64,68.8457,0.269942,review,transcription_required,W009
W009_P002_L021,lines_raw/W009_P002_L021.png,page_002.png,W009,22,1255,1241,1318,,,0.0,0.95,True,pending,Line crop; human transcription required,,data/handwritten_external/W009/line_metadata.csv,50,/Users/macbookpro/Desktop/Development/khmer-handwritten-word-recognition/data/handwritten_external/W009/lines_raw/W009_P002_L021.png,,0,True,1219,63,68.0584,0.258851,review,transcription_required,W009
W009_P002_L022,lines_raw/W009_P002_L022.png,page_002.png,W009,101,1314,1241,1376,,,0.0,0.95,True,pending,Line crop; human transcription required,,data/handwritten_external/W009/line_metadata.csv,51,/Users/macbookpro/Desktop/Development/khmer-handwritten-word-recognition/data/handwritten_external/W009/lines_raw/W009_P002_L022.png,,0,True,1140,62,69.788,0.281579,review,transcription_required,W009
W009_P002_L023,lines_raw/W009_P002_L023.png,page_002.png,W009,5,1372,1241,1437,,,0.0,0.95,True,pending,Line crop; human transcription required,,data/handwritten_external/W009/line_metadata.csv,52,/Users/macbookpro/Desktop/Development/khmer-handwritten-word-recognition/data/handwritten_external/W009/lines_raw/W009_P002_L023.png,,0,True,1236,65,66.8314,0.242357,review,transcription_required,W009
W009_P002_L024,lines_raw/W009_P002_L024.png,page_002.png,W009,10,1433,1241,1500,,,0.0,0.95,True,pending,Line crop; human transcription required,,data/handwritten_external/W009/line_metadata.csv,53,/Users/macbookpro/Desktop/Development/khmer-handwritten-word-recognition/data/handwritten_external/W009/lines_raw/W009_P002_L024.png,,0,True,1231,67,69.3512,0.266329,review,transcription_required,W009
W009_P002_L025,lines_raw/W009_P002_L025.png,page_002.png,W009,5,1496,1241,1566,,,0.0,0.95,True,pending,Line crop; human transcription required,,data/handwritten_external/W009/line_metadata.csv,54,/Users/macbookpro/Desktop/Development/khmer-handwritten-word-recognition/data/handwritten_external/W009/lines_raw/W009_P002_L025.png,,0,True,1236,70,68.282,0.253213,review,transcription_required,W009
W009_P002_L026,lines_raw/W009_P002_L026.png,page_002.png,W009,16,1562,1241,1626,,,0.0,0.95,True,pending,Line crop; human transcription required,,data/handwritten_external/W009/line_metadata.csv,55,/Users/macbookpro/Desktop/Development/khmer-handwritten-word-recognition/data/handwritten_external/W009/lines_raw/W009_P002_L026.png,,0,True,1225,64,71.3835,0.289528,review,transcription_required,W009
W009_P002_L027,lines_raw/W009_P002_L027.png,page_002.png,W009,90,1622,1241,1689,,,0.0,0.95,True,pending,Line crop; human transcription required,,data/handwritten_external/W009/line_metadata.csv,56,/Users/macbookpro/Desktop/Development/khmer-handwritten-word-recognition/data/handwritten_external/W009/lines_raw/W009_P002_L027.png,,0,True,1151,67,69.1573,0.267451,review,transcription_required,W009
