crop_id,image_path,source_page,writer_id,x_min,y_min,x_max,y_max,label_raw,label_normalized,label_confidence,segmentation_confidence,review_required,review_status,notes,metadata_file,metadata_row,resolved_image_path,label,label_codepoints,image_exists,image_width,image_height,pixel_std,ink_ratio,auto_decision,auto_reason,group_id
W001_P001_0027,crops_raw/W001_P001_0027.png,page_001.png,W001,636,458,688,487,,,0.5,0.95,True,pending,Unmatched candidate — human transcription required,data/handwritten_external/W001/metadata.csv,28,/Users/macbookpro/Desktop/Development/khmer-handwritten-word-recognition/data/handwritten_external/W001/crops_processed/W001_P001_0027.png,,0,True,52,29,62.2965,0.33687,reject,empty_label,W001
W001_P001_0043,crops_raw/W001_P001_0043.png,page_001.png,W001,663,539,688,564,,,0.5,0.8,True,pending,Unmatched candidate — human transcription required,data/handwritten_external/W001/metadata.csv,44,/Users/macbookpro/Desktop/Development/khmer-handwritten-word-recognition/data/handwritten_external/W001/crops_processed/W001_P001_0043.png,,0,True,25,25,65.8567,0.5952,reject,empty_label,W001
W001_P001_0063,crops_raw/W001_P001_0063.png,page_001.png,W001,577,611,613,643,,,0.5,0.95,True,pending,Unmatched candidate — human transcription required,data/handwritten_external/W001/metadata.csv,64,/Users/macbookpro/Desktop/Development/khmer-handwritten-word-recognition/data/handwritten_external/W001/crops_processed/W001_P001_0063.png,,0,True,36,32,57.6076,0.424479,reject,empty_label,W001
W001_P001_0064,crops_raw/W001_P001_0064.png,page_001.png,W001,607,616,688,668,,,0.5,0.95,True,pending,Unmatched candidate — human transcription required,data/handwritten_external/W001/metadata.csv,65,/Users/macbookpro/Desktop/Development/khmer-handwritten-word-recognition/data/handwritten_external/W001/crops_processed/W001_P001_0064.png,,0,True,81,52,60.2118,0.263295,reject,empty_label,W001
W001_P001_0083,crops_raw/W001_P001_0083.png,page_001.png,W001,636,721,688,756,,,0.5,0.95,True,pending,Unmatched candidate — human transcription required,data/handwritten_external/W001/metadata.csv,84,/Users/macbookpro/Desktop/Development/khmer-handwritten-word-recognition/data/handwritten_external/W001/crops_processed/W001_P001_0083.png,,0,True,52,35,66.2966,0.38956,reject,empty_label,W001
W001_P001_0094,crops_raw/W001_P001_0094.png,page_001.png,W001,652,768,688,803,,,0.5,0.95,True,pending,Unmatched candidate — human transcription required,data/handwritten_external/W001/metadata.csv,95,/Users/macbookpro/Desktop/Development/khmer-handwritten-word-recognition/data/handwritten_external/W001/crops_processed/W001_P001_0094.png,,0,True,36,35,57.497,0.295238,reject,empty_label,W001
W001_P001_0120,crops_raw/W001_P001_0120.png,page_001.png,W001,666,843,688,869,,,0.5,0.8,True,pending,Unmatched candidate — human transcription required,data/handwritten_external/W001/metadata.csv,121,/Users/macbookpro/Desktop/Development/khmer-handwritten-word-recognition/data/handwritten_external/W001/crops_processed/W001_P001_0120.png,,0,True,22,26,66.6456,0.513986,reject,empty_label,W001
W001_P001_0142,crops_raw/W001_P001_0142.png,page_001.png,W001,660,921,688,946,,,0.5,0.8,True,pending,Unmatched candidate — human transcription required,data/handwritten_external/W001/metadata.csv,143,/Users/macbookpro/Desktop/Development/khmer-handwritten-word-recognition/data/handwritten_external/W001/crops_processed/W001_P001_0142.png,,0,True,28,25,66.7019,0.49,reject,empty_label,W001
W001_P001_0155,crops_raw/W001_P001_0155.png,page_001.png,W001,595,960,681,1001,,,0.5,0.75,True,pending,Unmatched candidate — human transcription required,data/handwritten_external/W001/metadata.csv,156,/Users/macbookpro/Desktop/Development/khmer-handwritten-word-recognition/data/handwritten_external/W001/crops_processed/W001_P001_0155.png,,0,True,86,41,53.8175,0.26886,reject,empty_label,W001
W001_P002_0006,crops_raw/W001_P002_0006.png,page_002.png,W001,374,238,427,274,,,0.5,0.85,True,pending,Unmatched candidate — human transcription required,data/handwritten_external/W001/metadata.csv,162,/Users/macbookpro/Desktop/Development/khmer-handwritten-word-recognition/data/handwritten_external/W001/crops_processed/W001_P002_0006.png,,0,True,53,36,52.3088,0.286164,reject,empty_label,W001
W001_P002_0007,crops_raw/W001_P002_0007.png,page_002.png,W001,436,239,462,261,,,0.5,0.8,True,pending,Unmatched candidate — human transcription required,data/handwritten_external/W001/metadata.csv,163,/Users/macbookpro/Desktop/Development/khmer-handwritten-word-recognition/data/handwritten_external/W001/crops_processed/W001_P002_0007.png,,0,True,26,22,50.488,0.295455,reject,empty_label,W001
W001_P002_0011,crops_raw/W001_P002_0011.png,page_002.png,W001,583,256,688,289,,,0.5,0.75,True,pending,Unmatched candidate — human transcription required,data/handwritten_external/W001/metadata.csv,167,/Users/macbookpro/Desktop/Development/khmer-handwritten-word-recognition/data/handwritten_external/W001/crops_processed/W001_P002_0011.png,,0,True,105,33,46.7519,0.205195,reject,empty_label,W001
W001_P002_0021,crops_raw/W001_P002_0021.png,page_002.png,W001,428,308,474,353,,,0.5,0.95,True,pending,Unmatched candidate — human transcription required,data/handwritten_external/W001/metadata.csv,177,/Users/macbookpro/Desktop/Development/khmer-handwritten-word-recognition/data/handwritten_external/W001/crops_processed/W001_P002_0021.png,,0,True,46,45,52.5937,0.322222,reject,empty_label,W001
W001_P002_0022,crops_raw/W001_P002_0022.png,page_002.png,W001,474,305,595,339,,,0.5,0.95,True,pending,Unmatched candidate — human transcription required,data/handwritten_external/W001/metadata.csv,178,/Users/macbookpro/Desktop/Development/khmer-handwritten-word-recognition/data/handwritten_external/W001/crops_processed/W001_P002_0022.png,,0,True,121,34,43.4013,0.228002,reject,empty_label,W001
W001_P002_0023,crops_raw/W001_P002_0023.png,page_002.png,W001,583,290,688,352,,,0.5,0.95,True,pending,Unmatched candidate — human transcription required,data/handwritten_external/W001/metadata.csv,179,/Users/macbookpro/Desktop/Development/khmer-handwritten-word-recognition/data/handwritten_external/W001/crops_processed/W001_P002_0023.png,,0,True,105,62,57.4993,0.322273,reject,empty_label,W001
W001_P002_0030,crops_raw/W001_P002_0030.png,page_002.png,W001,634,331,688,377,,,0.5,0.75,True,pending,Unmatched candidate — human transcription required,data/handwritten_external/W001/metadata.csv,186,/Users/macbookpro/Desktop/Development/khmer-handwritten-word-recognition/data/handwritten_external/W001/crops_processed/W001_P002_0030.png,,0,True,54,46,49.622,0.254428,reject,empty_label,W001
W001_P002_0098,crops_raw/W001_P002_0098.png,page_002.png,W001,646,595,688,619,,,0.5,0.95,True,pending,Unmatched candidate — human transcription required,data/handwritten_external/W001/metadata.csv,254,/Users/macbookpro/Desktop/Development/khmer-handwritten-word-recognition/data/handwritten_external/W001/crops_processed/W001_P002_0098.png,,0,True,42,24,60.4781,0.358135,reject,empty_label,W001
W001_P002_0126,crops_raw/W001_P002_0126.png,page_002.png,W001,620,690,688,720,,,0.5,0.95,True,pending,Unmatched candidate — human transcription required,data/handwritten_external/W001/metadata.csv,282,/Users/macbookpro/Desktop/Development/khmer-handwritten-word-recognition/data/handwritten_external/W001/crops_processed/W001_P002_0126.png,,0,True,68,30,58.4525,0.34902,reject,empty_label,W001
W001_P002_0134,crops_raw/W001_P002_0134.png,page_002.png,W001,639,719,688,744,,,0.5,0.95,True,pending,Unmatched candidate — human transcription required,data/handwritten_external/W001/metadata.csv,290,/Users/macbookpro/Desktop/Development/khmer-handwritten-word-recognition/data/handwritten_external/W001/crops_processed/W001_P002_0134.png,,0,True,49,25,58.8276,0.301224,reject,empty_label,W001
W001_P002_0142,crops_raw/W001_P002_0142.png,page_002.png,W001,556,738,688,779,,,0.5,0.95,True,pending,Unmatched candidate — human transcription required,data/handwritten_external/W001/metadata.csv,298,/Users/macbookpro/Desktop/Development/khmer-handwritten-word-recognition/data/handwritten_external/W001/crops_processed/W001_P002_0142.png,,0,True,132,41,51.8519,0.260163,reject,empty_label,W001
W001_P002_0163,crops_raw/W001_P002_0163.png,page_002.png,W001,601,815,688,854,,,0.5,0.95,True,pending,Unmatched candidate — human transcription required,data/handwritten_external/W001/metadata.csv,319,/Users/macbookpro/Desktop/Development/khmer-handwritten-word-recognition/data/handwritten_external/W001/crops_processed/W001_P002_0163.png,,0,True,87,39,46.4392,0.19275,reject,empty_label,W001
W001_P002_0207,crops_raw/W001_P002_0207.png,page_002.png,W001,529,960,640,1001,,,0.5,0.85,True,pending,Unmatched candidate — human transcription required,data/handwritten_external/W001/metadata.csv,363,/Users/macbookpro/Desktop/Development/khmer-handwritten-word-recognition/data/handwritten_external/W001/crops_processed/W001_P002_0207.png,,0,True,111,41,43.6475,0.163481,reject,empty_label,W001
W001_P002_0208,crops_raw/W001_P002_0208.png,page_002.png,W001,645,971,688,1001,,,0.5,0.95,True,pending,Unmatched candidate — human transcription required,data/handwritten_external/W001/metadata.csv,364,/Users/macbookpro/Desktop/Development/khmer-handwritten-word-recognition/data/handwritten_external/W001/crops_processed/W001_P002_0208.png,,0,True,43,30,63.8959,0.375969,reject,empty_label,W001
W001_P003_0020,crops_raw/W001_P003_0020.png,page_003.png,W001,502,284,688,325,,,0.5,0.85,True,pending,Unmatched candidate — human transcription required,data/handwritten_external/W001/metadata.csv,384,/Users/macbookpro/Desktop/Development/khmer-handwritten-word-recognition/data/handwritten_external/W001/crops_processed/W001_P003_0020.png,,0,True,186,41,53.8657,0.24246,reject,empty_label,W001
W001_P003_0026,crops_raw/W001_P003_0026.png,page_003.png,W001,586,316,688,357,,,0.5,0.95,True,pending,Unmatched candidate — human transcription required,data/handwritten_external/W001/metadata.csv,390,/Users/macbookpro/Desktop/Development/khmer-handwritten-word-recognition/data/handwritten_external/W001/crops_processed/W001_P003_0026.png,,0,True,102,41,48.6484,0.225968,reject,empty_label,W001
W001_P003_0033,crops_raw/W001_P003_0033.png,page_003.png,W001,549,343,585,368,,,0.5,0.95,True,pending,Unmatched candidate — human transcription required,data/handwritten_external/W001/metadata.csv,397,/Users/macbookpro/Desktop/Development/khmer-handwritten-word-recognition/data/handwritten_external/W001/crops_processed/W001_P003_0033.png,,0,True,36,25,63.1876,0.438889,reject,empty_label,W001
W001_P003_0034,crops_raw/W001_P003_0034.png,page_003.png,W001,578,337,644,368,,,0.5,0.95,True,pending,Unmatched candidate — human transcription required,data/handwritten_external/W001/metadata.csv,398,/Users/macbookpro/Desktop/Development/khmer-handwritten-word-recognition/data/handwritten_external/W001/crops_processed/W001_P003_0034.png,,0,True,66,31,54.2374,0.26393,reject,empty_label,W001
W001_P003_0035,crops_raw/W001_P003_0035.png,page_003.png,W001,632,342,688,392,,,0.5,0.95,True,pending,Unmatched candidate — human transcription required,data/handwritten_external/W001/metadata.csv,399,/Users/macbookpro/Desktop/Development/khmer-handwritten-word-recognition/data/handwritten_external/W001/crops_processed/W001_P003_0035.png,,0,True,56,50,46.7059,0.244643,reject,empty_label,W001
W001_P003_0042,crops_raw/W001_P003_0042.png,page_003.png,W001,664,369,688,393,,,0.5,0.8,True,pending,Unmatched candidate — human transcription required,data/handwritten_external/W001/metadata.csv,406,/Users/macbookpro/Desktop/Development/khmer-handwritten-word-recognition/data/handwritten_external/W001/crops_processed/W001_P003_0042.png,,0,True,24,24,69.8525,0.621528,reject,empty_label,W001
W001_P003_0048,crops_raw/W001_P003_0048.png,page_003.png,W001,614,384,688,430,,,0.5,0.95,True,pending,Unmatched candidate — human transcription required,data/handwritten_external/W001/metadata.csv,412,/Users/macbookpro/Desktop/Development/khmer-handwritten-word-recognition/data/handwritten_external/W001/crops_processed/W001_P003_0048.png,,0,True,74,46,48.1565,0.212691,reject,empty_label,W001
W001_P003_0067,crops_raw/W001_P003_0067.png,page_003.png,W001,592,434,649,477,,,0.5,0.95,True,pending,Unmatched candidate — human transcription required,data/handwritten_external/W001/metadata.csv,431,/Users/macbookpro/Desktop/Development/khmer-handwritten-word-recognition/data/handwritten_external/W001/crops_processed/W001_P003_0067.png,,0,True,57,43,50.993,0.253366,reject,empty_label,W001
W001_P003_0068,crops_raw/W001_P003_0068.png,page_003.png,W001,640,441,688,482,,,0.5,0.95,True,pending,Unmatched candidate — human transcription required,data/handwritten_external/W001/metadata.csv,432,/Users/macbookpro/Desktop/Development/khmer-handwritten-word-recognition/data/handwritten_external/W001/crops_processed/W001_P003_0068.png,,0,True,48,41,54.9426,0.282012,reject,empty_label,W001
W001_P003_0078,crops_raw/W001_P003_0078.png,page_003.png,W001,609,469,688,521,,,0.5,0.95,True,pending,Unmatched candidate — human transcription required,data/handwritten_external/W001/metadata.csv,442,/Users/macbookpro/Desktop/Development/khmer-handwritten-word-recognition/data/handwritten_external/W001/crops_processed/W001_P003_0078.png,,0,True,79,52,50.0447,0.219815,reject,empty_label,W001
W001_P003_0089,crops_raw/W001_P003_0089.png,page_003.png,W001,544,518,616,553,,,0.5,0.85,True,pending,Unmatched candidate — human transcription required,data/handwritten_external/W001/metadata.csv,453,/Users/macbookpro/Desktop/Development/khmer-handwritten-word-recognition/data/handwritten_external/W001/crops_processed/W001_P003_0089.png,,0,True,72,35,49.5125,0.211111,reject,empty_label,W001
W001_P003_0090,crops_raw/W001_P003_0090.png,page_003.png,W001,603,519,688,553,,,0.5,0.85,True,pending,Unmatched candidate — human transcription required,data/handwritten_external/W001/metadata.csv,454,/Users/macbookpro/Desktop/Development/khmer-handwritten-word-recognition/data/handwritten_external/W001/crops_processed/W001_P003_0090.png,,0,True,85,34,48.0572,0.205882,reject,empty_label,W001
W001_P003_0103,crops_raw/W001_P003_0103.png,page_003.png,W001,618,572,688,598,,,0.5,0.95,True,pending,Unmatched candidate — human transcription required,data/handwritten_external/W001/metadata.csv,467,/Users/macbookpro/Desktop/Development/khmer-handwritten-word-recognition/data/handwritten_external/W001/crops_processed/W001_P003_0103.png,,0,True,70,26,56.8987,0.280769,reject,empty_label,W001
W001_P003_0111,crops_raw/W001_P003_0111.png,page_003.png,W001,590,591,635,624,,,0.5,0.95,True,pending,Unmatched candidate — human transcription required,data/handwritten_external/W001/metadata.csv,475,/Users/macbookpro/Desktop/Development/khmer-handwritten-word-recognition/data/handwritten_external/W001/crops_processed/W001_P003_0111.png,,0,True,45,33,51.3492,0.228956,reject,empty_label,W001
W001_P003_0112,crops_raw/W001_P003_0112.png,page_003.png,W001,627,599,663,624,,,0.5,0.95,True,pending,Unmatched candidate — human transcription required,data/handwritten_external/W001/metadata.csv,476,/Users/macbookpro/Desktop/Development/khmer-handwritten-word-recognition/data/handwritten_external/W001/crops_processed/W001_P003_0112.png,,0,True,36,25,55.167,0.324444,reject,empty_label,W001
W001_P003_0113,crops_raw/W001_P003_0113.png,page_003.png,W001,652,599,688,623,,,0.5,0.95,True,pending,Unmatched candidate — human transcription required,data/handwritten_external/W001/metadata.csv,477,/Users/macbookpro/Desktop/Development/khmer-handwritten-word-recognition/data/handwritten_external/W001/crops_processed/W001_P003_0113.png,,0,True,36,24,60.5381,0.361111,reject,empty_label,W001
W001_P003_0121,crops_raw/W001_P003_0121.png,page_003.png,W001,597,625,645,663,,,0.5,0.95,True,pending,Unmatched candidate — human transcription required,data/handwritten_external/W001/metadata.csv,485,/Users/macbookpro/Desktop/Development/khmer-handwritten-word-recognition/data/handwritten_external/W001/crops_processed/W001_P003_0121.png,,0,True,48,38,56.2029,0.315789,reject,empty_label,W001
W001_P003_0122,crops_raw/W001_P003_0122.png,page_003.png,W001,637,624,688,656,,,0.5,0.95,True,pending,Unmatched candidate — human transcription required,data/handwritten_external/W001/metadata.csv,486,/Users/macbookpro/Desktop/Development/khmer-handwritten-word-recognition/data/handwritten_external/W001/crops_processed/W001_P003_0122.png,,0,True,51,32,56.4497,0.264706,reject,empty_label,W001
W001_P003_0127,crops_raw/W001_P003_0127.png,page_003.png,W001,536,627,688,686,,,0.5,0.95,True,pending,Unmatched candidate — human transcription required,data/handwritten_external/W001/metadata.csv,491,/Users/macbookpro/Desktop/Development/khmer-handwritten-word-recognition/data/handwritten_external/W001/crops_processed/W001_P003_0127.png,,0,True,152,59,58.5417,0.320584,reject,empty_label,W001
W001_P003_0135,crops_raw/W001_P003_0135.png,page_003.png,W001,576,671,669,725,,,0.5,0.95,True,pending,Unmatched candidate — human transcription required,data/handwritten_external/W001/metadata.csv,499,/Users/macbookpro/Desktop/Development/khmer-handwritten-word-recognition/data/handwritten_external/W001/crops_processed/W001_P003_0135.png,,0,True,93,54,53.0135,0.271207,reject,empty_label,W001
W001_P003_0142,crops_raw/W001_P003_0142.png,page_003.png,W001,632,693,677,740,,,0.5,0.95,True,pending,Unmatched candidate — human transcription required,data/handwritten_external/W001/metadata.csv,506,/Users/macbookpro/Desktop/Development/khmer-handwritten-word-recognition/data/handwritten_external/W001/crops_processed/W001_P003_0142.png,,0,True,45,47,61.7827,0.356974,reject,empty_label,W001
W001_P003_0143,crops_raw/W001_P003_0143.png,page_003.png,W001,665,701,688,724,,,0.5,0.8,True,pending,Unmatched candidate — human transcription required,data/handwritten_external/W001/metadata.csv,507,/Users/macbookpro/Desktop/Development/khmer-handwritten-word-recognition/data/handwritten_external/W001/crops_processed/W001_P003_0143.png,,0,True,23,23,67.8499,0.570888,reject,empty_label,W001
W001_P003_0149,crops_raw/W001_P003_0149.png,page_003.png,W001,652,717,688,750,,,0.5,0.95,True,pending,Unmatched candidate — human transcription required,data/handwritten_external/W001/metadata.csv,513,/Users/macbookpro/Desktop/Development/khmer-handwritten-word-recognition/data/handwritten_external/W001/crops_processed/W001_P003_0149.png,,0,True,36,33,65.0165,0.409933,reject,empty_label,W001
W001_P003_0155,crops_raw/W001_P003_0155.png,page_003.png,W001,456,745,543,790,,,0.5,0.95,True,pending,Unmatched candidate — human transcription required,data/handwritten_external/W001/metadata.csv,519,/Users/macbookpro/Desktop/Development/khmer-handwritten-word-recognition/data/handwritten_external/W001/crops_processed/W001_P003_0155.png,,0,True,87,45,49.8657,0.23908,reject,empty_label,W001
W001_P003_0156,crops_raw/W001_P003_0156.png,page_003.png,W001,535,742,641,787,,,0.5,0.95,True,pending,Unmatched candidate — human transcription required,data/handwritten_external/W001/metadata.csv,520,/Users/macbookpro/Desktop/Development/khmer-handwritten-word-recognition/data/handwritten_external/W001/crops_processed/W001_P003_0156.png,,0,True,106,45,51.4233,0.224319,reject,empty_label,W001
W001_P003_0157,crops_raw/W001_P003_0157.png,page_003.png,W001,633,745,681,776,,,0.5,0.95,True,pending,Unmatched candidate — human transcription required,data/handwritten_external/W001/metadata.csv,521,/Users/macbookpro/Desktop/Development/khmer-handwritten-word-recognition/data/handwritten_external/W001/crops_processed/W001_P003_0157.png,,0,True,48,31,47.6737,0.204301,reject,empty_label,W001
W001_P003_0165,crops_raw/W001_P003_0165.png,page_003.png,W001,579,775,620,811,,,0.5,0.95,True,pending,Unmatched candidate — human transcription required,data/handwritten_external/W001/metadata.csv,529,/Users/macbookpro/Desktop/Development/khmer-handwritten-word-recognition/data/handwritten_external/W001/crops_processed/W001_P003_0165.png,,0,True,41,36,54.7359,0.300813,reject,empty_label,W001
W001_P003_0166,crops_raw/W001_P003_0166.png,page_003.png,W001,612,770,688,810,,,0.5,0.95,True,pending,Unmatched candidate — human transcription required,data/handwritten_external/W001/metadata.csv,530,/Users/macbookpro/Desktop/Development/khmer-handwritten-word-recognition/data/handwritten_external/W001/crops_processed/W001_P003_0166.png,,0,True,76,40,50.8259,0.235855,reject,empty_label,W001
W001_P003_0173,crops_raw/W001_P003_0173.png,page_003.png,W001,479,796,547,825,,,0.5,0.95,True,pending,Unmatched candidate — human transcription required,data/handwritten_external/W001/metadata.csv,537,/Users/macbookpro/Desktop/Development/khmer-handwritten-word-recognition/data/handwritten_external/W001/crops_processed/W001_P003_0173.png,,0,True,68,29,56.1967,0.276369,reject,empty_label,W001
W001_P003_0174,crops_raw/W001_P003_0174.png,page_003.png,W001,535,793,597,826,,,0.5,0.95,True,pending,Unmatched candidate — human transcription required,data/handwritten_external/W001/metadata.csv,538,/Users/macbookpro/Desktop/Development/khmer-handwritten-word-recognition/data/handwritten_external/W001/crops_processed/W001_P003_0174.png,,0,True,62,33,54.6926,0.285435,reject,empty_label,W001
W001_P003_0175,crops_raw/W001_P003_0175.png,page_003.png,W001,585,801,651,826,,,0.5,0.95,True,pending,Unmatched candidate — human transcription required,data/handwritten_external/W001/metadata.csv,539,/Users/macbookpro/Desktop/Development/khmer-handwritten-word-recognition/data/handwritten_external/W001/crops_processed/W001_P003_0175.png,,0,True,66,25,54.8788,0.292121,reject,empty_label,W001
W001_P003_0176,crops_raw/W001_P003_0176.png,page_003.png,W001,652,801,688,826,,,0.5,0.95,True,pending,Unmatched candidate — human transcription required,data/handwritten_external/W001/metadata.csv,540,/Users/macbookpro/Desktop/Development/khmer-handwritten-word-recognition/data/handwritten_external/W001/crops_processed/W001_P003_0176.png,,0,True,36,25,57.83,0.341111,reject,empty_label,W001
W001_P003_0182,crops_raw/W001_P003_0182.png,page_003.png,W001,529,814,688,852,,,0.5,0.95,True,pending,Unmatched candidate — human transcription required,data/handwritten_external/W001/metadata.csv,546,/Users/macbookpro/Desktop/Development/khmer-handwritten-word-recognition/data/handwritten_external/W001/crops_processed/W001_P003_0182.png,,0,True,159,38,55.1949,0.278054,reject,empty_label,W001
W001_P003_0188,crops_raw/W001_P003_0188.png,page_003.png,W001,525,851,578,877,,,0.5,0.95,True,pending,Unmatched candidate — human transcription required,data/handwritten_external/W001/metadata.csv,552,/Users/macbookpro/Desktop/Development/khmer-handwritten-word-recognition/data/handwritten_external/W001/crops_processed/W001_P003_0188.png,,0,True,53,26,55.0055,0.261974,reject,empty_label,W001
W001_P003_0189,crops_raw/W001_P003_0189.png,page_003.png,W001,573,842,617,875,,,0.5,0.95,True,pending,Unmatched candidate — human transcription required,data/handwritten_external/W001/metadata.csv,553,/Users/macbookpro/Desktop/Development/khmer-handwritten-word-recognition/data/handwritten_external/W001/crops_processed/W001_P003_0189.png,,0,True,44,33,54.1405,0.294077,reject,empty_label,W001
W001_P003_0190,crops_raw/W001_P003_0190.png,page_003.png,W001,605,847,685,884,,,0.5,0.95,True,pending,Unmatched candidate — human transcription required,data/handwritten_external/W001/metadata.csv,554,/Users/macbookpro/Desktop/Development/khmer-handwritten-word-recognition/data/handwritten_external/W001/crops_processed/W001_P003_0190.png,,0,True,80,37,43.8049,0.170946,reject,empty_label,W001
W001_P003_0196,crops_raw/W001_P003_0196.png,page_003.png,W001,502,876,549,915,,,0.5,0.95,True,pending,Unmatched candidate — human transcription required,data/handwritten_external/W001/metadata.csv,560,/Users/macbookpro/Desktop/Development/khmer-handwritten-word-recognition/data/handwritten_external/W001/crops_processed/W001_P003_0196.png,,0,True,47,39,58.0621,0.330606,reject,empty_label,W001
W001_P003_0197,crops_raw/W001_P003_0197.png,page_003.png,W001,539,875,623,902,,,0.5,0.95,True,pending,Unmatched candidate — human transcription required,data/handwritten_external/W001/metadata.csv,561,/Users/macbookpro/Desktop/Development/khmer-handwritten-word-recognition/data/handwritten_external/W001/crops_processed/W001_P003_0197.png,,0,True,84,27,56.7021,0.265432,reject,empty_label,W001
W001_P003_0198,crops_raw/W001_P003_0198.png,page_003.png,W001,617,873,688,900,,,0.5,0.95,True,pending,Unmatched candidate — human transcription required,data/handwritten_external/W001/metadata.csv,562,/Users/macbookpro/Desktop/Development/khmer-handwritten-word-recognition/data/handwritten_external/W001/crops_processed/W001_P003_0198.png,,0,True,71,27,56.4915,0.284298,reject,empty_label,W001
W001_P003_0203,crops_raw/W001_P003_0203.png,page_003.png,W001,411,900,456,934,,,0.5,0.95,True,pending,Unmatched candidate — human transcription required,data/handwritten_external/W001/metadata.csv,567,/Users/macbookpro/Desktop/Development/khmer-handwritten-word-recognition/data/handwritten_external/W001/crops_processed/W001_P003_0203.png,,0,True,45,34,51.4608,0.252941,reject,empty_label,W001
W001_P003_0204,crops_raw/W001_P003_0204.png,page_003.png,W001,444,895,515,939,,,0.5,0.95,True,pending,Unmatched candidate — human transcription required,data/handwritten_external/W001/metadata.csv,568,/Users/macbookpro/Desktop/Development/khmer-handwritten-word-recognition/data/handwritten_external/W001/crops_processed/W001_P003_0204.png,,0,True,71,44,53.1812,0.298015,reject,empty_label,W001
W001_P003_0205,crops_raw/W001_P003_0205.png,page_003.png,W001,534,896,688,951,,,0.5,0.95,True,pending,Unmatched candidate — human transcription required,data/handwritten_external/W001/metadata.csv,569,/Users/macbookpro/Desktop/Development/khmer-handwritten-word-recognition/data/handwritten_external/W001/crops_processed/W001_P003_0205.png,,0,True,154,55,60.4235,0.320189,reject,empty_label,W001
W001_P003_0211,crops_raw/W001_P003_0211.png,page_003.png,W001,569,920,651,962,,,0.5,0.95,True,pending,Unmatched candidate — human transcription required,data/handwritten_external/W001/metadata.csv,575,/Users/macbookpro/Desktop/Development/khmer-handwritten-word-recognition/data/handwritten_external/W001/crops_processed/W001_P003_0211.png,,0,True,82,42,44.0867,0.256969,reject,empty_label,W001
W001_P003_0212,crops_raw/W001_P003_0212.png,page_003.png,W001,642,922,688,949,,,0.5,0.95,True,pending,Unmatched candidate — human transcription required,data/handwritten_external/W001/metadata.csv,576,/Users/macbookpro/Desktop/Development/khmer-handwritten-word-recognition/data/handwritten_external/W001/crops_processed/W001_P003_0212.png,,0,True,46,27,61.6097,0.359098,reject,empty_label,W001
W001_P003_0221,crops_raw/W001_P003_0221.png,page_003.png,W001,562,946,634,981,,,0.5,0.95,True,pending,Unmatched candidate — human transcription required,data/handwritten_external/W001/metadata.csv,585,/Users/macbookpro/Desktop/Development/khmer-handwritten-word-recognition/data/handwritten_external/W001/crops_processed/W001_P003_0221.png,,0,True,72,35,51.9167,0.255159,reject,empty_label,W001
W001_P003_0222,crops_raw/W001_P003_0222.png,page_003.png,W001,629,952,665,983,,,0.5,0.95,True,pending,Unmatched candidate — human transcription required,data/handwritten_external/W001/metadata.csv,586,/Users/macbookpro/Desktop/Development/khmer-handwritten-word-recognition/data/handwritten_external/W001/crops_processed/W001_P003_0222.png,,0,True,36,31,52.6953,0.306452,reject,empty_label,W001
W001_P003_0223,crops_raw/W001_P003_0223.png,page_003.png,W001,658,948,688,975,,,0.5,0.8,True,pending,Unmatched candidate — human transcription required,data/handwritten_external/W001/metadata.csv,587,/Users/macbookpro/Desktop/Development/khmer-handwritten-word-recognition/data/handwritten_external/W001/crops_processed/W001_P003_0223.png,,0,True,30,27,58.6364,0.28642,reject,empty_label,W001
W001_P003_0229,crops_raw/W001_P003_0229.png,page_003.png,W001,439,977,513,1002,,,0.5,0.95,True,pending,Unmatched candidate — human transcription required,data/handwritten_external/W001/metadata.csv,593,/Users/macbookpro/Desktop/Development/khmer-handwritten-word-recognition/data/handwritten_external/W001/crops_processed/W001_P003_0229.png,,0,True,74,25,58.1102,0.288108,reject,empty_label,W001
W001_P003_0230,crops_raw/W001_P003_0230.png,page_003.png,W001,505,965,542,1000,,,0.5,0.95,True,pending,Unmatched candidate — human transcription required,data/handwritten_external/W001/metadata.csv,594,/Users/macbookpro/Desktop/Development/khmer-handwritten-word-recognition/data/handwritten_external/W001/crops_processed/W001_P003_0230.png,,0,True,37,35,59.8231,0.442471,reject,empty_label,W001
W001_P003_0231,crops_raw/W001_P003_0231.png,page_003.png,W001,533,967,583,1001,,,0.5,0.95,True,pending,Unmatched candidate — human transcription required,data/handwritten_external/W001/metadata.csv,595,/Users/macbookpro/Desktop/Development/khmer-handwritten-word-recognition/data/handwritten_external/W001/crops_processed/W001_P003_0231.png,,0,True,50,34,48.0392,0.247059,reject,empty_label,W001
W001_P003_0232,crops_raw/W001_P003_0232.png,page_003.png,W001,577,969,620,1001,,,0.5,0.95,True,pending,Unmatched candidate — human transcription required,data/handwritten_external/W001/metadata.csv,596,/Users/macbookpro/Desktop/Development/khmer-handwritten-word-recognition/data/handwritten_external/W001/crops_processed/W001_P003_0232.png,,0,True,43,32,55.3447,0.311047,reject,empty_label,W001
W001_P003_0233,crops_raw/W001_P003_0233.png,page_003.png,W001,611,973,661,1014,,,0.5,0.95,True,pending,Unmatched candidate — human transcription required,data/handwritten_external/W001/metadata.csv,597,/Users/macbookpro/Desktop/Development/khmer-handwritten-word-recognition/data/handwritten_external/W001/crops_processed/W001_P003_0233.png,,0,True,50,41,53.1674,0.242439,reject,empty_label,W001
W001_P004_0027,crops_raw/W001_P004_0027.png,page_004.png,W001,661,310,688,339,,,0.5,0.8,True,pending,Unmatched candidate — human transcription required,data/handwritten_external/W001/metadata.csv,624,/Users/macbookpro/Desktop/Development/khmer-handwritten-word-recognition/data/handwritten_external/W001/crops_processed/W001_P004_0027.png,,0,True,27,29,63.9138,0.37931,reject,empty_label,W001
W001_P004_0032,crops_raw/W001_P004_0032.png,page_004.png,W001,399,336,516,378,,,0.5,0.95,True,pending,Unmatched candidate — human transcription required,data/handwritten_external/W001/metadata.csv,629,/Users/macbookpro/Desktop/Development/khmer-handwritten-word-recognition/data/handwritten_external/W001/crops_processed/W001_P004_0032.png,,0,True,117,42,53.1313,0.243183,reject,empty_label,W001
W001_P004_0033,crops_raw/W001_P004_0033.png,page_004.png,W001,513,334,688,392,,,0.5,0.95,True,pending,Unmatched candidate — human transcription required,data/handwritten_external/W001/metadata.csv,630,/Users/macbookpro/Desktop/Development/khmer-handwritten-word-recognition/data/handwritten_external/W001/crops_processed/W001_P004_0033.png,,0,True,175,58,57.4784,0.278522,reject,empty_label,W001
W001_P004_0038,crops_raw/W001_P004_0038.png,page_004.png,W001,537,367,563,390,,,0.5,0.8,True,pending,Unmatched candidate — human transcription required,data/handwritten_external/W001/metadata.csv,635,/Users/macbookpro/Desktop/Development/khmer-handwritten-word-recognition/data/handwritten_external/W001/crops_processed/W001_P004_0038.png,,0,True,26,23,60.1046,0.481605,reject,empty_label,W001
W001_P004_0039,crops_raw/W001_P004_0039.png,page_004.png,W001,616,366,654,391,,,0.5,0.95,True,pending,Unmatched candidate — human transcription required,data/handwritten_external/W001/metadata.csv,636,/Users/macbookpro/Desktop/Development/khmer-handwritten-word-recognition/data/handwritten_external/W001/crops_processed/W001_P004_0039.png,,0,True,38,25,61.128,0.367368,reject,empty_label,W001
W001_P004_0040,crops_raw/W001_P004_0040.png,page_004.png,W001,664,368,688,390,,,0.5,0.8,True,pending,Unmatched candidate — human transcription required,data/handwritten_external/W001/metadata.csv,637,/Users/macbookpro/Desktop/Development/khmer-handwritten-word-recognition/data/handwritten_external/W001/crops_processed/W001_P004_0040.png,,0,True,24,22,64.955,0.486742,reject,empty_label,W001
W001_P004_0045,crops_raw/W001_P004_0045.png,page_004.png,W001,429,384,632,428,,,0.5,0.95,True,pending,Unmatched candidate — human transcription required,data/handwritten_external/W001/metadata.csv,642,/Users/macbookpro/Desktop/Development/khmer-handwritten-word-recognition/data/handwritten_external/W001/crops_processed/W001_P004_0045.png,,0,True,203,44,58.3667,0.274071,reject,empty_label,W001
W001_P004_0046,crops_raw/W001_P004_0046.png,page_004.png,W001,630,386,688,416,,,0.5,0.95,True,pending,Unmatched candidate — human transcription required,data/handwritten_external/W001/metadata.csv,643,/Users/macbookpro/Desktop/Development/khmer-handwritten-word-recognition/data/handwritten_external/W001/crops_processed/W001_P004_0046.png,,0,True,58,30,54.9719,0.263793,reject,empty_label,W001
W001_P004_0051,crops_raw/W001_P004_0051.png,page_004.png,W001,531,419,557,441,,,0.5,0.8,True,pending,Unmatched candidate — human transcription required,data/handwritten_external/W001/metadata.csv,648,/Users/macbookpro/Desktop/Development/khmer-handwritten-word-recognition/data/handwritten_external/W001/crops_processed/W001_P004_0051.png,,0,True,26,22,57.7399,0.412587,reject,empty_label,W001
W001_P004_0052,crops_raw/W001_P004_0052.png,page_004.png,W001,556,407,688,468,,,0.5,0.95,True,pending,Unmatched candidate — human transcription required,data/handwritten_external/W001/metadata.csv,649,/Users/macbookpro/Desktop/Development/khmer-handwritten-word-recognition/data/handwritten_external/W001/crops_processed/W001_P004_0052.png,,0,True,132,61,59.4824,0.317561,reject,empty_label,W001
W001_P004_0065,crops_raw/W001_P004_0065.png,page_004.png,W001,310,463,457,501,,,0.5,0.85,True,pending,Unmatched candidate — human transcription required,data/handwritten_external/W001/metadata.csv,662,/Users/macbookpro/Desktop/Development/khmer-handwritten-word-recognition/data/handwritten_external/W001/crops_processed/W001_P004_0065.png,,0,True,147,38,48.5849,0.229681,reject,empty_label,W001
W001_P004_0066,crops_raw/W001_P004_0066.png,page_004.png,W001,500,462,558,492,,,0.5,0.95,True,pending,Unmatched candidate — human transcription required,data/handwritten_external/W001/metadata.csv,663,/Users/macbookpro/Desktop/Development/khmer-handwritten-word-recognition/data/handwritten_external/W001/crops_processed/W001_P004_0066.png,,0,True,58,30,54.3876,0.253448,reject,empty_label,W001
W001_P004_0067,crops_raw/W001_P004_0067.png,page_004.png,W001,552,465,645,499,,,0.5,0.95,True,pending,Unmatched candidate — human transcription required,data/handwritten_external/W001/metadata.csv,664,/Users/macbookpro/Desktop/Development/khmer-handwritten-word-recognition/data/handwritten_external/W001/crops_processed/W001_P004_0067.png,,0,True,93,34,47.0927,0.194813,reject,empty_label,W001
W001_P004_0068,crops_raw/W001_P004_0068.png,page_004.png,W001,647,469,688,495,,,0.5,0.95,True,pending,Unmatched candidate — human transcription required,data/handwritten_external/W001/metadata.csv,665,/Users/macbookpro/Desktop/Development/khmer-handwritten-word-recognition/data/handwritten_external/W001/crops_processed/W001_P004_0068.png,,0,True,41,26,58.9852,0.331144,reject,empty_label,W001
W001_P004_0076,crops_raw/W001_P004_0076.png,page_004.png,W001,603,494,688,530,,,0.5,0.95,True,pending,Unmatched candidate — human transcription required,data/handwritten_external/W001/metadata.csv,673,/Users/macbookpro/Desktop/Development/khmer-handwritten-word-recognition/data/handwritten_external/W001/crops_processed/W001_P004_0076.png,,0,True,85,36,50.4123,0.242484,reject,empty_label,W001
W001_P004_0082,crops_raw/W001_P004_0082.png,page_004.png,W001,542,521,590,550,,,0.5,0.95,True,pending,Unmatched candidate — human transcription required,data/handwritten_external/W001/metadata.csv,679,/Users/macbookpro/Desktop/Development/khmer-handwritten-word-recognition/data/handwritten_external/W001/crops_processed/W001_P004_0082.png,,0,True,48,29,54.3751,0.259339,reject,empty_label,W001
W001_P004_0083,crops_raw/W001_P004_0083.png,page_004.png,W001,580,517,664,544,,,0.5,0.95,True,pending,Unmatched candidate — human transcription required,data/handwritten_external/W001/metadata.csv,680,/Users/macbookpro/Desktop/Development/khmer-handwritten-word-recognition/data/handwritten_external/W001/crops_processed/W001_P004_0083.png,,0,True,84,27,52.3676,0.257055,reject,empty_label,W001
W001_P004_0089,crops_raw/W001_P004_0089.png,page_004.png,W001,649,545,688,570,,,0.5,0.95,True,pending,Unmatched candidate — human transcription required,data/handwritten_external/W001/metadata.csv,686,/Users/macbookpro/Desktop/Development/khmer-handwritten-word-recognition/data/handwritten_external/W001/crops_processed/W001_P004_0089.png,,0,True,39,25,61.2212,0.325128,reject,empty_label,W001
W001_P004_0094,crops_raw/W001_P004_0094.png,page_004.png,W001,453,565,586,602,,,0.5,0.95,True,pending,Unmatched candidate — human transcription required,data/handwritten_external/W001/metadata.csv,691,/Users/macbookpro/Desktop/Development/khmer-handwritten-word-recognition/data/handwritten_external/W001/crops_processed/W001_P004_0094.png,,0,True,133,37,49.9725,0.195692,reject,empty_label,W001
W001_P004_0095,crops_raw/W001_P004_0095.png,page_004.png,W001,575,569,647,596,,,0.5,0.95,True,pending,Unmatched candidate — human transcription required,data/handwritten_external/W001/metadata.csv,692,/Users/macbookpro/Desktop/Development/khmer-handwritten-word-recognition/data/handwritten_external/W001/crops_processed/W001_P004_0095.png,,0,True,72,27,54.1206,0.233539,reject,empty_label,W001
W001_P004_0096,crops_raw/W001_P004_0096.png,page_004.png,W001,640,571,688,602,,,0.5,0.95,True,pending,Unmatched candidate — human transcription required,data/handwritten_external/W001/metadata.csv,693,/Users/macbookpro/Desktop/Development/khmer-handwritten-word-recognition/data/handwritten_external/W001/crops_processed/W001_P004_0096.png,,0,True,48,31,56.9184,0.280914,reject,empty_label,W001
W001_P004_0103,crops_raw/W001_P004_0103.png,page_004.png,W001,442,596,543,626,,,0.5,0.95,True,pending,Unmatched candidate — human transcription required,data/handwritten_external/W001/metadata.csv,700,/Users/macbookpro/Desktop/Development/khmer-handwritten-word-recognition/data/handwritten_external/W001/crops_processed/W001_P004_0103.png,,0,True,101,30,48.1527,0.206931,reject,empty_label,W001
W001_P004_0104,crops_raw/W001_P004_0104.png,page_004.png,W001,536,592,688,634,,,0.5,0.95,True,pending,Unmatched candidate — human transcription required,data/handwritten_external/W001/metadata.csv,701,/Users/macbookpro/Desktop/Development/khmer-handwritten-word-recognition/data/handwritten_external/W001/crops_processed/W001_P004_0104.png,,0,True,152,42,55.2975,0.283835,reject,empty_label,W001
W001_P004_0116,crops_raw/W001_P004_0116.png,page_004.png,W001,544,642,623,703,,,0.5,0.95,True,pending,Unmatched candidate — human transcription required,data/handwritten_external/W001/metadata.csv,713,/Users/macbookpro/Desktop/Development/khmer-handwritten-word-recognition/data/handwritten_external/W001/crops_processed/W001_P004_0116.png,,0,True,79,61,51.9362,0.241751,reject,empty_label,W001
W001_P004_0117,crops_raw/W001_P004_0117.png,page_004.png,W001,612,643,668,681,,,0.5,0.95,True,pending,Unmatched candidate — human transcription required,data/handwritten_external/W001/metadata.csv,714,/Users/macbookpro/Desktop/Development/khmer-handwritten-word-recognition/data/handwritten_external/W001/crops_processed/W001_P004_0117.png,,0,True,56,38,53.4408,0.257519,reject,empty_label,W001
W001_P004_0118,crops_raw/W001_P004_0118.png,page_004.png,W001,659,648,688,670,,,0.5,0.8,True,pending,Unmatched candidate — human transcription required,data/handwritten_external/W001/metadata.csv,715,/Users/macbookpro/Desktop/Development/khmer-handwritten-word-recognition/data/handwritten_external/W001/crops_processed/W001_P004_0118.png,,0,True,29,22,61.5077,0.448276,reject,empty_label,W001
W001_P004_0124,crops_raw/W001_P004_0124.png,page_004.png,W001,467,673,534,704,,,0.5,0.95,True,pending,Unmatched candidate — human transcription required,data/handwritten_external/W001/metadata.csv,721,/Users/macbookpro/Desktop/Development/khmer-handwritten-word-recognition/data/handwritten_external/W001/crops_processed/W001_P004_0124.png,,0,True,67,31,53.3375,0.242176,reject,empty_label,W001
W001_P004_0125,crops_raw/W001_P004_0125.png,page_004.png,W001,541,673,573,710,,,0.5,0.8,True,pending,Unmatched candidate — human transcription required,data/handwritten_external/W001/metadata.csv,722,/Users/macbookpro/Desktop/Development/khmer-handwritten-word-recognition/data/handwritten_external/W001/crops_processed/W001_P004_0125.png,,0,True,32,37,63.2514,0.420608,reject,empty_label,W001
W001_P004_0126,crops_raw/W001_P004_0126.png,page_004.png,W001,600,667,688,706,,,0.5,0.95,True,pending,Unmatched candidate — human transcription required,data/handwritten_external/W001/metadata.csv,723,/Users/macbookpro/Desktop/Development/khmer-handwritten-word-recognition/data/handwritten_external/W001/crops_processed/W001_P004_0126.png,,0,True,88,39,47.3278,0.234848,reject,empty_label,W001
W001_P004_0132,crops_raw/W001_P004_0132.png,page_004.png,W001,624,694,688,723,,,0.5,0.95,True,pending,Unmatched candidate — human transcription required,data/handwritten_external/W001/metadata.csv,729,/Users/macbookpro/Desktop/Development/khmer-handwritten-word-recognition/data/handwritten_external/W001/crops_processed/W001_P004_0132.png,,0,True,64,29,58.3801,0.286638,reject,empty_label,W001
W001_P004_0138,crops_raw/W001_P004_0138.png,page_004.png,W001,454,719,566,775,,,0.5,0.95,True,pending,Unmatched candidate — human transcription required,data/handwritten_external/W001/metadata.csv,735,/Users/macbookpro/Desktop/Development/khmer-handwritten-word-recognition/data/handwritten_external/W001/crops_processed/W001_P004_0138.png,,0,True,112,56,58.6182,0.315051,reject,empty_label,W001
W001_P004_0139,crops_raw/W001_P004_0139.png,page_004.png,W001,564,716,672,748,,,0.5,0.95,True,pending,Unmatched candidate — human transcription required,data/handwritten_external/W001/metadata.csv,736,/Users/macbookpro/Desktop/Development/khmer-handwritten-word-recognition/data/handwritten_external/W001/crops_processed/W001_P004_0139.png,,0,True,108,32,47.0871,0.184028,reject,empty_label,W001
W001_P004_0140,crops_raw/W001_P004_0140.png,page_004.png,W001,660,724,688,759,,,0.5,0.8,True,pending,Unmatched candidate — human transcription required,data/handwritten_external/W001/metadata.csv,737,/Users/macbookpro/Desktop/Development/khmer-handwritten-word-recognition/data/handwritten_external/W001/crops_processed/W001_P004_0140.png,,0,True,28,35,64.3888,0.455102,reject,empty_label,W001
W001_P004_0160,crops_raw/W001_P004_0160.png,page_004.png,W001,553,793,612,824,,,0.5,0.95,True,pending,Unmatched candidate — human transcription required,data/handwritten_external/W001/metadata.csv,757,/Users/macbookpro/Desktop/Development/khmer-handwritten-word-recognition/data/handwritten_external/W001/crops_processed/W001_P004_0160.png,,0,True,59,31,53.618,0.248223,reject,empty_label,W001
W001_P004_0161,crops_raw/W001_P004_0161.png,page_004.png,W001,628,797,688,835,,,0.5,0.95,True,pending,Unmatched candidate — human transcription required,data/handwritten_external/W001/metadata.csv,758,/Users/macbookpro/Desktop/Development/khmer-handwritten-word-recognition/data/handwritten_external/W001/crops_processed/W001_P004_0161.png,,0,True,60,38,61.02,0.337719,reject,empty_label,W001
W001_P004_0168,crops_raw/W001_P004_0168.png,page_004.png,W001,602,822,669,855,,,0.5,0.95,True,pending,Unmatched candidate — human transcription required,data/handwritten_external/W001/metadata.csv,765,/Users/macbookpro/Desktop/Development/khmer-handwritten-word-recognition/data/handwritten_external/W001/crops_processed/W001_P004_0168.png,,0,True,67,33,55.7294,0.258706,reject,empty_label,W001
W001_P004_0169,crops_raw/W001_P004_0169.png,page_004.png,W001,658,824,688,854,,,0.5,0.8,True,pending,Unmatched candidate — human transcription required,data/handwritten_external/W001/metadata.csv,766,/Users/macbookpro/Desktop/Development/khmer-handwritten-word-recognition/data/handwritten_external/W001/crops_processed/W001_P004_0169.png,,0,True,30,30,62.5893,0.404444,reject,empty_label,W001
W001_P004_0175,crops_raw/W001_P004_0175.png,page_004.png,W001,570,846,660,885,,,0.5,0.95,True,pending,Unmatched candidate — human transcription required,data/handwritten_external/W001/metadata.csv,772,/Users/macbookpro/Desktop/Development/khmer-handwritten-word-recognition/data/handwritten_external/W001/crops_processed/W001_P004_0175.png,,0,True,90,39,49.7146,0.236467,reject,empty_label,W001
W001_P004_0176,crops_raw/W001_P004_0176.png,page_004.png,W001,651,846,688,873,,,0.5,0.95,True,pending,Unmatched candidate — human transcription required,data/handwritten_external/W001/metadata.csv,773,/Users/macbookpro/Desktop/Development/khmer-handwritten-word-recognition/data/handwritten_external/W001/crops_processed/W001_P004_0176.png,,0,True,37,27,57.1059,0.309309,reject,empty_label,W001
W001_P004_0183,crops_raw/W001_P004_0183.png,page_004.png,W001,542,871,616,899,,,0.5,0.95,True,pending,Unmatched candidate — human transcription required,data/handwritten_external/W001/metadata.csv,780,/Users/macbookpro/Desktop/Development/khmer-handwritten-word-recognition/data/handwritten_external/W001/crops_processed/W001_P004_0183.png,,0,True,74,28,57.1898,0.270753,reject,empty_label,W001
W001_P004_0184,crops_raw/W001_P004_0184.png,page_004.png,W001,613,872,688,921,,,0.5,0.95,True,pending,Unmatched candidate — human transcription required,data/handwritten_external/W001/metadata.csv,781,/Users/macbookpro/Desktop/Development/khmer-handwritten-word-recognition/data/handwritten_external/W001/crops_processed/W001_P004_0184.png,,0,True,75,49,46.2508,0.211156,reject,empty_label,W001
W001_P004_0191,crops_raw/W001_P004_0191.png,page_004.png,W001,599,897,644,928,,,0.5,0.95,True,pending,Unmatched candidate — human transcription required,data/handwritten_external/W001/metadata.csv,788,/Users/macbookpro/Desktop/Development/khmer-handwritten-word-recognition/data/handwritten_external/W001/crops_processed/W001_P004_0191.png,,0,True,45,31,58.4375,0.316846,reject,empty_label,W001
W001_P004_0196,crops_raw/W001_P004_0196.png,page_004.png,W001,515,915,565,946,,,0.5,0.85,True,pending,Unmatched candidate — human transcription required,data/handwritten_external/W001/metadata.csv,793,/Users/macbookpro/Desktop/Development/khmer-handwritten-word-recognition/data/handwritten_external/W001/crops_processed/W001_P004_0196.png,,0,True,50,31,51.9284,0.24,reject,empty_label,W001
W001_P004_0197,crops_raw/W001_P004_0197.png,page_004.png,W001,552,915,688,947,,,0.5,0.85,True,pending,Unmatched candidate — human transcription required,data/handwritten_external/W001/metadata.csv,794,/Users/macbookpro/Desktop/Development/khmer-handwritten-word-recognition/data/handwritten_external/W001/crops_processed/W001_P004_0197.png,,0,True,136,32,48.9639,0.203814,reject,empty_label,W001
W001_P004_0204,crops_raw/W001_P004_0204.png,page_004.png,W001,658,948,688,973,,,0.5,0.8,True,pending,Unmatched candidate — human transcription required,data/handwritten_external/W001/metadata.csv,801,/Users/macbookpro/Desktop/Development/khmer-handwritten-word-recognition/data/handwritten_external/W001/crops_processed/W001_P004_0204.png,,0,True,30,25,60.6931,0.36,reject,empty_label,W001
W001_P004_0210,crops_raw/W001_P004_0210.png,page_004.png,W001,512,971,663,998,,,0.5,0.95,True,pending,Unmatched candidate — human transcription required,data/handwritten_external/W001/metadata.csv,807,/Users/macbookpro/Desktop/Development/khmer-handwritten-word-recognition/data/handwritten_external/W001/crops_processed/W001_P004_0210.png,,0,True,151,27,44.498,0.227373,reject,empty_label,W001
W001_P005_0013,crops_raw/W001_P005_0013.png,page_005.png,W001,426,249,520,288,,,0.5,0.95,True,pending,Unmatched candidate — human transcription required,data/handwritten_external/W001/metadata.csv,820,/Users/macbookpro/Desktop/Development/khmer-handwritten-word-recognition/data/handwritten_external/W001/crops_processed/W001_P005_0013.png,,0,True,94,39,55.689,0.241135,reject,empty_label,W001
W001_P005_0014,crops_raw/W001_P005_0014.png,page_005.png,W001,520,253,600,286,,,0.5,0.95,True,pending,Unmatched candidate — human transcription required,data/handwritten_external/W001/metadata.csv,821,/Users/macbookpro/Desktop/Development/khmer-handwritten-word-recognition/data/handwritten_external/W001/crops_processed/W001_P005_0014.png,,0,True,80,33,53.2376,0.210985,reject,empty_label,W001
W001_P005_0015,crops_raw/W001_P005_0015.png,page_005.png,W001,593,253,655,278,,,0.5,0.95,True,pending,Unmatched candidate — human transcription required,data/handwritten_external/W001/metadata.csv,822,/Users/macbookpro/Desktop/Development/khmer-handwritten-word-recognition/data/handwritten_external/W001/crops_processed/W001_P005_0015.png,,0,True,62,25,61.7411,0.315484,reject,empty_label,W001
W001_P005_0022,crops_raw/W001_P005_0022.png,page_005.png,W001,418,272,518,315,,,0.5,0.95,True,pending,Unmatched candidate — human transcription required,data/handwritten_external/W001/metadata.csv,829,/Users/macbookpro/Desktop/Development/khmer-handwritten-word-recognition/data/handwritten_external/W001/crops_processed/W001_P005_0022.png,,0,True,100,43,55.2074,0.216977,reject,empty_label,W001
W001_P005_0023,crops_raw/W001_P005_0023.png,page_005.png,W001,511,280,590,306,,,0.5,0.95,True,pending,Unmatched candidate — human transcription required,data/handwritten_external/W001/metadata.csv,830,/Users/macbookpro/Desktop/Development/khmer-handwritten-word-recognition/data/handwritten_external/W001/crops_processed/W001_P005_0023.png,,0,True,79,26,59.7982,0.261441,reject,empty_label,W001
W001_P005_0024,crops_raw/W001_P005_0024.png,page_005.png,W001,585,274,688,315,,,0.5,0.95,True,pending,Unmatched candidate — human transcription required,data/handwritten_external/W001/metadata.csv,831,/Users/macbookpro/Desktop/Development/khmer-handwritten-word-recognition/data/handwritten_external/W001/crops_processed/W001_P005_0024.png,,0,True,103,41,56.1706,0.222591,reject,empty_label,W001
W001_P005_0031,crops_raw/W001_P005_0031.png,page_005.png,W001,610,303,688,337,,,0.5,0.95,True,pending,Unmatched candidate — human transcription required,data/handwritten_external/W001/metadata.csv,838,/Users/macbookpro/Desktop/Development/khmer-handwritten-word-recognition/data/handwritten_external/W001/crops_processed/W001_P005_0031.png,,0,True,78,34,57.8437,0.242081,reject,empty_label,W001
W001_P005_0037,crops_raw/W001_P005_0037.png,page_005.png,W001,516,328,607,356,,,0.5,0.95,True,pending,Unmatched candidate — human transcription required,data/handwritten_external/W001/metadata.csv,844,/Users/macbookpro/Desktop/Development/khmer-handwritten-word-recognition/data/handwritten_external/W001/crops_processed/W001_P005_0037.png,,0,True,91,28,58.6799,0.256672,reject,empty_label,W001
W001_P005_0038,crops_raw/W001_P005_0038.png,page_005.png,W001,613,329,688,367,,,0.5,0.95,True,pending,Unmatched candidate — human transcription required,data/handwritten_external/W001/metadata.csv,845,/Users/macbookpro/Desktop/Development/khmer-handwritten-word-recognition/data/handwritten_external/W001/crops_processed/W001_P005_0038.png,,0,True,75,38,63.6347,0.341053,reject,empty_label,W001
W001_P005_0043,crops_raw/W001_P005_0043.png,page_005.png,W001,557,351,688,387,,,0.5,0.95,True,pending,Unmatched candidate — human transcription required,data/handwritten_external/W001/metadata.csv,850,/Users/macbookpro/Desktop/Development/khmer-handwritten-word-recognition/data/handwritten_external/W001/crops_processed/W001_P005_0043.png,,0,True,131,36,57.477,0.251908,reject,empty_label,W001
W001_P005_0049,crops_raw/W001_P005_0049.png,page_005.png,W001,496,373,627,406,,,0.5,0.95,True,pending,Unmatched candidate — human transcription required,data/handwritten_external/W001/metadata.csv,856,/Users/macbookpro/Desktop/Development/khmer-handwritten-word-recognition/data/handwritten_external/W001/crops_processed/W001_P005_0049.png,,0,True,131,33,52.1694,0.21536,reject,empty_label,W001
W001_P005_0050,crops_raw/W001_P005_0050.png,page_005.png,W001,617,376,688,418,,,0.5,0.95,True,pending,Unmatched candidate — human transcription required,data/handwritten_external/W001/metadata.csv,857,/Users/macbookpro/Desktop/Development/khmer-handwritten-word-recognition/data/handwritten_external/W001/crops_processed/W001_P005_0050.png,,0,True,71,42,58.9298,0.284038,reject,empty_label,W001
W001_P005_0057,crops_raw/W001_P005_0057.png,page_005.png,W001,523,398,568,432,,,0.5,0.95,True,pending,Unmatched candidate — human transcription required,data/handwritten_external/W001/metadata.csv,864,/Users/macbookpro/Desktop/Development/khmer-handwritten-word-recognition/data/handwritten_external/W001/crops_processed/W001_P005_0057.png,,0,True,45,34,58.664,0.35817,reject,empty_label,W001
W001_P005_0058,crops_raw/W001_P005_0058.png,page_005.png,W001,558,398,655,438,,,0.5,0.95,True,pending,Unmatched candidate — human transcription required,data/handwritten_external/W001/metadata.csv,865,/Users/macbookpro/Desktop/Development/khmer-handwritten-word-recognition/data/handwritten_external/W001/crops_processed/W001_P005_0058.png,,0,True,97,40,53.3417,0.219588,reject,empty_label,W001
W001_P005_0059,crops_raw/W001_P005_0059.png,page_005.png,W001,651,406,688,445,,,0.5,0.95,True,pending,Unmatched candidate — human transcription required,data/handwritten_external/W001/metadata.csv,866,/Users/macbookpro/Desktop/Development/khmer-handwritten-word-recognition/data/handwritten_external/W001/crops_processed/W001_P005_0059.png,,0,True,37,39,63.4053,0.341649,reject,empty_label,W001
W001_P005_0064,crops_raw/W001_P005_0064.png,page_005.png,W001,629,424,657,454,,,0.5,0.8,True,pending,Unmatched candidate — human transcription required,data/handwritten_external/W001/metadata.csv,871,/Users/macbookpro/Desktop/Development/khmer-handwritten-word-recognition/data/handwritten_external/W001/crops_processed/W001_P005_0064.png,,0,True,28,30,63.3073,0.45,reject,empty_label,W001
W001_P005_0065,crops_raw/W001_P005_0065.png,page_005.png,W001,645,430,677,463,,,0.5,0.8,True,pending,Unmatched candidate — human transcription required,data/handwritten_external/W001/metadata.csv,872,/Users/macbookpro/Desktop/Development/khmer-handwritten-word-recognition/data/handwritten_external/W001/crops_processed/W001_P005_0065.png,,0,True,32,33,61.6293,0.416667,reject,empty_label,W001
W001_P005_0070,crops_raw/W001_P005_0070.png,page_005.png,W001,368,457,412,491,,,0.5,0.95,True,pending,Unmatched candidate — human transcription required,data/handwritten_external/W001/metadata.csv,877,/Users/macbookpro/Desktop/Development/khmer-handwritten-word-recognition/data/handwritten_external/W001/crops_processed/W001_P005_0070.png,,0,True,44,34,58.3814,0.332219,reject,empty_label,W001
W001_P005_0071,crops_raw/W001_P005_0071.png,page_005.png,W001,415,459,470,483,,,0.5,0.95,True,pending,Unmatched candidate — human transcription required,data/handwritten_external/W001/metadata.csv,878,/Users/macbookpro/Desktop/Development/khmer-handwritten-word-recognition/data/handwritten_external/W001/crops_processed/W001_P005_0071.png,,0,True,55,24,66.953,0.45,reject,empty_label,W001
W001_P005_0072,crops_raw/W001_P005_0072.png,page_005.png,W001,500,458,580,482,,,0.5,0.95,True,pending,Unmatched candidate — human transcription required,data/handwritten_external/W001/metadata.csv,879,/Users/macbookpro/Desktop/Development/khmer-handwritten-word-recognition/data/handwritten_external/W001/crops_processed/W001_P005_0072.png,,0,True,80,24,66.8374,0.409375,reject,empty_label,W001
W001_P005_0073,crops_raw/W001_P005_0073.png,page_005.png,W001,584,451,688,492,,,0.5,0.95,True,pending,Unmatched candidate — human transcription required,data/handwritten_external/W001/metadata.csv,880,/Users/macbookpro/Desktop/Development/khmer-handwritten-word-recognition/data/handwritten_external/W001/crops_processed/W001_P005_0073.png,,0,True,104,41,53.8104,0.220216,reject,empty_label,W001
W001_P005_0079,crops_raw/W001_P005_0079.png,page_005.png,W001,560,477,637,507,,,0.5,0.85,True,pending,Unmatched candidate — human transcription required,data/handwritten_external/W001/metadata.csv,886,/Users/macbookpro/Desktop/Development/khmer-handwritten-word-recognition/data/handwritten_external/W001/crops_processed/W001_P005_0079.png,,0,True,77,30,56.5835,0.261472,reject,empty_label,W001
W001_P005_0080,crops_raw/W001_P005_0080.png,page_005.png,W001,635,476,688,505,,,0.5,0.95,True,pending,Unmatched candidate — human transcription required,data/handwritten_external/W001/metadata.csv,887,/Users/macbookpro/Desktop/Development/khmer-handwritten-word-recognition/data/handwritten_external/W001/crops_processed/W001_P005_0080.png,,0,True,53,29,53.9953,0.242681,reject,empty_label,W001
W001_P005_0087,crops_raw/W001_P005_0087.png,page_005.png,W001,466,504,495,532,,,0.5,0.8,True,pending,Unmatched candidate — human transcription required,data/handwritten_external/W001/metadata.csv,894,/Users/macbookpro/Desktop/Development/khmer-handwritten-word-recognition/data/handwritten_external/W001/crops_processed/W001_P005_0087.png,,0,True,29,28,65.4985,0.471675,reject,empty_label,W001
W001_P005_0088,crops_raw/W001_P005_0088.png,page_005.png,W001,542,503,633,543,,,0.5,0.95,True,pending,Unmatched candidate — human transcription required,data/handwritten_external/W001/metadata.csv,895,/Users/macbookpro/Desktop/Development/khmer-handwritten-word-recognition/data/handwritten_external/W001/crops_processed/W001_P005_0088.png,,0,True,91,40,50.637,0.192582,reject,empty_label,W001
W001_P005_0089,crops_raw/W001_P005_0089.png,page_005.png,W001,625,502,688,546,,,0.5,0.95,True,pending,Unmatched candidate — human transcription required,data/handwritten_external/W001/metadata.csv,896,/Users/macbookpro/Desktop/Development/khmer-handwritten-word-recognition/data/handwritten_external/W001/crops_processed/W001_P005_0089.png,,0,True,63,44,54.6308,0.246032,reject,empty_label,W001
W001_P005_0095,crops_raw/W001_P005_0095.png,page_005.png,W001,581,527,683,558,,,0.5,0.95,True,pending,Unmatched candidate — human transcription required,data/handwritten_external/W001/metadata.csv,902,/Users/macbookpro/Desktop/Development/khmer-handwritten-word-recognition/data/handwritten_external/W001/crops_processed/W001_P005_0095.png,,0,True,102,31,58.1799,0.248577,reject,empty_label,W001
W001_P005_0103,crops_raw/W001_P005_0103.png,page_005.png,W001,436,557,472,587,,,0.5,0.95,True,pending,Unmatched candidate — human transcription required,data/handwritten_external/W001/metadata.csv,910,/Users/macbookpro/Desktop/Development/khmer-handwritten-word-recognition/data/handwritten_external/W001/crops_processed/W001_P005_0103.png,,0,True,36,30,56.1595,0.428704,reject,empty_label,W001
W001_P005_0104,crops_raw/W001_P005_0104.png,page_005.png,W001,466,560,495,584,,,0.5,0.8,True,pending,Unmatched candidate — human transcription required,data/handwritten_external/W001/metadata.csv,911,/Users/macbookpro/Desktop/Development/khmer-handwritten-word-recognition/data/handwritten_external/W001/crops_processed/W001_P005_0104.png,,0,True,29,24,63.9828,0.581897,reject,empty_label,W001
W001_P005_0105,crops_raw/W001_P005_0105.png,page_005.png,W001,553,552,591,583,,,0.5,0.95,True,pending,Unmatched candidate — human transcription required,data/handwritten_external/W001/metadata.csv,912,/Users/macbookpro/Desktop/Development/khmer-handwritten-word-recognition/data/handwritten_external/W001/crops_processed/W001_P005_0105.png,,0,True,38,31,61.2178,0.409168,reject,empty_label,W001
W001_P005_0106,crops_raw/W001_P005_0106.png,page_005.png,W001,581,554,658,583,,,0.5,0.95,True,pending,Unmatched candidate — human transcription required,data/handwritten_external/W001/metadata.csv,913,/Users/macbookpro/Desktop/Development/khmer-handwritten-word-recognition/data/handwritten_external/W001/crops_processed/W001_P005_0106.png,,0,True,77,29,58.708,0.241379,reject,empty_label,W001
W001_P005_0107,crops_raw/W001_P005_0107.png,page_005.png,W001,652,546,688,583,,,0.5,0.95,True,pending,Unmatched candidate — human transcription required,data/handwritten_external/W001/metadata.csv,914,/Users/macbookpro/Desktop/Development/khmer-handwritten-word-recognition/data/handwritten_external/W001/crops_processed/W001_P005_0107.png,,0,True,36,37,66.6328,0.361862,reject,empty_label,W001
W001_P005_0113,crops_raw/W001_P005_0113.png,page_005.png,W001,619,579,684,611,,,0.5,0.95,True,pending,Unmatched candidate — human transcription required,data/handwritten_external/W001/metadata.csv,920,/Users/macbookpro/Desktop/Development/khmer-handwritten-word-recognition/data/handwritten_external/W001/crops_processed/W001_P005_0113.png,,0,True,65,32,58.6597,0.24375,reject,empty_label,W001
W001_P005_0119,crops_raw/W001_P005_0119.png,page_005.png,W001,480,612,528,637,,,0.5,0.95,True,pending,Unmatched candidate — human transcription required,data/handwritten_external/W001/metadata.csv,926,/Users/macbookpro/Desktop/Development/khmer-handwritten-word-recognition/data/handwritten_external/W001/crops_processed/W001_P005_0119.png,,0,True,48,25,62.691,0.376667,reject,empty_label,W001
W001_P005_0120,crops_raw/W001_P005_0120.png,page_005.png,W001,518,602,616,646,,,0.5,0.95,True,pending,Unmatched candidate — human transcription required,data/handwritten_external/W001/metadata.csv,927,/Users/macbookpro/Desktop/Development/khmer-handwritten-word-recognition/data/handwritten_external/W001/crops_processed/W001_P005_0120.png,,0,True,98,44,55.6586,0.234926,reject,empty_label,W001
W001_P005_0121,crops_raw/W001_P005_0121.png,page_005.png,W001,629,611,665,636,,,0.5,0.95,True,pending,Unmatched candidate — human transcription required,data/handwritten_external/W001/metadata.csv,928,/Users/macbookpro/Desktop/Development/khmer-handwritten-word-recognition/data/handwritten_external/W001/crops_processed/W001_P005_0121.png,,0,True,36,25,63.2949,0.397778,reject,empty_label,W001
W001_P005_0122,crops_raw/W001_P005_0122.png,page_005.png,W001,654,604,688,637,,,0.5,0.95,True,pending,Unmatched candidate — human transcription required,data/handwritten_external/W001/metadata.csv,929,/Users/macbookpro/Desktop/Development/khmer-handwritten-word-recognition/data/handwritten_external/W001/crops_processed/W001_P005_0122.png,,0,True,34,33,63.8574,0.374332,reject,empty_label,W001
W001_P005_0127,crops_raw/W001_P005_0127.png,page_005.png,W001,401,628,433,670,,,0.5,0.8,True,pending,Unmatched candidate — human transcription required,data/handwritten_external/W001/metadata.csv,934,/Users/macbookpro/Desktop/Development/khmer-handwritten-word-recognition/data/handwritten_external/W001/crops_processed/W001_P005_0127.png,,0,True,32,42,62.6772,0.404762,reject,empty_label,W001
W001_P005_0128,crops_raw/W001_P005_0128.png,page_005.png,W001,440,611,613,672,,,0.5,0.95,True,pending,Unmatched candidate — human transcription required,data/handwritten_external/W001/metadata.csv,935,/Users/macbookpro/Desktop/Development/khmer-handwritten-word-recognition/data/handwritten_external/W001/crops_processed/W001_P005_0128.png,,0,True,173,61,68.1491,0.403771,reject,empty_label,W001
W001_P005_0129,crops_raw/W001_P005_0129.png,page_005.png,W001,624,628,688,669,,,0.5,0.95,True,pending,Unmatched candidate — human transcription required,data/handwritten_external/W001/metadata.csv,936,/Users/macbookpro/Desktop/Development/khmer-handwritten-word-recognition/data/handwritten_external/W001/crops_processed/W001_P005_0129.png,,0,True,64,41,59.2654,0.290396,reject,empty_label,W001
W001_P005_0134,crops_raw/W001_P005_0134.png,page_005.png,W001,432,655,581,692,,,0.5,0.95,True,pending,Unmatched candidate — human transcription required,data/handwritten_external/W001/metadata.csv,941,/Users/macbookpro/Desktop/Development/khmer-handwritten-word-recognition/data/handwritten_external/W001/crops_processed/W001_P005_0134.png,,0,True,149,37,58.1494,0.27934,reject,empty_label,W001
W001_P005_0135,crops_raw/W001_P005_0135.png,page_005.png,W001,570,654,688,693,,,0.5,0.95,True,pending,Unmatched candidate — human transcription required,data/handwritten_external/W001/metadata.csv,942,/Users/macbookpro/Desktop/Development/khmer-handwritten-word-recognition/data/handwritten_external/W001/crops_processed/W001_P005_0135.png,,0,True,118,39,56.2901,0.223598,reject,empty_label,W001
W001_P005_0141,crops_raw/W001_P005_0141.png,page_005.png,W001,472,682,561,711,,,0.5,0.95,True,pending,Unmatched candidate — human transcription required,data/handwritten_external/W001/metadata.csv,948,/Users/macbookpro/Desktop/Development/khmer-handwritten-word-recognition/data/handwritten_external/W001/crops_processed/W001_P005_0141.png,,0,True,89,29,59.3805,0.253778,reject,empty_label,W001
W001_P005_0142,crops_raw/W001_P005_0142.png,page_005.png,W001,559,682,688,735,,,0.5,0.95,True,pending,Unmatched candidate — human transcription required,data/handwritten_external/W001/metadata.csv,949,/Users/macbookpro/Desktop/Development/khmer-handwritten-word-recognition/data/handwritten_external/W001/crops_processed/W001_P005_0142.png,,0,True,129,53,67.133,0.331432,reject,empty_label,W001
W001_P005_0147,crops_raw/W001_P005_0147.png,page_005.png,W001,508,710,573,762,,,0.5,0.95,True,pending,Unmatched candidate — human transcription required,data/handwritten_external/W001/metadata.csv,954,/Users/macbookpro/Desktop/Development/khmer-handwritten-word-recognition/data/handwritten_external/W001/crops_processed/W001_P005_0147.png,,0,True,65,52,57.5973,0.244379,reject,empty_label,W001
W001_P005_0148,crops_raw/W001_P005_0148.png,page_005.png,W001,607,706,688,739,,,0.5,0.95,True,pending,Unmatched candidate — human transcription required,data/handwritten_external/W001/metadata.csv,955,/Users/macbookpro/Desktop/Development/khmer-handwritten-word-recognition/data/handwritten_external/W001/crops_processed/W001_P005_0148.png,,0,True,81,33,61.8531,0.295548,reject,empty_label,W001
W001_P005_0153,crops_raw/W001_P005_0153.png,page_005.png,W001,467,728,524,767,,,0.5,0.95,True,pending,Unmatched candidate — human transcription required,data/handwritten_external/W001/metadata.csv,960,/Users/macbookpro/Desktop/Development/khmer-handwritten-word-recognition/data/handwritten_external/W001/crops_processed/W001_P005_0153.png,,0,True,57,39,59.388,0.290598,reject,empty_label,W001
W001_P005_0154,crops_raw/W001_P005_0154.png,page_005.png,W001,551,737,576,759,,,0.5,0.8,True,pending,Unmatched candidate — human transcription required,data/handwritten_external/W001/metadata.csv,961,/Users/macbookpro/Desktop/Development/khmer-handwritten-word-recognition/data/handwritten_external/W001/crops_processed/W001_P005_0154.png,,0,True,25,22,59.3759,0.574545,reject,empty_label,W001
W001_P005_0155,crops_raw/W001_P005_0155.png,page_005.png,W001,576,728,641,786,,,0.5,0.95,True,pending,Unmatched candidate — human transcription required,data/handwritten_external/W001/metadata.csv,962,/Users/macbookpro/Desktop/Development/khmer-handwritten-word-recognition/data/handwritten_external/W001/crops_processed/W001_P005_0155.png,,0,True,65,58,57.739,0.28939,reject,empty_label,W001
W001_P005_0156,crops_raw/W001_P005_0156.png,page_005.png,W001,639,729,688,758,,,0.5,0.95,True,pending,Unmatched candidate — human transcription required,data/handwritten_external/W001/metadata.csv,963,/Users/macbookpro/Desktop/Development/khmer-handwritten-word-recognition/data/handwritten_external/W001/crops_processed/W001_P005_0156.png,,0,True,49,29,67.6445,0.364532,reject,empty_label,W001
W001_P005_0162,crops_raw/W001_P005_0162.png,page_005.png,W001,419,761,467,811,,,0.5,0.85,True,pending,Unmatched candidate — human transcription required,data/handwritten_external/W001/metadata.csv,969,/Users/macbookpro/Desktop/Development/khmer-handwritten-word-recognition/data/handwritten_external/W001/crops_processed/W001_P005_0162.png,,0,True,48,50,56.9093,0.287917,reject,empty_label,W001
W001_P005_0163,crops_raw/W001_P005_0163.png,page_005.png,W001,454,757,563,811,,,0.5,0.85,True,pending,Unmatched candidate — human transcription required,data/handwritten_external/W001/metadata.csv,970,/Users/macbookpro/Desktop/Development/khmer-handwritten-word-recognition/data/handwritten_external/W001/crops_processed/W001_P005_0163.png,,0,True,109,54,64.7441,0.335882,reject,empty_label,W001
W001_P005_0164,crops_raw/W001_P005_0164.png,page_005.png,W001,561,755,595,784,,,0.5,0.95,True,pending,Unmatched candidate — human transcription required,data/handwritten_external/W001/metadata.csv,971,/Users/macbookpro/Desktop/Development/khmer-handwritten-word-recognition/data/handwritten_external/W001/crops_processed/W001_P005_0164.png,,0,True,34,29,66.1604,0.457404,reject,empty_label,W001
W001_P005_0165,crops_raw/W001_P005_0165.png,page_005.png,W001,620,736,688,797,,,0.5,0.95,True,pending,Unmatched candidate — human transcription required,data/handwritten_external/W001/metadata.csv,972,/Users/macbookpro/Desktop/Development/khmer-handwritten-word-recognition/data/handwritten_external/W001/crops_processed/W001_P005_0165.png,,0,True,68,61,62.6971,0.315333,reject,empty_label,W001
W001_P005_0170,crops_raw/W001_P005_0170.png,page_005.png,W001,485,784,584,836,,,0.5,0.95,True,pending,Unmatched candidate — human transcription required,data/handwritten_external/W001/metadata.csv,977,/Users/macbookpro/Desktop/Development/khmer-handwritten-word-recognition/data/handwritten_external/W001/crops_processed/W001_P005_0170.png,,0,True,99,52,60.6361,0.312354,reject,empty_label,W001
W001_P005_0171,crops_raw/W001_P005_0171.png,page_005.png,W001,588,781,675,809,,,0.5,0.95,True,pending,Unmatched candidate — human transcription required,data/handwritten_external/W001/metadata.csv,978,/Users/macbookpro/Desktop/Development/khmer-handwritten-word-recognition/data/handwritten_external/W001/crops_processed/W001_P005_0171.png,,0,True,87,28,61.1548,0.326765,reject,empty_label,W001
W001_P005_0172,crops_raw/W001_P005_0172.png,page_005.png,W001,664,777,688,807,,,0.5,0.8,True,pending,Unmatched candidate — human transcription required,data/handwritten_external/W001/metadata.csv,979,/Users/macbookpro/Desktop/Development/khmer-handwritten-word-recognition/data/handwritten_external/W001/crops_processed/W001_P005_0172.png,,0,True,24,30,65.5868,0.488889,reject,empty_label,W001
W001_P005_0177,crops_raw/W001_P005_0177.png,page_005.png,W001,446,805,492,834,,,0.5,0.95,True,pending,Unmatched candidate — human transcription required,data/handwritten_external/W001/metadata.csv,984,/Users/macbookpro/Desktop/Development/khmer-handwritten-word-recognition/data/handwritten_external/W001/crops_processed/W001_P005_0177.png,,0,True,46,29,59.4836,0.351574,reject,empty_label,W001
W001_P005_0178,crops_raw/W001_P005_0178.png,page_005.png,W001,508,802,580,835,,,0.5,0.95,True,pending,Unmatched candidate — human transcription required,data/handwritten_external/W001/metadata.csv,985,/Users/macbookpro/Desktop/Development/khmer-handwritten-word-recognition/data/handwritten_external/W001/crops_processed/W001_P005_0178.png,,0,True,72,33,57.6413,0.291667,reject,empty_label,W001
W001_P005_0179,crops_raw/W001_P005_0179.png,page_005.png,W001,572,801,635,847,,,0.5,0.95,True,pending,Unmatched candidate — human transcription required,data/handwritten_external/W001/metadata.csv,986,/Users/macbookpro/Desktop/Development/khmer-handwritten-word-recognition/data/handwritten_external/W001/crops_processed/W001_P005_0179.png,,0,True,63,46,57.8493,0.266736,reject,empty_label,W001
W001_P005_0180,crops_raw/W001_P005_0180.png,page_005.png,W001,623,805,688,837,,,0.5,0.95,True,pending,Unmatched candidate — human transcription required,data/handwritten_external/W001/metadata.csv,987,/Users/macbookpro/Desktop/Development/khmer-handwritten-word-recognition/data/handwritten_external/W001/crops_processed/W001_P005_0180.png,,0,True,65,32,64.1515,0.339423,reject,empty_label,W001
W001_P005_0185,crops_raw/W001_P005_0185.png,page_005.png,W001,337,811,403,861,,,0.5,0.95,True,pending,Unmatched candidate — human transcription required,data/handwritten_external/W001/metadata.csv,992,/Users/macbookpro/Desktop/Development/khmer-handwritten-word-recognition/data/handwritten_external/W001/crops_processed/W001_P005_0185.png,,0,True,66,50,51.3338,0.23,reject,empty_label,W001
W001_P005_0186,crops_raw/W001_P005_0186.png,page_005.png,W001,392,828,453,872,,,0.5,0.95,True,pending,Unmatched candidate — human transcription required,data/handwritten_external/W001/metadata.csv,993,/Users/macbookpro/Desktop/Development/khmer-handwritten-word-recognition/data/handwritten_external/W001/crops_processed/W001_P005_0186.png,,0,True,61,44,48.9771,0.180328,reject,empty_label,W001
W001_P005_0187,crops_raw/W001_P005_0187.png,page_005.png,W001,449,834,509,871,,,0.5,0.95,True,pending,Unmatched candidate — human transcription required,data/handwritten_external/W001/metadata.csv,994,/Users/macbookpro/Desktop/Development/khmer-handwritten-word-recognition/data/handwritten_external/W001/crops_processed/W001_P005_0187.png,,0,True,60,37,64.347,0.347297,reject,empty_label,W001
W001_P005_0188,crops_raw/W001_P005_0188.png,page_005.png,W001,499,827,557,859,,,0.5,0.95,True,pending,Unmatched candidate — human transcription required,data/handwritten_external/W001/metadata.csv,995,/Users/macbookpro/Desktop/Development/khmer-handwritten-word-recognition/data/handwritten_external/W001/crops_processed/W001_P005_0188.png,,0,True,58,32,55.5896,0.27694,reject,empty_label,W001
W001_P005_0189,crops_raw/W001_P005_0189.png,page_005.png,W001,548,832,590,871,,,0.5,0.95,True,pending,Unmatched candidate — human transcription required,data/handwritten_external/W001/metadata.csv,996,/Users/macbookpro/Desktop/Development/khmer-handwritten-word-recognition/data/handwritten_external/W001/crops_processed/W001_P005_0189.png,,0,True,42,39,59.2177,0.345543,reject,empty_label,W001
W001_P005_0190,crops_raw/W001_P005_0190.png,page_005.png,W001,588,827,688,882,,,0.5,0.95,True,pending,Unmatched candidate — human transcription required,data/handwritten_external/W001/metadata.csv,997,/Users/macbookpro/Desktop/Development/khmer-handwritten-word-recognition/data/handwritten_external/W001/crops_processed/W001_P005_0190.png,,0,True,100,55,61.4946,0.337455,reject,empty_label,W001
W001_P005_0196,crops_raw/W001_P005_0196.png,page_005.png,W001,369,861,420,896,,,0.5,0.95,True,pending,Unmatched candidate — human transcription required,data/handwritten_external/W001/metadata.csv,1003,/Users/macbookpro/Desktop/Development/khmer-handwritten-word-recognition/data/handwritten_external/W001/crops_processed/W001_P005_0196.png,,0,True,51,35,62.3631,0.347339,reject,empty_label,W001
W001_P005_0197,crops_raw/W001_P005_0197.png,page_005.png,W001,436,861,474,888,,,0.5,0.95,True,pending,Unmatched candidate — human transcription required,data/handwritten_external/W001/metadata.csv,1004,/Users/macbookpro/Desktop/Development/khmer-handwritten-word-recognition/data/handwritten_external/W001/crops_processed/W001_P005_0197.png,,0,True,38,27,59.7847,0.360624,reject,empty_label,W001
W001_P005_0198,crops_raw/W001_P005_0198.png,page_005.png,W001,471,852,518,884,,,0.5,0.95,True,pending,Unmatched candidate — human transcription required,data/handwritten_external/W001/metadata.csv,1005,/Users/macbookpro/Desktop/Development/khmer-handwritten-word-recognition/data/handwritten_external/W001/crops_processed/W001_P005_0198.png,,0,True,47,32,64.5954,0.379654,reject,empty_label,W001
W001_P005_0199,crops_raw/W001_P005_0199.png,page_005.png,W001,509,860,575,894,,,0.5,0.95,True,pending,Unmatched candidate — human transcription required,data/handwritten_external/W001/metadata.csv,1006,/Users/macbookpro/Desktop/Development/khmer-handwritten-word-recognition/data/handwritten_external/W001/crops_processed/W001_P005_0199.png,,0,True,66,34,60.8297,0.299911,reject,empty_label,W001
W001_P005_0200,crops_raw/W001_P005_0200.png,page_005.png,W001,574,856,629,884,,,0.5,0.95,True,pending,Unmatched candidate — human transcription required,data/handwritten_external/W001/metadata.csv,1007,/Users/macbookpro/Desktop/Development/khmer-handwritten-word-recognition/data/handwritten_external/W001/crops_processed/W001_P005_0200.png,,0,True,55,28,59.7417,0.292208,reject,empty_label,W001
W001_P005_0201,crops_raw/W001_P005_0201.png,page_005.png,W001,617,854,688,908,,,0.5,0.95,True,pending,Unmatched candidate — human transcription required,data/handwritten_external/W001/metadata.csv,1008,/Users/macbookpro/Desktop/Development/khmer-handwritten-word-recognition/data/handwritten_external/W001/crops_processed/W001_P005_0201.png,,0,True,71,54,59.8405,0.30386,reject,empty_label,W001
W001_P005_0207,crops_raw/W001_P005_0207.png,page_005.png,W001,436,872,511,914,,,0.5,0.95,True,pending,Unmatched candidate — human transcription required,data/handwritten_external/W001/metadata.csv,1014,/Users/macbookpro/Desktop/Development/khmer-handwritten-word-recognition/data/handwritten_external/W001/crops_processed/W001_P005_0207.png,,0,True,75,42,60.7267,0.288571,reject,empty_label,W001
W001_P005_0208,crops_raw/W001_P005_0208.png,page_005.png,W001,512,877,565,910,,,0.5,0.95,True,pending,Unmatched candidate — human transcription required,data/handwritten_external/W001/metadata.csv,1015,/Users/macbookpro/Desktop/Development/khmer-handwritten-word-recognition/data/handwritten_external/W001/crops_processed/W001_P005_0208.png,,0,True,53,33,58.4413,0.317324,reject,empty_label,W001
W001_P005_0209,crops_raw/W001_P005_0209.png,page_005.png,W001,555,884,632,917,,,0.5,0.95,True,pending,Unmatched candidate — human transcription required,data/handwritten_external/W001/metadata.csv,1016,/Users/macbookpro/Desktop/Development/khmer-handwritten-word-recognition/data/handwritten_external/W001/crops_processed/W001_P005_0209.png,,0,True,77,33,58.3681,0.262889,reject,empty_label,W001
W001_P005_0210,crops_raw/W001_P005_0210.png,page_005.png,W001,658,880,688,915,,,0.5,0.8,True,pending,Unmatched candidate — human transcription required,data/handwritten_external/W001/metadata.csv,1017,/Users/macbookpro/Desktop/Development/khmer-handwritten-word-recognition/data/handwritten_external/W001/crops_processed/W001_P005_0210.png,,0,True,30,35,65.8041,0.444762,reject,empty_label,W001
W001_P005_0216,crops_raw/W001_P005_0216.png,page_005.png,W001,416,906,507,938,,,0.5,0.95,True,pending,Unmatched candidate — human transcription required,data/handwritten_external/W001/metadata.csv,1023,/Users/macbookpro/Desktop/Development/khmer-handwritten-word-recognition/data/handwritten_external/W001/crops_processed/W001_P005_0216.png,,0,True,91,32,54.5891,0.227679,reject,empty_label,W001
W001_P005_0217,crops_raw/W001_P005_0217.png,page_005.png,W001,498,906,555,958,,,0.5,0.95,True,pending,Unmatched candidate — human transcription required,data/handwritten_external/W001/metadata.csv,1024,/Users/macbookpro/Desktop/Development/khmer-handwritten-word-recognition/data/handwritten_external/W001/crops_processed/W001_P005_0217.png,,0,True,57,52,57.7078,0.276316,reject,empty_label,W001
W001_P005_0218,crops_raw/W001_P005_0218.png,page_005.png,W001,550,906,670,958,,,0.5,0.95,True,pending,Unmatched candidate — human transcription required,data/handwritten_external/W001/metadata.csv,1025,/Users/macbookpro/Desktop/Development/khmer-handwritten-word-recognition/data/handwritten_external/W001/crops_processed/W001_P005_0218.png,,0,True,120,52,62.5497,0.313782,reject,empty_label,W001
W001_P005_0224,crops_raw/W001_P005_0224.png,page_005.png,W001,539,927,579,958,,,0.5,0.95,True,pending,Unmatched candidate — human transcription required,data/handwritten_external/W001/metadata.csv,1031,/Users/macbookpro/Desktop/Development/khmer-handwritten-word-recognition/data/handwritten_external/W001/crops_processed/W001_P005_0224.png,,0,True,40,31,63.8438,0.383065,reject,empty_label,W001
W001_P005_0225,crops_raw/W001_P005_0225.png,page_005.png,W001,590,935,636,960,,,0.5,0.95,True,pending,Unmatched candidate — human transcription required,data/handwritten_external/W001/metadata.csv,1032,/Users/macbookpro/Desktop/Development/khmer-handwritten-word-recognition/data/handwritten_external/W001/crops_processed/W001_P005_0225.png,,0,True,46,25,61.2856,0.367826,reject,empty_label,W001
W001_P005_0226,crops_raw/W001_P005_0226.png,page_005.png,W001,640,933,688,973,,,0.5,0.95,True,pending,Unmatched candidate — human transcription required,data/handwritten_external/W001/metadata.csv,1033,/Users/macbookpro/Desktop/Development/khmer-handwritten-word-recognition/data/handwritten_external/W001/crops_processed/W001_P005_0226.png,,0,True,48,40,64.984,0.374479,reject,empty_label,W001
W001_P005_0232,crops_raw/W001_P005_0232.png,page_005.png,W001,354,958,467,986,,,0.5,0.95,True,pending,Unmatched candidate — human transcription required,data/handwritten_external/W001/metadata.csv,1039,/Users/macbookpro/Desktop/Development/khmer-handwritten-word-recognition/data/handwritten_external/W001/crops_processed/W001_P005_0232.png,,0,True,113,28,59.9466,0.261378,reject,empty_label,W001
W001_P005_0233,crops_raw/W001_P005_0233.png,page_005.png,W001,483,957,511,976,,,0.5,0.8,True,pending,Unmatched candidate — human transcription required,data/handwritten_external/W001/metadata.csv,1040,/Users/macbookpro/Desktop/Development/khmer-handwritten-word-recognition/data/handwritten_external/W001/crops_processed/W001_P005_0233.png,,0,True,28,19,54.9016,0.575188,reject,empty_label,W001
W001_P005_0234,crops_raw/W001_P005_0234.png,page_005.png,W001,499,958,548,990,,,0.5,0.95,True,pending,Unmatched candidate — human transcription required,data/handwritten_external/W001/metadata.csv,1041,/Users/macbookpro/Desktop/Development/khmer-handwritten-word-recognition/data/handwritten_external/W001/crops_processed/W001_P005_0234.png,,0,True,49,32,57.3096,0.274235,reject,empty_label,W001
W001_P005_0235,crops_raw/W001_P005_0235.png,page_005.png,W001,538,960,583,998,,,0.5,0.95,True,pending,Unmatched candidate — human transcription required,data/handwritten_external/W001/metadata.csv,1042,/Users/macbookpro/Desktop/Development/khmer-handwritten-word-recognition/data/handwritten_external/W001/crops_processed/W001_P005_0235.png,,0,True,45,38,54.4908,0.222807,reject,empty_label,W001
W001_P005_0236,crops_raw/W001_P005_0236.png,page_005.png,W001,585,959,637,993,,,0.5,0.95,True,pending,Unmatched candidate — human transcription required,data/handwritten_external/W001/metadata.csv,1043,/Users/macbookpro/Desktop/Development/khmer-handwritten-word-recognition/data/handwritten_external/W001/crops_processed/W001_P005_0236.png,,0,True,52,34,55.0898,0.255656,reject,empty_label,W001
W001_P005_0237,crops_raw/W001_P005_0237.png,page_005.png,W001,647,958,688,983,,,0.5,0.95,True,pending,Unmatched candidate — human transcription required,data/handwritten_external/W001/metadata.csv,1044,/Users/macbookpro/Desktop/Development/khmer-handwritten-word-recognition/data/handwritten_external/W001/crops_processed/W001_P005_0237.png,,0,True,41,25,66.6534,0.398049,reject,empty_label,W001
W001_P006_0010,crops_raw/W001_P006_0010.png,page_006.png,W001,622,221,688,260,,,0.5,0.95,True,pending,Unmatched candidate — human transcription required,data/handwritten_external/W001/metadata.csv,1054,/Users/macbookpro/Desktop/Development/khmer-handwritten-word-recognition/data/handwritten_external/W001/crops_processed/W001_P006_0010.png,,0,True,66,39,51.4375,0.212121,reject,empty_label,W001
W001_P006_0087,crops_raw/W001_P006_0087.png,page_006.png,W001,371,534,688,592,,,0.5,0.85,True,pending,Unmatched candidate — human transcription required,data/handwritten_external/W001/metadata.csv,1131,/Users/macbookpro/Desktop/Development/khmer-handwritten-word-recognition/data/handwritten_external/W001/crops_processed/W001_P006_0087.png,,0,True,317,58,61.2513,0.339497,reject,empty_label,W001
W001_P006_0120,crops_raw/W001_P006_0120.png,page_006.png,W001,368,672,410,706,,,0.5,0.85,True,pending,Unmatched candidate — human transcription required,data/handwritten_external/W001/metadata.csv,1164,/Users/macbookpro/Desktop/Development/khmer-handwritten-word-recognition/data/handwritten_external/W001/crops_processed/W001_P006_0120.png,,0,True,42,34,56.9587,0.316527,reject,empty_label,W001
W001_P006_0121,crops_raw/W001_P006_0121.png,page_006.png,W001,431,671,472,704,,,0.5,0.85,True,pending,Unmatched candidate — human transcription required,data/handwritten_external/W001/metadata.csv,1165,/Users/macbookpro/Desktop/Development/khmer-handwritten-word-recognition/data/handwritten_external/W001/crops_processed/W001_P006_0121.png,,0,True,41,33,55.3907,0.305248,reject,empty_label,W001
W001_P006_0122,crops_raw/W001_P006_0122.png,page_006.png,W001,468,665,688,704,,,0.5,0.85,True,pending,Unmatched candidate — human transcription required,data/handwritten_external/W001/metadata.csv,1166,/Users/macbookpro/Desktop/Development/khmer-handwritten-word-recognition/data/handwritten_external/W001/crops_processed/W001_P006_0122.png,,0,True,220,39,52.7757,0.251865,reject,empty_label,W001
W001_P006_0144,crops_raw/W001_P006_0144.png,page_006.png,W001,593,739,661,783,,,0.5,0.95,True,pending,Unmatched candidate — human transcription required,data/handwritten_external/W001/metadata.csv,1188,/Users/macbookpro/Desktop/Development/khmer-handwritten-word-recognition/data/handwritten_external/W001/crops_processed/W001_P006_0144.png,,0,True,68,44,53.3503,0.296791,reject,empty_label,W001
W001_P006_0145,crops_raw/W001_P006_0145.png,page_006.png,W001,650,746,688,771,,,0.5,0.95,True,pending,Unmatched candidate — human transcription required,data/handwritten_external/W001/metadata.csv,1189,/Users/macbookpro/Desktop/Development/khmer-handwritten-word-recognition/data/handwritten_external/W001/crops_processed/W001_P006_0145.png,,0,True,38,25,57.7471,0.361053,reject,empty_label,W001
W001_P006_0199,crops_raw/W001_P006_0199.png,page_006.png,W001,603,943,688,984,,,0.5,0.95,True,pending,Unmatched candidate — human transcription required,data/handwritten_external/W001/metadata.csv,1243,/Users/macbookpro/Desktop/Development/khmer-handwritten-word-recognition/data/handwritten_external/W001/crops_processed/W001_P006_0199.png,,0,True,85,41,37.57,0.181636,reject,empty_label,W001
W002_P002_0001,crops_raw/W002_P002_0001.png,page_002.png,W002,43,53,98,90,,,0.5,0.85,True,pending,Unmatched candidate — human transcription required,data/handwritten_external/W002/metadata.csv,120,/Users/macbookpro/Desktop/Development/khmer-handwritten-word-recognition/data/handwritten_external/W002/crops_processed/W002_P002_0001.png,,0,True,55,37,55.233,0.198034,reject,empty_label,W002
W002_P002_0002,crops_raw/W002_P002_0002.png,page_002.png,W002,98,36,431,92,,,0.5,0.85,True,pending,Unmatched candidate — human transcription required,data/handwritten_external/W002/metadata.csv,121,/Users/macbookpro/Desktop/Development/khmer-handwritten-word-recognition/data/handwritten_external/W002/crops_processed/W002_P002_0002.png,,0,True,333,56,59.1073,0.213749,reject,empty_label,W002
W002_P002_0003,crops_raw/W002_P002_0003.png,page_002.png,W002,423,32,673,78,,,0.5,0.85,True,pending,Unmatched candidate — human transcription required,data/handwritten_external/W002/metadata.csv,122,/Users/macbookpro/Desktop/Development/khmer-handwritten-word-recognition/data/handwritten_external/W002/crops_processed/W002_P002_0003.png,,0,True,250,46,57.3779,0.235391,reject,empty_label,W002
W002_P002_0004,crops_raw/W002_P002_0004.png,page_002.png,W002,43,79,227,130,,,0.5,0.95,True,pending,Unmatched candidate — human transcription required,data/handwritten_external/W002/metadata.csv,123,/Users/macbookpro/Desktop/Development/khmer-handwritten-word-recognition/data/handwritten_external/W002/crops_processed/W002_P002_0004.png,,0,True,184,51,58.5725,0.232523,reject,empty_label,W002
W002_P002_0005,crops_raw/W002_P002_0005.png,page_002.png,W002,223,90,250,113,,,0.5,0.8,True,pending,Unmatched candidate — human transcription required,data/handwritten_external/W002/metadata.csv,124,/Users/macbookpro/Desktop/Development/khmer-handwritten-word-recognition/data/handwritten_external/W002/crops_processed/W002_P002_0005.png,,0,True,27,23,50.4375,0.20934,reject,empty_label,W002
W002_P002_0006,crops_raw/W002_P002_0006.png,page_002.png,W002,247,87,341,128,,,0.5,0.85,True,pending,Unmatched candidate — human transcription required,data/handwritten_external/W002/metadata.csv,125,/Users/macbookpro/Desktop/Development/khmer-handwritten-word-recognition/data/handwritten_external/W002/crops_processed/W002_P002_0006.png,,0,True,94,41,50.719,0.178775,reject,empty_label,W002
W002_P002_0007,crops_raw/W002_P002_0007.png,page_002.png,W002,328,82,424,128,,,0.5,0.85,True,pending,Unmatched candidate — human transcription required,data/handwritten_external/W002/metadata.csv,126,/Users/macbookpro/Desktop/Development/khmer-handwritten-word-recognition/data/handwritten_external/W002/crops_processed/W002_P002_0007.png,,0,True,96,46,52.6034,0.192255,reject,empty_label,W002
W002_P002_0008,crops_raw/W002_P002_0008.png,page_002.png,W002,411,78,498,126,,,0.5,0.85,True,pending,Unmatched candidate — human transcription required,data/handwritten_external/W002/metadata.csv,127,/Users/macbookpro/Desktop/Development/khmer-handwritten-word-recognition/data/handwritten_external/W002/crops_processed/W002_P002_0008.png,,0,True,87,48,50.3296,0.161638,reject,empty_label,W002
W002_P002_0009,crops_raw/W002_P002_0009.png,page_002.png,W002,485,77,578,123,,,0.5,0.85,True,pending,Unmatched candidate — human transcription required,data/handwritten_external/W002/metadata.csv,128,/Users/macbookpro/Desktop/Development/khmer-handwritten-word-recognition/data/handwritten_external/W002/crops_processed/W002_P002_0009.png,,0,True,93,46,51.2839,0.160355,reject,empty_label,W002
W002_P002_0010,crops_raw/W002_P002_0010.png,page_002.png,W002,568,89,594,113,,,0.5,0.8,True,pending,Unmatched candidate — human transcription required,data/handwritten_external/W002/metadata.csv,129,/Users/macbookpro/Desktop/Development/khmer-handwritten-word-recognition/data/handwritten_external/W002/crops_processed/W002_P002_0010.png,,0,True,26,24,49.1259,0.225962,reject,empty_label,W002
W002_P002_0011,crops_raw/W002_P002_0011.png,page_002.png,W002,590,75,691,129,,,0.5,0.95,True,pending,Unmatched candidate — human transcription required,data/handwritten_external/W002/metadata.csv,130,/Users/macbookpro/Desktop/Development/khmer-handwritten-word-recognition/data/handwritten_external/W002/crops_processed/W002_P002_0011.png,,0,True,101,54,55.5557,0.195086,reject,empty_label,W002
W002_P002_0012,crops_raw/W002_P002_0012.png,page_002.png,W002,40,103,320,165,,,0.5,0.95,True,pending,Unmatched candidate — human transcription required,data/handwritten_external/W002/metadata.csv,131,/Users/macbookpro/Desktop/Development/khmer-handwritten-word-recognition/data/handwritten_external/W002/crops_processed/W002_P002_0012.png,,0,True,280,62,60.8558,0.250288,reject,empty_label,W002
W002_P002_0013,crops_raw/W002_P002_0013.png,page_002.png,W002,310,113,478,165,,,0.5,0.95,True,pending,Unmatched candidate — human transcription required,data/handwritten_external/W002/metadata.csv,132,/Users/macbookpro/Desktop/Development/khmer-handwritten-word-recognition/data/handwritten_external/W002/crops_processed/W002_P002_0013.png,,0,True,168,52,58.9769,0.21131,reject,empty_label,W002
W002_P002_0014,crops_raw/W002_P002_0014.png,page_002.png,W002,478,116,668,168,,,0.5,0.95,True,pending,Unmatched candidate — human transcription required,data/handwritten_external/W002/metadata.csv,133,/Users/macbookpro/Desktop/Development/khmer-handwritten-word-recognition/data/handwritten_external/W002/crops_processed/W002_P002_0014.png,,0,True,190,52,58.6939,0.21832,reject,empty_label,W002
W002_P002_0015,crops_raw/W002_P002_0015.png,page_002.png,W002,664,126,689,149,,,0.5,0.8,True,pending,Unmatched candidate — human transcription required,data/handwritten_external/W002/metadata.csv,134,/Users/macbookpro/Desktop/Development/khmer-handwritten-word-recognition/data/handwritten_external/W002/crops_processed/W002_P002_0015.png,,0,True,25,23,47.1422,0.156522,reject,empty_label,W002
W002_P002_0016,crops_raw/W002_P002_0016.png,page_002.png,W002,43,154,199,200,,,0.5,0.95,True,pending,Unmatched candidate — human transcription required,data/handwritten_external/W002/metadata.csv,135,/Users/macbookpro/Desktop/Development/khmer-handwritten-word-recognition/data/handwritten_external/W002/crops_processed/W002_P002_0016.png,,0,True,156,46,54.9554,0.192308,reject,empty_label,W002
W002_P002_0017,crops_raw/W002_P002_0017.png,page_002.png,W002,199,153,502,200,,,0.5,0.95,True,pending,Unmatched candidate — human transcription required,data/handwritten_external/W002/metadata.csv,136,/Users/macbookpro/Desktop/Development/khmer-handwritten-word-recognition/data/handwritten_external/W002/crops_processed/W002_P002_0017.png,,0,True,303,47,60.4873,0.238326,reject,empty_label,W002
W002_P002_0018,crops_raw/W002_P002_0018.png,page_002.png,W002,490,160,533,194,,,0.5,0.95,True,pending,Unmatched candidate — human transcription required,data/handwritten_external/W002/metadata.csv,137,/Users/macbookpro/Desktop/Development/khmer-handwritten-word-recognition/data/handwritten_external/W002/crops_processed/W002_P002_0018.png,,0,True,43,34,56.0516,0.229138,reject,empty_label,W002
W002_P002_0019,crops_raw/W002_P002_0019.png,page_002.png,W002,521,162,547,184,,,0.5,0.8,True,pending,Unmatched candidate — human transcription required,data/handwritten_external/W002/metadata.csv,138,/Users/macbookpro/Desktop/Development/khmer-handwritten-word-recognition/data/handwritten_external/W002/crops_processed/W002_P002_0019.png,,0,True,26,22,54.8447,0.300699,reject,empty_label,W002
W002_P002_0020,crops_raw/W002_P002_0020.png,page_002.png,W002,544,149,692,186,,,0.5,0.95,True,pending,Unmatched candidate — human transcription required,data/handwritten_external/W002/metadata.csv,139,/Users/macbookpro/Desktop/Development/khmer-handwritten-word-recognition/data/handwritten_external/W002/crops_processed/W002_P002_0020.png,,0,True,148,37,59.9503,0.247809,reject,empty_label,W002
W002_P002_0021,crops_raw/W002_P002_0021.png,page_002.png,W002,36,177,269,240,,,0.5,0.95,True,pending,Unmatched candidate — human transcription required,data/handwritten_external/W002/metadata.csv,140,/Users/macbookpro/Desktop/Development/khmer-handwritten-word-recognition/data/handwritten_external/W002/crops_processed/W002_P002_0021.png,,0,True,233,63,57.4942,0.215955,reject,empty_label,W002
W002_P002_0022,crops_raw/W002_P002_0022.png,page_002.png,W002,269,190,387,239,,,0.5,0.95,True,pending,Unmatched candidate — human transcription required,data/handwritten_external/W002/metadata.csv,141,/Users/macbookpro/Desktop/Development/khmer-handwritten-word-recognition/data/handwritten_external/W002/crops_processed/W002_P002_0022.png,,0,True,118,49,54.2852,0.207714,reject,empty_label,W002
W002_P002_0023,crops_raw/W002_P002_0023.png,page_002.png,W002,375,188,524,234,,,0.5,0.95,True,pending,Unmatched candidate — human transcription required,data/handwritten_external/W002/metadata.csv,142,/Users/macbookpro/Desktop/Development/khmer-handwritten-word-recognition/data/handwritten_external/W002/crops_processed/W002_P002_0023.png,,0,True,149,46,57.4559,0.223081,reject,empty_label,W002
W002_P002_0024,crops_raw/W002_P002_0024.png,page_002.png,W002,512,197,539,220,,,0.5,0.8,True,pending,Unmatched candidate — human transcription required,data/handwritten_external/W002/metadata.csv,143,/Users/macbookpro/Desktop/Development/khmer-handwritten-word-recognition/data/handwritten_external/W002/crops_processed/W002_P002_0024.png,,0,True,27,23,54.1756,0.256039,reject,empty_label,W002
W002_P002_0025,crops_raw/W002_P002_0025.png,page_002.png,W002,536,190,669,223,,,0.5,0.95,True,pending,Unmatched candidate — human transcription required,data/handwritten_external/W002/metadata.csv,144,/Users/macbookpro/Desktop/Development/khmer-handwritten-word-recognition/data/handwritten_external/W002/crops_processed/W002_P002_0025.png,,0,True,133,33,54.7049,0.198906,reject,empty_label,W002
W002_P002_0026,crops_raw/W002_P002_0026.png,page_002.png,W002,42,235,127,273,,,0.5,0.95,True,pending,Unmatched candidate — human transcription required,data/handwritten_external/W002/metadata.csv,145,/Users/macbookpro/Desktop/Development/khmer-handwritten-word-recognition/data/handwritten_external/W002/crops_processed/W002_P002_0026.png,,0,True,85,38,48.0098,0.164706,reject,empty_label,W002
W002_P002_0027,crops_raw/W002_P002_0027.png,page_002.png,W002,126,223,428,277,,,0.5,0.85,True,pending,Unmatched candidate — human transcription required,data/handwritten_external/W002/metadata.csv,146,/Users/macbookpro/Desktop/Development/khmer-handwritten-word-recognition/data/handwritten_external/W002/crops_processed/W002_P002_0027.png,,0,True,302,54,57.7349,0.218359,reject,empty_label,W002
W002_P002_0028,crops_raw/W002_P002_0028.png,page_002.png,W002,415,225,460,277,,,0.5,0.85,True,pending,Unmatched candidate — human transcription required,data/handwritten_external/W002/metadata.csv,147,/Users/macbookpro/Desktop/Development/khmer-handwritten-word-recognition/data/handwritten_external/W002/crops_processed/W002_P002_0028.png,,0,True,45,52,54.4175,0.230769,reject,empty_label,W002
W002_P002_0029,crops_raw/W002_P002_0029.png,page_002.png,W002,500,223,660,275,,,0.5,0.95,True,pending,Unmatched candidate — human transcription required,data/handwritten_external/W002/metadata.csv,148,/Users/macbookpro/Desktop/Development/khmer-handwritten-word-recognition/data/handwritten_external/W002/crops_processed/W002_P002_0029.png,,0,True,160,52,56.7724,0.208894,reject,empty_label,W002
W002_P002_0030,crops_raw/W002_P002_0030.png,page_002.png,W002,651,233,690,259,,,0.5,0.95,True,pending,Unmatched candidate — human transcription required,data/handwritten_external/W002/metadata.csv,149,/Users/macbookpro/Desktop/Development/khmer-handwritten-word-recognition/data/handwritten_external/W002/crops_processed/W002_P002_0030.png,,0,True,39,26,57.9667,0.227811,reject,empty_label,W002
W002_P002_0031,crops_raw/W002_P002_0031.png,page_002.png,W002,38,260,404,312,,,0.5,0.95,True,pending,Unmatched candidate — human transcription required,data/handwritten_external/W002/metadata.csv,150,/Users/macbookpro/Desktop/Development/khmer-handwritten-word-recognition/data/handwritten_external/W002/crops_processed/W002_P002_0031.png,,0,True,366,52,60.4598,0.240332,reject,empty_label,W002
W002_P002_0032,crops_raw/W002_P002_0032.png,page_002.png,W002,396,273,423,299,,,0.5,0.8,True,pending,Unmatched candidate — human transcription required,data/handwritten_external/W002/metadata.csv,151,/Users/macbookpro/Desktop/Development/khmer-handwritten-word-recognition/data/handwritten_external/W002/crops_processed/W002_P002_0032.png,,0,True,27,26,46.3048,0.19943,reject,empty_label,W002
W002_P002_0033,crops_raw/W002_P002_0033.png,page_002.png,W002,456,261,668,310,,,0.5,0.95,True,pending,Unmatched candidate — human transcription required,data/handwritten_external/W002/metadata.csv,152,/Users/macbookpro/Desktop/Development/khmer-handwritten-word-recognition/data/handwritten_external/W002/crops_processed/W002_P002_0033.png,,0,True,212,49,61.7218,0.25077,reject,empty_label,W002
W002_P002_0034,crops_raw/W002_P002_0034.png,page_002.png,W002,44,299,118,344,,,0.5,0.95,True,pending,Unmatched candidate — human transcription required,data/handwritten_external/W002/metadata.csv,153,/Users/macbookpro/Desktop/Development/khmer-handwritten-word-recognition/data/handwritten_external/W002/crops_processed/W002_P002_0034.png,,0,True,74,45,50.0085,0.189489,reject,empty_label,W002
W002_P002_0035,crops_raw/W002_P002_0035.png,page_002.png,W002,117,301,331,350,,,0.5,0.95,True,pending,Unmatched candidate — human transcription required,data/handwritten_external/W002/metadata.csv,154,/Users/macbookpro/Desktop/Development/khmer-handwritten-word-recognition/data/handwritten_external/W002/crops_processed/W002_P002_0035.png,,0,True,214,49,61.0117,0.248236,reject,empty_label,W002
W002_P002_0036,crops_raw/W002_P002_0036.png,page_002.png,W002,328,298,372,353,,,0.5,0.85,True,pending,Unmatched candidate — human transcription required,data/handwritten_external/W002/metadata.csv,155,/Users/macbookpro/Desktop/Development/khmer-handwritten-word-recognition/data/handwritten_external/W002/crops_processed/W002_P002_0036.png,,0,True,44,55,49.6966,0.164876,reject,empty_label,W002
W002_P002_0037,crops_raw/W002_P002_0037.png,page_002.png,W002,359,297,554,353,,,0.5,0.85,True,pending,Unmatched candidate — human transcription required,data/handwritten_external/W002/metadata.csv,156,/Users/macbookpro/Desktop/Development/khmer-handwritten-word-recognition/data/handwritten_external/W002/crops_processed/W002_P002_0037.png,,0,True,195,56,59.9237,0.23663,reject,empty_label,W002
W002_P002_0038,crops_raw/W002_P002_0038.png,page_002.png,W002,551,299,654,344,,,0.5,0.95,True,pending,Unmatched candidate — human transcription required,data/handwritten_external/W002/metadata.csv,157,/Users/macbookpro/Desktop/Development/khmer-handwritten-word-recognition/data/handwritten_external/W002/crops_processed/W002_P002_0038.png,,0,True,103,45,53.7599,0.191802,reject,empty_label,W002
W002_P002_0039,crops_raw/W002_P002_0039.png,page_002.png,W002,645,308,687,333,,,0.5,0.95,True,pending,Unmatched candidate — human transcription required,data/handwritten_external/W002/metadata.csv,158,/Users/macbookpro/Desktop/Development/khmer-handwritten-word-recognition/data/handwritten_external/W002/crops_processed/W002_P002_0039.png,,0,True,42,25,62.7598,0.264762,reject,empty_label,W002
W002_P002_0040,crops_raw/W002_P002_0040.png,page_002.png,W002,42,339,264,388,,,0.5,0.85,True,pending,Unmatched candidate — human transcription required,data/handwritten_external/W002/metadata.csv,159,/Users/macbookpro/Desktop/Development/khmer-handwritten-word-recognition/data/handwritten_external/W002/crops_processed/W002_P002_0040.png,,0,True,222,49,57.2681,0.216676,reject,empty_label,W002
W002_P002_0041,crops_raw/W002_P002_0041.png,page_002.png,W002,255,335,377,381,,,0.5,0.85,True,pending,Unmatched candidate — human transcription required,data/handwritten_external/W002/metadata.csv,160,/Users/macbookpro/Desktop/Development/khmer-handwritten-word-recognition/data/handwritten_external/W002/crops_processed/W002_P002_0041.png,,0,True,122,46,55.4083,0.221668,reject,empty_label,W002
W002_P002_0042,crops_raw/W002_P002_0042.png,page_002.png,W002,366,337,445,387,,,0.5,0.85,True,pending,Unmatched candidate — human transcription required,data/handwritten_external/W002/metadata.csv,161,/Users/macbookpro/Desktop/Development/khmer-handwritten-word-recognition/data/handwritten_external/W002/crops_processed/W002_P002_0042.png,,0,True,79,50,53.7548,0.194684,reject,empty_label,W002
W002_P002_0043,crops_raw/W002_P002_0043.png,page_002.png,W002,440,335,690,389,,,0.5,0.85,True,pending,Unmatched candidate — human transcription required,data/handwritten_external/W002/metadata.csv,162,/Users/macbookpro/Desktop/Development/khmer-handwritten-word-recognition/data/handwritten_external/W002/crops_processed/W002_P002_0043.png,,0,True,250,54,55.8345,0.198444,reject,empty_label,W002
W002_P002_0044,crops_raw/W002_P002_0044.png,page_002.png,W002,40,373,292,422,,,0.5,0.85,True,pending,Unmatched candidate — human transcription required,data/handwritten_external/W002/metadata.csv,163,/Users/macbookpro/Desktop/Development/khmer-handwritten-word-recognition/data/handwritten_external/W002/crops_processed/W002_P002_0044.png,,0,True,252,49,55.6887,0.212666,reject,empty_label,W002
W002_P002_0045,crops_raw/W002_P002_0045.png,page_002.png,W002,281,380,307,400,,,0.5,0.7,True,pending,Unmatched candidate — human transcription required,data/handwritten_external/W002/metadata.csv,164,/Users/macbookpro/Desktop/Development/khmer-handwritten-word-recognition/data/handwritten_external/W002/crops_processed/W002_P002_0045.png,,0,True,26,20,56.7507,0.325,reject,empty_label,W002
W002_P002_0046,crops_raw/W002_P002_0046.png,page_002.png,W002,300,373,341,408,,,0.5,0.85,True,pending,Unmatched candidate — human transcription required,data/handwritten_external/W002/metadata.csv,165,/Users/macbookpro/Desktop/Development/khmer-handwritten-word-recognition/data/handwritten_external/W002/crops_processed/W002_P002_0046.png,,0,True,41,35,58.9064,0.236237,reject,empty_label,W002
W002_P002_0047,crops_raw/W002_P002_0047.png,page_002.png,W002,330,373,698,420,,,0.5,0.85,True,pending,Unmatched candidate — human transcription required,data/handwritten_external/W002/metadata.csv,166,/Users/macbookpro/Desktop/Development/khmer-handwritten-word-recognition/data/handwritten_external/W002/crops_processed/W002_P002_0047.png,,0,True,368,47,59.85,0.221381,reject,empty_label,W002
W002_P002_0048,crops_raw/W002_P002_0048.png,page_002.png,W002,43,408,237,462,,,0.5,0.95,True,pending,Unmatched candidate — human transcription required,data/handwritten_external/W002/metadata.csv,167,/Users/macbookpro/Desktop/Development/khmer-handwritten-word-recognition/data/handwritten_external/W002/crops_processed/W002_P002_0048.png,,0,True,194,54,58.0375,0.230813,reject,empty_label,W002
W002_P002_0049,crops_raw/W002_P002_0049.png,page_002.png,W002,229,423,255,446,,,0.5,0.8,True,pending,Unmatched candidate — human transcription required,data/handwritten_external/W002/metadata.csv,168,/Users/macbookpro/Desktop/Development/khmer-handwritten-word-recognition/data/handwritten_external/W002/crops_processed/W002_P002_0049.png,,0,True,26,23,48.4412,0.259197,reject,empty_label,W002
W002_P002_0050,crops_raw/W002_P002_0050.png,page_002.png,W002,250,410,532,456,,,0.5,0.95,True,pending,Unmatched candidate — human transcription required,data/handwritten_external/W002/metadata.csv,169,/Users/macbookpro/Desktop/Development/khmer-handwritten-word-recognition/data/handwritten_external/W002/crops_processed/W002_P002_0050.png,,0,True,282,46,56.2791,0.202744,reject,empty_label,W002
W002_P002_0051,crops_raw/W002_P002_0051.png,page_002.png,W002,533,409,700,457,,,0.5,0.95,True,pending,Unmatched candidate — human transcription required,data/handwritten_external/W002/metadata.csv,170,/Users/macbookpro/Desktop/Development/khmer-handwritten-word-recognition/data/handwritten_external/W002/crops_processed/W002_P002_0051.png,,0,True,167,48,57.0088,0.205589,reject,empty_label,W002
W002_P002_0052,crops_raw/W002_P002_0052.png,page_002.png,W002,44,447,255,496,,,0.5,0.95,True,pending,Unmatched candidate — human transcription required,data/handwritten_external/W002/metadata.csv,171,/Users/macbookpro/Desktop/Development/khmer-handwritten-word-recognition/data/handwritten_external/W002/crops_processed/W002_P002_0052.png,,0,True,211,49,60.7538,0.248477,reject,empty_label,W002
W002_P002_0053,crops_raw/W002_P002_0053.png,page_002.png,W002,250,461,277,484,,,0.5,0.8,True,pending,Unmatched candidate — human transcription required,data/handwritten_external/W002/metadata.csv,172,/Users/macbookpro/Desktop/Development/khmer-handwritten-word-recognition/data/handwritten_external/W002/crops_processed/W002_P002_0053.png,,0,True,27,23,47.7624,0.172303,reject,empty_label,W002
W002_P002_0054,crops_raw/W002_P002_0054.png,page_002.png,W002,276,449,458,498,,,0.5,0.95,True,pending,Unmatched candidate — human transcription required,data/handwritten_external/W002/metadata.csv,173,/Users/macbookpro/Desktop/Development/khmer-handwritten-word-recognition/data/handwritten_external/W002/crops_processed/W002_P002_0054.png,,0,True,182,49,55.8983,0.213725,reject,empty_label,W002
W002_P002_0055,crops_raw/W002_P002_0055.png,page_002.png,W002,447,445,567,492,,,0.5,0.95,True,pending,Unmatched candidate — human transcription required,data/handwritten_external/W002/metadata.csv,174,/Users/macbookpro/Desktop/Development/khmer-handwritten-word-recognition/data/handwritten_external/W002/crops_processed/W002_P002_0055.png,,0,True,120,47,54.8039,0.217021,reject,empty_label,W002
W002_P002_0056,crops_raw/W002_P002_0056.png,page_002.png,W002,555,444,693,492,,,0.5,0.95,True,pending,Unmatched candidate — human transcription required,data/handwritten_external/W002/metadata.csv,175,/Users/macbookpro/Desktop/Development/khmer-handwritten-word-recognition/data/handwritten_external/W002/crops_processed/W002_P002_0056.png,,0,True,138,48,58.5767,0.225996,reject,empty_label,W002
W002_P002_0057,crops_raw/W002_P002_0057.png,page_002.png,W002,44,484,224,534,,,0.5,0.85,True,pending,Unmatched candidate — human transcription required,data/handwritten_external/W002/metadata.csv,176,/Users/macbookpro/Desktop/Development/khmer-handwritten-word-recognition/data/handwritten_external/W002/crops_processed/W002_P002_0057.png,,0,True,180,50,57.018,0.223111,reject,empty_label,W002
W002_P002_0058,crops_raw/W002_P002_0058.png,page_002.png,W002,217,486,366,532,,,0.5,0.85,True,pending,Unmatched candidate — human transcription required,data/handwritten_external/W002/metadata.csv,177,/Users/macbookpro/Desktop/Development/khmer-handwritten-word-recognition/data/handwritten_external/W002/crops_processed/W002_P002_0058.png,,0,True,149,46,56.6179,0.199737,reject,empty_label,W002
W002_P002_0059,crops_raw/W002_P002_0059.png,page_002.png,W002,360,483,638,535,,,0.5,0.75,True,pending,Unmatched candidate — human transcription required,data/handwritten_external/W002/metadata.csv,178,/Users/macbookpro/Desktop/Development/khmer-handwritten-word-recognition/data/handwritten_external/W002/crops_processed/W002_P002_0059.png,,0,True,278,52,58.4576,0.229662,reject,empty_label,W002
W002_P002_0060,crops_raw/W002_P002_0060.png,page_002.png,W002,625,495,685,535,,,0.5,0.75,True,pending,Unmatched candidate — human transcription required,data/handwritten_external/W002/metadata.csv,179,/Users/macbookpro/Desktop/Development/khmer-handwritten-word-recognition/data/handwritten_external/W002/crops_processed/W002_P002_0060.png,,0,True,60,40,59.0104,0.236667,reject,empty_label,W002
W002_P002_0061,crops_raw/W002_P002_0061.png,page_002.png,W002,43,522,268,574,,,0.5,0.85,True,pending,Unmatched candidate — human transcription required,data/handwritten_external/W002/metadata.csv,180,/Users/macbookpro/Desktop/Development/khmer-handwritten-word-recognition/data/handwritten_external/W002/crops_processed/W002_P002_0061.png,,0,True,225,52,59.0995,0.237607,reject,empty_label,W002
W002_P002_0062,crops_raw/W002_P002_0062.png,page_002.png,W002,265,527,430,573,,,0.5,0.85,True,pending,Unmatched candidate — human transcription required,data/handwritten_external/W002/metadata.csv,181,/Users/macbookpro/Desktop/Development/khmer-handwritten-word-recognition/data/handwritten_external/W002/crops_processed/W002_P002_0062.png,,0,True,165,46,58.5944,0.23083,reject,empty_label,W002
W002_P002_0063,crops_raw/W002_P002_0063.png,page_002.png,W002,424,520,685,573,,,0.5,0.85,True,pending,Unmatched candidate — human transcription required,data/handwritten_external/W002/metadata.csv,182,/Users/macbookpro/Desktop/Development/khmer-handwritten-word-recognition/data/handwritten_external/W002/crops_processed/W002_P002_0063.png,,0,True,261,53,59.2964,0.234729,reject,empty_label,W002
W002_P002_0064,crops_raw/W002_P002_0064.png,page_002.png,W002,40,560,196,606,,,0.5,0.95,True,pending,Unmatched candidate — human transcription required,data/handwritten_external/W002/metadata.csv,183,/Users/macbookpro/Desktop/Development/khmer-handwritten-word-recognition/data/handwritten_external/W002/crops_processed/W002_P002_0064.png,,0,True,156,46,55.9784,0.222687,reject,empty_label,W002
W002_P002_0065,crops_raw/W002_P002_0065.png,page_002.png,W002,187,571,213,594,,,0.5,0.8,True,pending,Unmatched candidate — human transcription required,data/handwritten_external/W002/metadata.csv,184,/Users/macbookpro/Desktop/Development/khmer-handwritten-word-recognition/data/handwritten_external/W002/crops_processed/W002_P002_0065.png,,0,True,26,23,49.5118,0.264214,reject,empty_label,W002
W002_P002_0066,crops_raw/W002_P002_0066.png,page_002.png,W002,204,560,539,608,,,0.5,0.95,True,pending,Unmatched candidate — human transcription required,data/handwritten_external/W002/metadata.csv,185,/Users/macbookpro/Desktop/Development/khmer-handwritten-word-recognition/data/handwritten_external/W002/crops_processed/W002_P002_0066.png,,0,True,335,48,59.5202,0.239117,reject,empty_label,W002
W002_P002_0067,crops_raw/W002_P002_0067.png,page_002.png,W002,531,558,694,609,,,0.5,0.95,True,pending,Unmatched candidate — human transcription required,data/handwritten_external/W002/metadata.csv,186,/Users/macbookpro/Desktop/Development/khmer-handwritten-word-recognition/data/handwritten_external/W002/crops_processed/W002_P002_0067.png,,0,True,163,51,55.3987,0.203777,reject,empty_label,W002
W002_P002_0068,crops_raw/W002_P002_0068.png,page_002.png,W002,45,599,351,645,,,0.5,0.95,True,pending,Unmatched candidate — human transcription required,data/handwritten_external/W002/metadata.csv,187,/Users/macbookpro/Desktop/Development/khmer-handwritten-word-recognition/data/handwritten_external/W002/crops_processed/W002_P002_0068.png,,0,True,306,46,55.7706,0.212347,reject,empty_label,W002
W002_P002_0069,crops_raw/W002_P002_0069.png,page_002.png,W002,351,595,594,640,,,0.5,0.95,True,pending,Unmatched candidate — human transcription required,data/handwritten_external/W002/metadata.csv,188,/Users/macbookpro/Desktop/Development/khmer-handwritten-word-recognition/data/handwritten_external/W002/crops_processed/W002_P002_0069.png,,0,True,243,45,56.7709,0.2246,reject,empty_label,W002
W002_P002_0070,crops_raw/W002_P002_0070.png,page_002.png,W002,587,594,688,639,,,0.5,0.95,True,pending,Unmatched candidate — human transcription required,data/handwritten_external/W002/metadata.csv,189,/Users/macbookpro/Desktop/Development/khmer-handwritten-word-recognition/data/handwritten_external/W002/crops_processed/W002_P002_0070.png,,0,True,101,45,51.1414,0.165237,reject,empty_label,W002
W002_P002_0071,crops_raw/W002_P002_0071.png,page_002.png,W002,46,637,128,679,,,0.5,0.95,True,pending,Unmatched candidate — human transcription required,data/handwritten_external/W002/metadata.csv,190,/Users/macbookpro/Desktop/Development/khmer-handwritten-word-recognition/data/handwritten_external/W002/crops_processed/W002_P002_0071.png,,0,True,82,42,38.633,0.1536,reject,empty_label,W002
W002_P002_0072,crops_raw/W002_P002_0072.png,page_002.png,W002,136,636,188,672,,,0.5,0.95,True,pending,Unmatched candidate — human transcription required,data/handwritten_external/W002/metadata.csv,191,/Users/macbookpro/Desktop/Development/khmer-handwritten-word-recognition/data/handwritten_external/W002/crops_processed/W002_P002_0072.png,,0,True,52,36,57.3405,0.247329,reject,empty_label,W002
W002_P002_0073,crops_raw/W002_P002_0073.png,page_002.png,W002,176,635,248,688,,,0.5,0.95,True,pending,Unmatched candidate — human transcription required,data/handwritten_external/W002/metadata.csv,192,/Users/macbookpro/Desktop/Development/khmer-handwritten-word-recognition/data/handwritten_external/W002/crops_processed/W002_P002_0073.png,,0,True,72,53,47.4938,0.178197,reject,empty_label,W002
W002_P002_0074,crops_raw/W002_P002_0074.png,page_002.png,W002,250,635,474,693,,,0.5,0.85,True,pending,Unmatched candidate — human transcription required,data/handwritten_external/W002/metadata.csv,193,/Users/macbookpro/Desktop/Development/khmer-handwritten-word-recognition/data/handwritten_external/W002/crops_processed/W002_P002_0074.png,,0,True,224,58,60.0239,0.24746,reject,empty_label,W002
W002_P002_0075,crops_raw/W002_P002_0075.png,page_002.png,W002,461,633,596,693,,,0.5,0.85,True,pending,Unmatched candidate — human transcription required,data/handwritten_external/W002/metadata.csv,194,/Users/macbookpro/Desktop/Development/khmer-handwritten-word-recognition/data/handwritten_external/W002/crops_processed/W002_P002_0075.png,,0,True,135,60,56.2224,0.21321,reject,empty_label,W002
W002_P002_0076,crops_raw/W002_P002_0076.png,page_002.png,W002,584,634,691,683,,,0.5,0.95,True,pending,Unmatched candidate — human transcription required,data/handwritten_external/W002/metadata.csv,195,/Users/macbookpro/Desktop/Development/khmer-handwritten-word-recognition/data/handwritten_external/W002/crops_processed/W002_P002_0076.png,,0,True,107,49,51.3676,0.192447,reject,empty_label,W002
W002_P002_0077,crops_raw/W002_P002_0077.png,page_002.png,W002,43,679,121,722,,,0.5,0.95,True,pending,Unmatched candidate — human transcription required,data/handwritten_external/W002/metadata.csv,196,/Users/macbookpro/Desktop/Development/khmer-handwritten-word-recognition/data/handwritten_external/W002/crops_processed/W002_P002_0077.png,,0,True,78,43,47.5935,0.167263,reject,empty_label,W002
W002_P002_0078,crops_raw/W002_P002_0078.png,page_002.png,W002,113,674,305,712,,,0.5,0.95,True,pending,Unmatched candidate — human transcription required,data/handwritten_external/W002/metadata.csv,197,/Users/macbookpro/Desktop/Development/khmer-handwritten-word-recognition/data/handwritten_external/W002/crops_processed/W002_P002_0078.png,,0,True,192,38,59.0779,0.225466,reject,empty_label,W002
W002_P002_0079,crops_raw/W002_P002_0079.png,page_002.png,W002,297,684,321,709,,,0.5,0.8,True,pending,Unmatched candidate — human transcription required,data/handwritten_external/W002/metadata.csv,198,/Users/macbookpro/Desktop/Development/khmer-handwritten-word-recognition/data/handwritten_external/W002/crops_processed/W002_P002_0079.png,,0,True,24,25,49.9196,0.225,reject,empty_label,W002
W002_P002_0080,crops_raw/W002_P002_0080.png,page_002.png,W002,310,671,600,721,,,0.5,0.95,True,pending,Unmatched candidate — human transcription required,data/handwritten_external/W002/metadata.csv,199,/Users/macbookpro/Desktop/Development/khmer-handwritten-word-recognition/data/handwritten_external/W002/crops_processed/W002_P002_0080.png,,0,True,290,50,55.8226,0.21,reject,empty_label,W002
W002_P002_0081,crops_raw/W002_P002_0081.png,page_002.png,W002,588,673,697,714,,,0.5,0.95,True,pending,Unmatched candidate — human transcription required,data/handwritten_external/W002/metadata.csv,200,/Users/macbookpro/Desktop/Development/khmer-handwritten-word-recognition/data/handwritten_external/W002/crops_processed/W002_P002_0081.png,,0,True,109,41,51.1571,0.178116,reject,empty_label,W002
W002_P002_0082,crops_raw/W002_P002_0082.png,page_002.png,W002,45,709,454,761,,,0.5,0.85,True,pending,Unmatched candidate — human transcription required,data/handwritten_external/W002/metadata.csv,201,/Users/macbookpro/Desktop/Development/khmer-handwritten-word-recognition/data/handwritten_external/W002/crops_processed/W002_P002_0082.png,,0,True,409,52,56.7276,0.212197,reject,empty_label,W002
W002_P002_0083,crops_raw/W002_P002_0083.png,page_002.png,W002,441,709,589,761,,,0.5,0.85,True,pending,Unmatched candidate — human transcription required,data/handwritten_external/W002/metadata.csv,202,/Users/macbookpro/Desktop/Development/khmer-handwritten-word-recognition/data/handwritten_external/W002/crops_processed/W002_P002_0083.png,,0,True,148,52,56.5872,0.206341,reject,empty_label,W002
W002_P002_0084,crops_raw/W002_P002_0084.png,page_002.png,W002,579,720,605,745,,,0.5,0.8,True,pending,Unmatched candidate — human transcription required,data/handwritten_external/W002/metadata.csv,203,/Users/macbookpro/Desktop/Development/khmer-handwritten-word-recognition/data/handwritten_external/W002/crops_processed/W002_P002_0084.png,,0,True,26,25,49.0687,0.218462,reject,empty_label,W002
W002_P002_0085,crops_raw/W002_P002_0085.png,page_002.png,W002,601,709,696,757,,,0.5,0.95,True,pending,Unmatched candidate — human transcription required,data/handwritten_external/W002/metadata.csv,204,/Users/macbookpro/Desktop/Development/khmer-handwritten-word-recognition/data/handwritten_external/W002/crops_processed/W002_P002_0085.png,,0,True,95,48,51.9253,0.164035,reject,empty_label,W002
W002_P002_0086,crops_raw/W002_P002_0086.png,page_002.png,W002,43,735,320,794,,,0.5,0.85,True,pending,Unmatched candidate — human transcription required,data/handwritten_external/W002/metadata.csv,205,/Users/macbookpro/Desktop/Development/khmer-handwritten-word-recognition/data/handwritten_external/W002/crops_processed/W002_P002_0086.png,,0,True,277,59,59.9548,0.242979,reject,empty_label,W002
W002_P002_0087,crops_raw/W002_P002_0087.png,page_002.png,W002,315,745,692,803,,,0.5,0.85,True,pending,Unmatched candidate — human transcription required,data/handwritten_external/W002/metadata.csv,206,/Users/macbookpro/Desktop/Development/khmer-handwritten-word-recognition/data/handwritten_external/W002/crops_processed/W002_P002_0087.png,,0,True,377,58,57.6708,0.213757,reject,empty_label,W002
W002_P002_0088,crops_raw/W002_P002_0088.png,page_002.png,W002,43,770,277,837,,,0.5,0.95,True,pending,Unmatched candidate — human transcription required,data/handwritten_external/W002/metadata.csv,207,/Users/macbookpro/Desktop/Development/khmer-handwritten-word-recognition/data/handwritten_external/W002/crops_processed/W002_P002_0088.png,,0,True,234,67,61.9137,0.260748,reject,empty_label,W002
W002_P002_0089,crops_raw/W002_P002_0089.png,page_002.png,W002,268,797,294,821,,,0.5,0.8,True,pending,Unmatched candidate — human transcription required,data/handwritten_external/W002/metadata.csv,208,/Users/macbookpro/Desktop/Development/khmer-handwritten-word-recognition/data/handwritten_external/W002/crops_processed/W002_P002_0089.png,,0,True,26,24,48.6013,0.208333,reject,empty_label,W002
W002_P002_0090,crops_raw/W002_P002_0090.png,page_002.png,W002,289,781,414,841,,,0.5,0.85,True,pending,Unmatched candidate — human transcription required,data/handwritten_external/W002/metadata.csv,209,/Users/macbookpro/Desktop/Development/khmer-handwritten-word-recognition/data/handwritten_external/W002/crops_processed/W002_P002_0090.png,,0,True,125,60,54.3702,0.1932,reject,empty_label,W002
W002_P002_0091,crops_raw/W002_P002_0091.png,page_002.png,W002,401,781,483,841,,,0.5,0.85,True,pending,Unmatched candidate — human transcription required,data/handwritten_external/W002/metadata.csv,210,/Users/macbookpro/Desktop/Development/khmer-handwritten-word-recognition/data/handwritten_external/W002/crops_processed/W002_P002_0091.png,,0,True,82,60,54.4677,0.178659,reject,empty_label,W002
W002_P002_0092,crops_raw/W002_P002_0092.png,page_002.png,W002,470,781,653,841,,,0.5,0.85,True,pending,Unmatched candidate — human transcription required,data/handwritten_external/W002/metadata.csv,211,/Users/macbookpro/Desktop/Development/khmer-handwritten-word-recognition/data/handwritten_external/W002/crops_processed/W002_P002_0092.png,,0,True,183,60,57.7714,0.198998,reject,empty_label,W002
W002_P002_0093,crops_raw/W002_P002_0093.png,page_002.png,W002,644,796,670,819,,,0.5,0.8,True,pending,Unmatched candidate — human transcription required,data/handwritten_external/W002/metadata.csv,212,/Users/macbookpro/Desktop/Development/khmer-handwritten-word-recognition/data/handwritten_external/W002/crops_processed/W002_P002_0093.png,,0,True,26,23,49.6102,0.197324,reject,empty_label,W002
W002_P002_0094,crops_raw/W002_P002_0094.png,page_002.png,W002,45,822,148,874,,,0.5,0.85,True,pending,Unmatched candidate — human transcription required,data/handwritten_external/W002/metadata.csv,213,/Users/macbookpro/Desktop/Development/khmer-handwritten-word-recognition/data/handwritten_external/W002/crops_processed/W002_P002_0094.png,,0,True,103,52,51.0631,0.197535,reject,empty_label,W002
W002_P002_0095,crops_raw/W002_P002_0095.png,page_002.png,W002,135,822,426,874,,,0.5,0.85,True,pending,Unmatched candidate — human transcription required,data/handwritten_external/W002/metadata.csv,214,/Users/macbookpro/Desktop/Development/khmer-handwritten-word-recognition/data/handwritten_external/W002/crops_processed/W002_P002_0095.png,,0,True,291,52,57.0219,0.206186,reject,empty_label,W002
W002_P002_0096,crops_raw/W002_P002_0096.png,page_002.png,W002,419,823,562,868,,,0.5,0.85,True,pending,Unmatched candidate — human transcription required,data/handwritten_external/W002/metadata.csv,215,/Users/macbookpro/Desktop/Development/khmer-handwritten-word-recognition/data/handwritten_external/W002/crops_processed/W002_P002_0096.png,,0,True,143,45,56.9653,0.198135,reject,empty_label,W002
W002_P002_0097,crops_raw/W002_P002_0097.png,page_002.png,W002,549,823,625,865,,,0.5,0.85,True,pending,Unmatched candidate — human transcription required,data/handwritten_external/W002/metadata.csv,216,/Users/macbookpro/Desktop/Development/khmer-handwritten-word-recognition/data/handwritten_external/W002/crops_processed/W002_P002_0097.png,,0,True,76,42,48.8589,0.160088,reject,empty_label,W002
W002_P002_0098,crops_raw/W002_P002_0098.png,page_002.png,W002,618,822,685,858,,,0.5,0.95,True,pending,Unmatched candidate — human transcription required,data/handwritten_external/W002/metadata.csv,217,/Users/macbookpro/Desktop/Development/khmer-handwritten-word-recognition/data/handwritten_external/W002/crops_processed/W002_P002_0098.png,,0,True,67,36,58.5502,0.218076,reject,empty_label,W002
W002_P002_0099,crops_raw/W002_P002_0099.png,page_002.png,W002,46,860,211,915,,,0.5,0.85,True,pending,Unmatched candidate — human transcription required,data/handwritten_external/W002/metadata.csv,218,/Users/macbookpro/Desktop/Development/khmer-handwritten-word-recognition/data/handwritten_external/W002/crops_processed/W002_P002_0099.png,,0,True,165,55,55.4114,0.197576,reject,empty_label,W002
W002_P002_0100,crops_raw/W002_P002_0100.png,page_002.png,W002,207,870,345,907,,,0.5,0.85,True,pending,Unmatched candidate — human transcription required,data/handwritten_external/W002/metadata.csv,219,/Users/macbookpro/Desktop/Development/khmer-handwritten-word-recognition/data/handwritten_external/W002/crops_processed/W002_P002_0100.png,,0,True,138,37,56.9449,0.211124,reject,empty_label,W002
W002_P002_0101,crops_raw/W002_P002_0101.png,page_002.png,W002,342,859,684,908,,,0.5,0.85,True,pending,Unmatched candidate — human transcription required,data/handwritten_external/W002/metadata.csv,220,/Users/macbookpro/Desktop/Development/khmer-handwritten-word-recognition/data/handwritten_external/W002/crops_processed/W002_P002_0101.png,,0,True,342,49,60.1097,0.22998,reject,empty_label,W002
W002_P002_0102,crops_raw/W002_P002_0102.png,page_002.png,W002,44,906,81,937,,,0.5,0.85,True,pending,Unmatched candidate — human transcription required,data/handwritten_external/W002/metadata.csv,221,/Users/macbookpro/Desktop/Development/khmer-handwritten-word-recognition/data/handwritten_external/W002/crops_processed/W002_P002_0102.png,,0,True,37,31,55.1569,0.189189,reject,empty_label,W002
W002_P002_0103,crops_raw/W002_P002_0103.png,page_002.png,W002,71,899,317,950,,,0.5,0.85,True,pending,Unmatched candidate — human transcription required,data/handwritten_external/W002/metadata.csv,222,/Users/macbookpro/Desktop/Development/khmer-handwritten-word-recognition/data/handwritten_external/W002/crops_processed/W002_P002_0103.png,,0,True,246,51,59.7217,0.232345,reject,empty_label,W002
W002_P002_0104,crops_raw/W002_P002_0104.png,page_002.png,W002,312,896,685,948,,,0.5,0.85,True,pending,Unmatched candidate — human transcription required,data/handwritten_external/W002/metadata.csv,223,/Users/macbookpro/Desktop/Development/khmer-handwritten-word-recognition/data/handwritten_external/W002/crops_processed/W002_P002_0104.png,,0,True,373,52,59.6627,0.220458,reject,empty_label,W002
W002_P002_0105,crops_raw/W002_P002_0105.png,page_002.png,W002,44,934,104,971,,,0.5,0.95,True,pending,Unmatched candidate — human transcription required,data/handwritten_external/W002/metadata.csv,224,/Users/macbookpro/Desktop/Development/khmer-handwritten-word-recognition/data/handwritten_external/W002/crops_processed/W002_P002_0105.png,,0,True,60,37,49.3751,0.183333,reject,empty_label,W002
W002_P002_0106,crops_raw/W002_P002_0106.png,page_002.png,W002,94,948,121,971,,,0.5,0.8,True,pending,Unmatched candidate — human transcription required,data/handwritten_external/W002/metadata.csv,225,/Users/macbookpro/Desktop/Development/khmer-handwritten-word-recognition/data/handwritten_external/W002/crops_processed/W002_P002_0106.png,,0,True,27,23,47.3624,0.186795,reject,empty_label,W002
W002_P002_0107,crops_raw/W002_P002_0107.png,page_002.png,W002,116,936,347,986,,,0.5,0.95,True,pending,Unmatched candidate — human transcription required,data/handwritten_external/W002/metadata.csv,226,/Users/macbookpro/Desktop/Development/khmer-handwritten-word-recognition/data/handwritten_external/W002/crops_processed/W002_P002_0107.png,,0,True,231,50,60.4882,0.23039,reject,empty_label,W002
W002_P002_0108,crops_raw/W002_P002_0108.png,page_002.png,W002,337,947,381,988,,,0.5,0.95,True,pending,Unmatched candidate — human transcription required,data/handwritten_external/W002/metadata.csv,227,/Users/macbookpro/Desktop/Development/khmer-handwritten-word-recognition/data/handwritten_external/W002/crops_processed/W002_P002_0108.png,,0,True,44,41,51.1453,0.172395,reject,empty_label,W002
W002_P002_0109,crops_raw/W002_P002_0109.png,page_002.png,W002,372,937,636,989,,,0.5,0.95,True,pending,Unmatched candidate — human transcription required,data/handwritten_external/W002/metadata.csv,228,/Users/macbookpro/Desktop/Development/khmer-handwritten-word-recognition/data/handwritten_external/W002/crops_processed/W002_P002_0109.png,,0,True,264,52,61.291,0.228074,reject,empty_label,W002
W002_P002_0110,crops_raw/W002_P002_0110.png,page_002.png,W002,638,946,667,972,,,0.5,0.8,True,pending,Unmatched candidate — human transcription required,data/handwritten_external/W002/metadata.csv,229,/Users/macbookpro/Desktop/Development/khmer-handwritten-word-recognition/data/handwritten_external/W002/crops_processed/W002_P002_0110.png,,0,True,29,26,49.152,0.147215,reject,empty_label,W002
W001_P001_0068,crops_raw/W001_P001_0068.png,page_001.png,W001,482,640,508,660,“,“,0.96,0.8,True,pending,narrow component,data/handwritten_external/W001/metadata.csv,69,/Users/macbookpro/Desktop/Development/khmer-handwritten-word-recognition/data/handwritten_external/W001/crops_processed/W001_P001_0068.png,“,1,True,26,20,55.8711,0.584615,reject,no_khmer_character,W001
W001_P001_0098,crops_raw/W001_P001_0098.png,page_001.png,W001,316,793,341,815,“,“,0.96,0.8,True,pending,narrow component,data/handwritten_external/W001/metadata.csv,99,/Users/macbookpro/Desktop/Development/khmer-handwritten-word-recognition/data/handwritten_external/W001/crops_processed/W001_P001_0098.png,“,1,True,25,22,50.7669,0.541818,reject,no_khmer_character,W001
W001_P001_0101,crops_raw/W001_P001_0101.png,page_001.png,W001,432,784,508,844,”,”,0.96,0.85,True,pending,,data/handwritten_external/W001/metadata.csv,102,/Users/macbookpro/Desktop/Development/khmer-handwritten-word-recognition/data/handwritten_external/W001/crops_processed/W001_P001_0101.png,”,1,True,76,60,58.3275,0.283114,reject,no_khmer_character,W001
W001_P001_0115,crops_raw/W001_P001_0115.png,page_001.png,W001,480,846,507,870,“,“,0.96,0.8,True,pending,narrow component,data/handwritten_external/W001/metadata.csv,116,/Users/macbookpro/Desktop/Development/khmer-handwritten-word-recognition/data/handwritten_external/W001/crops_processed/W001_P001_0115.png,“,1,True,27,24,53.1484,0.524691,reject,no_khmer_character,W001
W001_P001_0118,crops_raw/W001_P001_0118.png,page_001.png,W001,566,838,655,877,”,”,0.96,0.95,True,pending,,data/handwritten_external/W001/metadata.csv,119,/Users/macbookpro/Desktop/Development/khmer-handwritten-word-recognition/data/handwritten_external/W001/crops_processed/W001_P001_0118.png,”,1,True,89,39,48.8922,0.207433,reject,no_khmer_character,W001
W001_P001_0127,crops_raw/W001_P001_0127.png,page_001.png,W001,482,863,567,905,“,“,0.96,0.95,True,pending,,data/handwritten_external/W001/metadata.csv,128,/Users/macbookpro/Desktop/Development/khmer-handwritten-word-recognition/data/handwritten_external/W001/crops_processed/W001_P001_0127.png,“,1,True,85,42,50.5712,0.201681,reject,no_khmer_character,W001
W001_P001_0129,crops_raw/W001_P001_0129.png,page_001.png,W001,574,869,688,903,”,”,0.96,0.95,True,pending,,data/handwritten_external/W001/metadata.csv,130,/Users/macbookpro/Desktop/Development/khmer-handwritten-word-recognition/data/handwritten_external/W001/crops_processed/W001_P001_0129.png,”,1,True,114,34,52.3774,0.201754,reject,no_khmer_character,W001
W001_P002_0040,crops_raw/W001_P002_0040.png,page_002.png,W001,650,359,688,389,...,...,0.95,0.95,True,pending,,data/handwritten_external/W001/metadata.csv,196,/Users/macbookpro/Desktop/Development/khmer-handwritten-word-recognition/data/handwritten_external/W001/crops_processed/W001_P002_0040.png,...,3,True,38,30,58.4293,0.331579,reject,no_khmer_character,W001
W001_P002_0044,crops_raw/W001_P002_0044.png,page_002.png,W001,470,383,688,439,...,...,0.95,0.85,True,pending,,data/handwritten_external/W001/metadata.csv,200,/Users/macbookpro/Desktop/Development/khmer-handwritten-word-recognition/data/handwritten_external/W001/crops_processed/W001_P002_0044.png,...,3,True,218,56,58.3458,0.336091,reject,no_khmer_character,W001
W001_P002_0080,crops_raw/W001_P002_0080.png,page_002.png,W001,639,535,688,568,...,...,0.95,0.95,True,pending,,data/handwritten_external/W001/metadata.csv,236,/Users/macbookpro/Desktop/Development/khmer-handwritten-word-recognition/data/handwritten_external/W001/crops_processed/W001_P002_0080.png,...,3,True,49,33,59.1514,0.312307,reject,no_khmer_character,W001
W001_P002_0172,crops_raw/W001_P002_0172.png,page_002.png,W001,197,865,224,886,“,“,0.97,0.8,True,pending,narrow component,data/handwritten_external/W001/metadata.csv,328,/Users/macbookpro/Desktop/Development/khmer-handwritten-word-recognition/data/handwritten_external/W001/crops_processed/W001_P002_0172.png,“,1,True,27,21,59.5595,0.460317,reject,no_khmer_character,W001
W001_P002_0176,crops_raw/W001_P002_0176.png,page_002.png,W001,403,865,435,903,”,”,0.97,0.8,True,pending,narrow component,data/handwritten_external/W001/metadata.csv,332,/Users/macbookpro/Desktop/Development/khmer-handwritten-word-recognition/data/handwritten_external/W001/crops_processed/W001_P002_0176.png,”,1,True,32,38,48.6237,0.260691,reject,no_khmer_character,W001
W001_P006_0002,crops_raw/W001_P006_0002.png,page_006.png,W001,166,227,194,248,»,»,0.96,0.8,True,pending,narrow component,data/handwritten_external/W001/metadata.csv,1046,/Users/macbookpro/Desktop/Development/khmer-handwritten-word-recognition/data/handwritten_external/W001/crops_processed/W001_P006_0002.png,»,1,True,28,21,53.2227,0.370748,reject,no_khmer_character,W001
W001_P006_0045,crops_raw/W001_P006_0045.png,page_006.png,W001,440,386,466,406,«,«,0.96,0.8,True,pending,narrow component,data/handwritten_external/W001/metadata.csv,1089,/Users/macbookpro/Desktop/Development/khmer-handwritten-word-recognition/data/handwritten_external/W001/crops_processed/W001_P006_0045.png,«,1,True,26,20,61.838,0.532692,reject,no_khmer_character,W001
W001_P006_0046,crops_raw/W001_P006_0046.png,page_006.png,W001,545,386,571,410,»,»,0.96,0.8,True,pending,narrow component,data/handwritten_external/W001/metadata.csv,1090,/Users/macbookpro/Desktop/Development/khmer-handwritten-word-recognition/data/handwritten_external/W001/crops_processed/W001_P006_0046.png,»,1,True,26,24,54.8998,0.442308,reject,no_khmer_character,W001
W001_P006_0136,crops_raw/W001_P006_0136.png,page_006.png,W001,640,714,686,746,...,...,0.85,0.95,True,pending,,data/handwritten_external/W001/metadata.csv,1180,/Users/macbookpro/Desktop/Development/khmer-handwritten-word-recognition/data/handwritten_external/W001/crops_processed/W001_P006_0136.png,...,3,True,46,32,56.042,0.3125,reject,no_khmer_character,W001
W001_P006_0143,crops_raw/W001_P006_0143.png,page_006.png,W001,491,745,584,773,...,...,0.85,0.95,True,pending,,data/handwritten_external/W001/metadata.csv,1187,/Users/macbookpro/Desktop/Development/khmer-handwritten-word-recognition/data/handwritten_external/W001/crops_processed/W001_P006_0143.png,...,3,True,93,28,50.7269,0.265745,reject,no_khmer_character,W001
W001_P006_0149,crops_raw/W001_P006_0149.png,page_006.png,W001,367,785,396,805,...,...,0.85,0.8,True,pending,narrow component,data/handwritten_external/W001/metadata.csv,1193,/Users/macbookpro/Desktop/Development/khmer-handwritten-word-recognition/data/handwritten_external/W001/crops_processed/W001_P006_0149.png,...,3,True,29,20,64.5217,0.574138,reject,no_khmer_character,W001
W001_P006_0168,crops_raw/W001_P006_0168.png,page_006.png,W001,651,824,688,847,...,...,0.85,0.8,True,pending,narrow component,data/handwritten_external/W001/metadata.csv,1212,/Users/macbookpro/Desktop/Development/khmer-handwritten-word-recognition/data/handwritten_external/W001/crops_processed/W001_P006_0168.png,...,3,True,37,23,57.9883,0.383079,reject,no_khmer_character,W001
W001_P006_0187,crops_raw/W001_P006_0187.png,page_006.png,W001,632,900,688,933,...,...,0.85,0.95,True,pending,,data/handwritten_external/W001/metadata.csv,1231,/Users/macbookpro/Desktop/Development/khmer-handwritten-word-recognition/data/handwritten_external/W001/crops_processed/W001_P006_0187.png,...,3,True,56,33,52.8555,0.286255,reject,no_khmer_character,W001
W001_P007_0014,crops_raw/W001_P007_0014.png,page_007.png,W001,636,260,688,285,...,...,0.85,0.95,False,pending,,data/handwritten_external/W001/metadata.csv,1266,/Users/macbookpro/Desktop/Development/khmer-handwritten-word-recognition/data/handwritten_external/W001/crops_processed/W001_P007_0014.png,...,3,True,52,25,56.0621,0.290769,reject,no_khmer_character,W001
W001_P007_0023,crops_raw/W001_P007_0023.png,page_007.png,W001,636,285,688,309,...,...,0.85,0.95,False,pending,,data/handwritten_external/W001/metadata.csv,1275,/Users/macbookpro/Desktop/Development/khmer-handwritten-word-recognition/data/handwritten_external/W001/crops_processed/W001_P007_0023.png,...,3,True,52,24,60.1861,0.323718,reject,no_khmer_character,W001
W001_P007_0042,crops_raw/W001_P007_0042.png,page_007.png,W001,152,364,180,385,“,“,0.96,0.8,True,pending,narrow component,data/handwritten_external/W001/metadata.csv,1294,/Users/macbookpro/Desktop/Development/khmer-handwritten-word-recognition/data/handwritten_external/W001/crops_processed/W001_P007_0042.png,“,1,True,28,21,50.5521,0.394558,reject,no_khmer_character,W001
W001_P007_0045,crops_raw/W001_P007_0045.png,page_007.png,W001,379,360,407,382,”,”,0.96,0.8,True,pending,narrow component,data/handwritten_external/W001/metadata.csv,1297,/Users/macbookpro/Desktop/Development/khmer-handwritten-word-recognition/data/handwritten_external/W001/crops_processed/W001_P007_0045.png,”,1,True,28,22,50.0278,0.285714,reject,no_khmer_character,W001
W001_P007_0118,crops_raw/W001_P007_0118.png,page_007.png,W001,420,583,598,626,...,...,0.85,0.95,False,pending,,data/handwritten_external/W001/metadata.csv,1370,/Users/macbookpro/Desktop/Development/khmer-handwritten-word-recognition/data/handwritten_external/W001/crops_processed/W001_P007_0118.png,...,3,True,178,43,52.8427,0.248628,reject,no_khmer_character,W001
W001_P007_0119,crops_raw/W001_P007_0119.png,page_007.png,W001,592,590,639,627,...,...,0.85,0.95,False,pending,,data/handwritten_external/W001/metadata.csv,1371,/Users/macbookpro/Desktop/Development/khmer-handwritten-word-recognition/data/handwritten_external/W001/crops_processed/W001_P007_0119.png,...,3,True,47,37,55.1636,0.265095,reject,no_khmer_character,W001
W001_P007_0120,crops_raw/W001_P007_0120.png,page_007.png,W001,651,592,682,617,...,...,0.85,0.8,True,pending,narrow component,data/handwritten_external/W001/metadata.csv,1372,/Users/macbookpro/Desktop/Development/khmer-handwritten-word-recognition/data/handwritten_external/W001/crops_processed/W001_P007_0120.png,...,3,True,31,25,64.8422,0.430968,reject,no_khmer_character,W001
W001_P007_0133,crops_raw/W001_P007_0133.png,page_007.png,W001,543,638,612,683,...,...,0.85,0.95,False,pending,,data/handwritten_external/W001/metadata.csv,1385,/Users/macbookpro/Desktop/Development/khmer-handwritten-word-recognition/data/handwritten_external/W001/crops_processed/W001_P007_0133.png,...,3,True,69,45,50.6618,0.249275,reject,no_khmer_character,W001
W001_P007_0141,crops_raw/W001_P007_0141.png,page_007.png,W001,598,667,688,707,...,...,0.85,0.95,False,pending,,data/handwritten_external/W001/metadata.csv,1393,/Users/macbookpro/Desktop/Development/khmer-handwritten-word-recognition/data/handwritten_external/W001/crops_processed/W001_P007_0141.png,...,3,True,90,40,48.9479,0.256111,reject,no_khmer_character,W001
W001_P007_0153,crops_raw/W001_P007_0153.png,page_007.png,W001,632,717,687,757,...,...,0.85,0.95,False,pending,,data/handwritten_external/W001/metadata.csv,1405,/Users/macbookpro/Desktop/Development/khmer-handwritten-word-recognition/data/handwritten_external/W001/crops_processed/W001_P007_0153.png,...,3,True,55,40,51.642,0.249545,reject,no_khmer_character,W001
W001_P007_0160,crops_raw/W001_P007_0160.png,page_007.png,W001,579,743,644,777,...,...,0.85,0.95,False,pending,,data/handwritten_external/W001/metadata.csv,1412,/Users/macbookpro/Desktop/Development/khmer-handwritten-word-recognition/data/handwritten_external/W001/crops_processed/W001_P007_0160.png,...,3,True,65,34,52.6681,0.257014,reject,no_khmer_character,W001
W001_P007_0161,crops_raw/W001_P007_0161.png,page_007.png,W001,645,738,688,768,...,...,0.85,0.95,False,pending,,data/handwritten_external/W001/metadata.csv,1413,/Users/macbookpro/Desktop/Development/khmer-handwritten-word-recognition/data/handwritten_external/W001/crops_processed/W001_P007_0161.png,...,3,True,43,30,62.6739,0.330233,reject,no_khmer_character,W001
W001_P007_0168,crops_raw/W001_P007_0168.png,page_007.png,W001,611,762,688,803,...,...,0.85,0.95,False,pending,,data/handwritten_external/W001/metadata.csv,1420,/Users/macbookpro/Desktop/Development/khmer-handwritten-word-recognition/data/handwritten_external/W001/crops_processed/W001_P007_0168.png,...,3,True,77,41,45.2987,0.171365,reject,no_khmer_character,W001
W001_P007_0176,crops_raw/W001_P007_0176.png,page_007.png,W001,632,811,688,842,...,...,0.85,0.95,False,pending,,data/handwritten_external/W001/metadata.csv,1428,/Users/macbookpro/Desktop/Development/khmer-handwritten-word-recognition/data/handwritten_external/W001/crops_processed/W001_P007_0176.png,...,3,True,56,31,52.3691,0.233295,reject,no_khmer_character,W001
W001_P007_0183,crops_raw/W001_P007_0183.png,page_007.png,W001,622,844,652,865,...,...,0.85,0.8,True,pending,narrow component,data/handwritten_external/W001/metadata.csv,1435,/Users/macbookpro/Desktop/Development/khmer-handwritten-word-recognition/data/handwritten_external/W001/crops_processed/W001_P007_0183.png,...,3,True,30,21,50.9921,0.303175,reject,no_khmer_character,W001
W001_P007_0184,crops_raw/W001_P007_0184.png,page_007.png,W001,642,843,688,874,...,...,0.85,0.95,False,pending,,data/handwritten_external/W001/metadata.csv,1436,/Users/macbookpro/Desktop/Development/khmer-handwritten-word-recognition/data/handwritten_external/W001/crops_processed/W001_P007_0184.png,...,3,True,46,31,60.3351,0.361851,reject,no_khmer_character,W001
W001_P007_0193,crops_raw/W001_P007_0193.png,page_007.png,W001,523,860,572,894,...,...,0.85,0.95,False,pending,,data/handwritten_external/W001/metadata.csv,1445,/Users/macbookpro/Desktop/Development/khmer-handwritten-word-recognition/data/handwritten_external/W001/crops_processed/W001_P007_0193.png,...,3,True,49,34,52.5112,0.265306,reject,no_khmer_character,W001
W001_P007_0194,crops_raw/W001_P007_0194.png,page_007.png,W001,571,864,688,902,...,...,0.85,0.95,False,pending,,data/handwritten_external/W001/metadata.csv,1446,/Users/macbookpro/Desktop/Development/khmer-handwritten-word-recognition/data/handwritten_external/W001/crops_processed/W001_P007_0194.png,...,3,True,117,38,49.4469,0.246964,reject,no_khmer_character,W001
W001_P007_0201,crops_raw/W001_P007_0201.png,page_007.png,W001,549,888,683,928,...,...,0.85,0.95,False,pending,,data/handwritten_external/W001/metadata.csv,1453,/Users/macbookpro/Desktop/Development/khmer-handwritten-word-recognition/data/handwritten_external/W001/crops_processed/W001_P007_0201.png,...,3,True,134,40,51.8726,0.244963,reject,no_khmer_character,W001
W001_P007_0211,crops_raw/W001_P007_0211.png,page_007.png,W001,619,918,648,945,...,...,0.85,0.8,True,pending,narrow component,data/handwritten_external/W001/metadata.csv,1463,/Users/macbookpro/Desktop/Development/khmer-handwritten-word-recognition/data/handwritten_external/W001/crops_processed/W001_P007_0211.png,...,3,True,29,27,48.3562,0.246488,reject,no_khmer_character,W001
W001_P007_0220,crops_raw/W001_P007_0220.png,page_007.png,W001,629,935,688,968,...,...,0.85,0.95,False,pending,,data/handwritten_external/W001/metadata.csv,1472,/Users/macbookpro/Desktop/Development/khmer-handwritten-word-recognition/data/handwritten_external/W001/crops_processed/W001_P007_0220.png,...,3,True,59,33,53.6747,0.235747,reject,no_khmer_character,W001
W001_P007_0226,crops_raw/W001_P007_0226.png,page_007.png,W001,621,963,686,991,...,...,0.85,0.95,False,pending,,data/handwritten_external/W001/metadata.csv,1478,/Users/macbookpro/Desktop/Development/khmer-handwritten-word-recognition/data/handwritten_external/W001/crops_processed/W001_P007_0226.png,...,3,True,65,28,57.5047,0.267582,reject,no_khmer_character,W001
W002_P001_0004,crops_raw/W002_P001_0004.png,page_001.png,W002,309,40,337,60,“,“,0.9,0.8,True,pending,narrow component,data/handwritten_external/W002/metadata.csv,5,/Users/macbookpro/Desktop/Development/khmer-handwritten-word-recognition/data/handwritten_external/W002/crops_processed/W002_P001_0004.png,“,1,True,28,20,51.5504,0.232143,reject,no_khmer_character,W002
W002_P001_0006,crops_raw/W002_P001_0006.png,page_001.png,W002,555,45,580,67,”,”,0.9,0.8,True,pending,narrow component,data/handwritten_external/W002/metadata.csv,7,/Users/macbookpro/Desktop/Development/khmer-handwritten-word-recognition/data/handwritten_external/W002/crops_processed/W002_P001_0006.png,”,1,True,25,22,52.8537,0.289091,reject,no_khmer_character,W002
W002_P001_0055,crops_raw/W002_P001_0055.png,page_001.png,W002,158,448,184,469,”,”,0.9,0.8,True,pending,narrow component,data/handwritten_external/W002/metadata.csv,56,/Users/macbookpro/Desktop/Development/khmer-handwritten-word-recognition/data/handwritten_external/W002/crops_processed/W002_P001_0055.png,”,1,True,26,21,55.8713,0.254579,reject,no_khmer_character,W002
W002_P001_0061,crops_raw/W002_P001_0061.png,page_001.png,W002,609,485,634,519,?,?,0.95,0.8,True,pending,narrow component,data/handwritten_external/W002/metadata.csv,62,/Users/macbookpro/Desktop/Development/khmer-handwritten-word-recognition/data/handwritten_external/W002/crops_processed/W002_P001_0061.png,?,1,True,25,34,48.0334,0.188235,reject,no_khmer_character,W002
W002_P001_0083,crops_raw/W002_P001_0083.png,page_001.png,W002,586,679,613,697,“,“,0.9,0.8,True,pending,narrow component,data/handwritten_external/W002/metadata.csv,84,/Users/macbookpro/Desktop/Development/khmer-handwritten-word-recognition/data/handwritten_external/W002/crops_processed/W002_P001_0083.png,“,1,True,27,18,60.5573,0.465021,reject,no_khmer_character,W002
W001_P001_0002,crops_raw/W001_P001_0002.png,page_001.png,W001,655,377,681,397,,,0.0,0.8,True,rejected,stray margin mark / non-handwriting noise,data/handwritten_external/W001/metadata.csv,3,/Users/macbookpro/Desktop/Development/khmer-handwritten-word-recognition/data/handwritten_external/W001/crops_processed/W001_P001_0002.png,,0,True,26,20,63.1338,0.590385,reject,source_marked_rejected,W001
