crop_id,image_path,source_page,writer_id,x_min,y_min,x_max,y_max,label_raw,label_normalized,label_confidence,segmentation_confidence,review_required,review_status,notes,metadata_file,metadata_row,resolved_image_path,label,label_codepoints,image_exists,image_width,image_height,pixel_std,ink_ratio,auto_decision,auto_reason,group_id
W001_P001_0014,crops_raw/W001_P001_0014.png,page_001.png,W001,643,409,688,436,។ ការរស់,។ ការរស់,0.92,0.95,True,pending,includes punctuation khan,data/handwritten_external/W001/metadata.csv,15,/Users/macbookpro/Desktop/Development/khmer-handwritten-word-recognition/data/handwritten_external/W001/crops_processed/W001_P001_0014.png,។ ការរស់,8,True,45,27,62.6641,0.345679,review,contains_whitespace,W001
W001_P001_0050,crops_raw/W001_P001_0050.png,page_001.png,W001,539,556,688,616,និងជីវិត ។,និងជីវិត ។,0.92,0.95,True,pending,,data/handwritten_external/W001/metadata.csv,51,/Users/macbookpro/Desktop/Development/khmer-handwritten-word-recognition/data/handwritten_external/W001/crops_processed/W001_P001_0050.png,និងជីវិត ។,10,True,149,60,63.9496,0.36264,review,contains_whitespace,W001
W001_P001_0062,crops_raw/W001_P001_0062.png,page_001.png,W001,534,613,586,641,ដ៏ល្អ... ហេតុនេះ,ដ៏ល្អ... ហេតុនេះ,0.9,0.95,True,pending,informal ellipses,data/handwritten_external/W001/metadata.csv,63,/Users/macbookpro/Desktop/Development/khmer-handwritten-word-recognition/data/handwritten_external/W001/crops_processed/W001_P001_0062.png,ដ៏ល្អ... ហេតុនេះ,16,True,52,28,60.7747,0.429945,review,contains_whitespace,W001
W001_P001_0082,crops_raw/W001_P001_0082.png,page_001.png,W001,548,714,646,754,ន័យនៃទស្សនៈ ប្រធាន,ន័យនៃទស្សនៈ ប្រធាន,0.9,0.85,True,pending,,data/handwritten_external/W001/metadata.csv,83,/Users/macbookpro/Desktop/Development/khmer-handwritten-word-recognition/data/handwritten_external/W001/crops_processed/W001_P001_0082.png,ន័យនៃទស្សនៈ ប្រធាន,18,True,98,40,55.3436,0.25,review,contains_whitespace,W001
W001_P001_0085,crops_raw/W001_P001_0085.png,page_001.png,W001,245,743,327,777,ឱ្យ បាន,ឱ្យ បាន,0.94,0.85,True,pending,,data/handwritten_external/W001/metadata.csv,86,/Users/macbookpro/Desktop/Development/khmer-handwritten-word-recognition/data/handwritten_external/W001/crops_processed/W001_P001_0085.png,ឱ្យ បាន,7,True,82,34,51.8177,0.243185,review,contains_whitespace,W001
W001_P001_0091,crops_raw/W001_P001_0091.png,page_001.png,W001,391,767,423,805,យើង គប្បី,យើង គប្បី,0.93,0.8,True,pending,narrow component,data/handwritten_external/W001/metadata.csv,92,/Users/macbookpro/Desktop/Development/khmer-handwritten-word-recognition/data/handwritten_external/W001/crops_processed/W001_P001_0091.png,យើង គប្បី,9,True,32,38,65.8387,0.494243,review,contains_whitespace,W001
W001_P001_0097,crops_raw/W001_P001_0097.png,page_001.png,W001,126,789,321,833,សិន ។,សិន ។,0.95,0.95,True,pending,,data/handwritten_external/W001/metadata.csv,98,/Users/macbookpro/Desktop/Development/khmer-handwritten-word-recognition/data/handwritten_external/W001/crops_processed/W001_P001_0097.png,សិន ។,5,True,195,44,64.0085,0.359441,review,contains_whitespace,W001
W001_P001_0113,crops_raw/W001_P001_0113.png,page_001.png,W001,330,844,414,877,នៃយើង ។,នៃយើង ។,0.94,0.85,True,pending,,data/handwritten_external/W001/metadata.csv,114,/Users/macbookpro/Desktop/Development/khmer-handwritten-word-recognition/data/handwritten_external/W001/crops_processed/W001_P001_0113.png,នៃយើង ។,7,True,84,33,56.6238,0.30267,review,contains_whitespace,W001
W001_P004_0085,crops_raw/W001_P004_0085.png,page_004.png,W001,263,538,364,578,« ផ្នែកនៃការលូតលាស់,« ផ្នែកនៃការលូតលាស់,0.92,0.95,True,pending,,data/handwritten_external/W001/metadata.csv,682,/Users/macbookpro/Desktop/Development/khmer-handwritten-word-recognition/data/handwritten_external/W001/crops_processed/W001_P004_0085.png,« ផ្នែកនៃការលូតលាស់,19,True,101,40,47.1194,0.217079,review,contains_whitespace,W001
W001_P004_0086,crops_raw/W001_P004_0086.png,page_004.png,W001,352,544,450,577,ខាងវិទ្យាសាស្ត្រ »,ខាងវិទ្យាសាស្ត្រ »,0.93,0.85,True,pending,,data/handwritten_external/W001/metadata.csv,683,/Users/macbookpro/Desktop/Development/khmer-handwritten-word-recognition/data/handwritten_external/W001/crops_processed/W001_P004_0086.png,ខាងវិទ្យាសាស្ត្រ »,18,True,98,33,48.3359,0.202845,review,contains_whitespace,W001
W001_P004_0106,crops_raw/W001_P004_0106.png,page_004.png,W001,154,611,206,645,« កតញ្ញូកត្តវេទី,« កតញ្ញូកត្តវេទី,0.93,0.95,True,pending,,data/handwritten_external/W001/metadata.csv,703,/Users/macbookpro/Desktop/Development/khmer-handwritten-word-recognition/data/handwritten_external/W001/crops_processed/W001_P004_0106.png,« កតញ្ញូកត្តវេទី,16,True,52,34,57.6655,0.315611,review,contains_whitespace,W001
W001_P004_0107,crops_raw/W001_P004_0107.png,page_004.png,W001,197,608,484,657,របស់មនុស្សកាលណាធ្វើ »,របស់មនុស្សកាលណាធ្វើ »,0.92,0.95,True,pending,,data/handwritten_external/W001/metadata.csv,704,/Users/macbookpro/Desktop/Development/khmer-handwritten-word-recognition/data/handwritten_external/W001/crops_processed/W001_P004_0107.png,របស់មនុស្សកាលណាធ្វើ »,21,True,287,49,64.7046,0.359098,review,contains_whitespace,W001
W001_P007_0044,crops_raw/W001_P007_0044.png,page_007.png,W001,257,364,388,390,អត្តនោ នាថោ,អត្តនោ នាថោ,0.93,0.95,False,pending,,data/handwritten_external/W001/metadata.csv,1296,/Users/macbookpro/Desktop/Development/khmer-handwritten-word-recognition/data/handwritten_external/W001/crops_processed/W001_P007_0044.png,អត្តនោ នាថោ,11,True,131,26,45.2187,0.228714,review,contains_whitespace,W001
W002_P001_0007,crops_raw/W002_P001_0007.png,page_001.png,W002,570,44,682,82,។ ចូរស្រាយ,។ ចូរស្រាយ,0.9,0.95,False,pending,,data/handwritten_external/W002/metadata.csv,8,/Users/macbookpro/Desktop/Development/khmer-handwritten-word-recognition/data/handwritten_external/W002/crops_processed/W002_P001_0007.png,។ ចូរស្រាយ,10,True,112,38,49.1578,0.15719,review,contains_whitespace,W002
W002_P001_0118,crops_raw/W002_P001_0118.png,page_001.png,W002,588,936,664,984,។ ពាក្យថា,។ ពាក្យថា,0.9,0.95,False,pending,,data/handwritten_external/W002/metadata.csv,119,/Users/macbookpro/Desktop/Development/khmer-handwritten-word-recognition/data/handwritten_external/W002/crops_processed/W002_P001_0118.png,។ ពាក្យថា,9,True,76,48,47.4326,0.144737,review,contains_whitespace,W002
W001_P001_0073,crops_raw/W001_P001_0073.png,page_001.png,W001,145,658,455,718,បានធ្វើឱ្យមានវិទ្យាសាស្ត្រ,បានធ្វើឱ្យមានវិទ្យាសាស្ត្រ,0.91,0.75,True,pending,tight spacing with neighbor; compound word or continuous phrase,data/handwritten_external/W001/metadata.csv,74,/Users/macbookpro/Desktop/Development/khmer-handwritten-word-recognition/data/handwritten_external/W001/crops_processed/W001_P001_0073.png,បានធ្វើឱ្យមានវិទ្យាសាស្ត្រ,26,True,310,60,65.867,0.406667,review,long_text_segment,W001
W001_P001_0087,crops_raw/W001_P001_0087.png,page_001.png,W001,430,738,688,781,ស៊ីជម្រៅ មានន័យទូលំទូលាយស្តាប់បាន,ស៊ីជម្រៅ មានន័យទូលំទូលាយស្តាប់បាន,0.88,0.85,True,pending,continuous handwritten clause,data/handwritten_external/W001/metadata.csv,88,/Users/macbookpro/Desktop/Development/khmer-handwritten-word-recognition/data/handwritten_external/W001/crops_processed/W001_P001_0087.png,ស៊ីជម្រៅ មានន័យទូលំទូលាយស្តាប់បាន,33,True,258,43,64.8498,0.358302,review,long_text_segment,W001
W001_P002_0010,crops_raw/W001_P002_0010.png,page_002.png,W001,426,256,596,301,ដើរតួយ៉ាងសំខាន់ ណាស់ចំពោះ...,ដើរតួយ៉ាងសំខាន់ ណាស់ចំពោះ...,0.91,0.75,True,pending,compound clause; tight spacing with neighbor; compound word or continuous phrase,data/handwritten_external/W001/metadata.csv,166,/Users/macbookpro/Desktop/Development/khmer-handwritten-word-recognition/data/handwritten_external/W001/crops_processed/W001_P002_0010.png,ដើរតួយ៉ាងសំខាន់ ណាស់ចំពោះ...,28,True,170,45,51.7807,0.264183,review,long_text_segment,W001
W001_P002_0019,crops_raw/W001_P002_0019.png,page_002.png,W001,168,305,395,351,របស់ព្រះពុទ្ធសាសនាក្នុងសង្គមនេះ...,របស់ព្រះពុទ្ធសាសនាក្នុងសង្គមនេះ...,0.9,0.95,True,pending,compound phrase,data/handwritten_external/W001/metadata.csv,175,/Users/macbookpro/Desktop/Development/khmer-handwritten-word-recognition/data/handwritten_external/W001/crops_processed/W001_P002_0019.png,របស់ព្រះពុទ្ធសាសនាក្នុងសង្គមនេះ...,34,True,227,46,57.1612,0.325034,review,long_text_segment,W001
W001_P002_0056,crops_raw/W001_P002_0056.png,page_002.png,W001,160,455,403,503,បានគោរពទៅលើចិត្តគំនិតមនុស្ស,បានគោរពទៅលើចិត្តគំនិតមនុស្ស,0.9,0.85,True,pending,,data/handwritten_external/W001/metadata.csv,212,/Users/macbookpro/Desktop/Development/khmer-handwritten-word-recognition/data/handwritten_external/W001/crops_processed/W001_P002_0056.png,បានគោរពទៅលើចិត្តគំនិតមនុស្ស,27,True,243,48,55.3523,0.315415,review,long_text_segment,W001
W001_P002_0058,crops_raw/W001_P002_0058.png,page_002.png,W001,464,458,688,504,បានចាត់ទុកឱ្យធ្វើជាមនុស្សមាន,បានចាត់ទុកឱ្យធ្វើជាមនុស្សមាន,0.91,0.85,True,pending,,data/handwritten_external/W001/metadata.csv,214,/Users/macbookpro/Desktop/Development/khmer-handwritten-word-recognition/data/handwritten_external/W001/crops_processed/W001_P002_0058.png,បានចាត់ទុកឱ្យធ្វើជាមនុស្សមាន,28,True,224,46,57.336,0.317644,review,long_text_segment,W001
W001_P003_0094,crops_raw/W001_P003_0094.png,page_003.png,W001,400,535,688,598,ដូចជាការជួយផ្តល់សេចក្តីស្រឡាញ់,ដូចជាការជួយផ្តល់សេចក្តីស្រឡាញ់,0.9,0.85,True,pending,,data/handwritten_external/W001/metadata.csv,458,/Users/macbookpro/Desktop/Development/khmer-handwritten-word-recognition/data/handwritten_external/W001/crops_processed/W001_P003_0094.png,ដូចជាការជួយផ្តល់សេចក្តីស្រឡាញ់,30,True,288,63,62.0245,0.341435,review,long_text_segment,W001
W001_P005_0061,crops_raw/W001_P005_0061.png,page_005.png,W001,190,429,235,471,កម្ចាត់សេចក្តីស្មុគស្មាញ...,កម្ចាត់សេចក្តីស្មុគស្មាញ...,0.91,0.95,True,pending,,data/handwritten_external/W001/metadata.csv,868,/Users/macbookpro/Desktop/Development/khmer-handwritten-word-recognition/data/handwritten_external/W001/crops_processed/W001_P005_0061.png,កម្ចាត់សេចក្តីស្មុគស្មាញ...,27,True,45,42,61.0458,0.353968,review,long_text_segment,W001
W001_P006_0067,crops_raw/W001_P006_0067.png,page_006.png,W001,430,464,630,515,រវាងមនុស្សជាតិ... ឱ្យបានច្រើនៗ,រវាងមនុស្សជាតិ... ឱ្យបានច្រើនៗ,0.9,0.95,True,pending,,data/handwritten_external/W001/metadata.csv,1111,/Users/macbookpro/Desktop/Development/khmer-handwritten-word-recognition/data/handwritten_external/W001/crops_processed/W001_P006_0067.png,រវាងមនុស្សជាតិ... ឱ្យបានច្រើនៗ,30,True,200,51,57.3321,0.296373,review,long_text_segment,W001
W001_P006_0085,crops_raw/W001_P006_0085.png,page_006.png,W001,258,542,285,565,អ្នករងទុក្ខលំបាកស្វែងរកទីពឹង... ព្រះពុទ្ធជាអ្នកចេញ,អ្នករងទុក្ខលំបាកស្វែងរកទីពឹង... ព្រះពុទ្ធជាអ្នកចេញ,0.9,0.7,True,pending,narrow component; compound word or continuous phrase,data/handwritten_external/W001/metadata.csv,1129,/Users/macbookpro/Desktop/Development/khmer-handwritten-word-recognition/data/handwritten_external/W001/crops_processed/W001_P006_0085.png,អ្នករងទុក្ខលំបាកស្វែងរកទីពឹង... ព្រះពុទ្ធជាអ្នកចេញ,50,True,27,23,63.2291,0.497585,review,long_text_segment,W001
W001_P006_0105,crops_raw/W001_P006_0105.png,page_006.png,W001,447,614,585,655,ប្រព្រឹត្តមនុស្សឱ្យស្រឡាញ់,ប្រព្រឹត្តមនុស្សឱ្យស្រឡាញ់,0.92,0.95,True,pending,,data/handwritten_external/W001/metadata.csv,1149,/Users/macbookpro/Desktop/Development/khmer-handwritten-word-recognition/data/handwritten_external/W001/crops_processed/W001_P006_0105.png,ប្រព្រឹត្តមនុស្សឱ្យស្រឡាញ់,26,True,138,41,50.8592,0.256098,review,long_text_segment,W001
W001_P006_0110,crops_raw/W001_P006_0110.png,page_006.png,W001,316,639,546,681,ព្រះពុទ្ធចាត់ចែងជីវិតសង្គម,ព្រះពុទ្ធចាត់ចែងជីវិតសង្គម,0.91,0.95,True,pending,,data/handwritten_external/W001/metadata.csv,1154,/Users/macbookpro/Desktop/Development/khmer-handwritten-word-recognition/data/handwritten_external/W001/crops_processed/W001_P006_0110.png,ព្រះពុទ្ធចាត់ចែងជីវិតសង្គម,26,True,230,42,54.1602,0.273602,review,long_text_segment,W001
W001_P006_0119,crops_raw/W001_P006_0119.png,page_006.png,W001,335,666,380,701,ធ្វើអាក្រក់បានអាក្រក់នោះ...,ធ្វើអាក្រក់បានអាក្រក់នោះ...,0.92,0.85,True,pending,,data/handwritten_external/W001/metadata.csv,1163,/Users/macbookpro/Desktop/Development/khmer-handwritten-word-recognition/data/handwritten_external/W001/crops_processed/W001_P006_0119.png,ធ្វើអាក្រក់បានអាក្រក់នោះ...,27,True,45,35,52.8307,0.274921,review,long_text_segment,W001
W001_P006_0127,crops_raw/W001_P006_0127.png,page_006.png,W001,462,689,664,730,ឱ្យស្គាល់សីលធម៌និងគុណធម៌...,ឱ្យស្គាល់សីលធម៌និងគុណធម៌...,0.92,0.95,True,pending,,data/handwritten_external/W001/metadata.csv,1171,/Users/macbookpro/Desktop/Development/khmer-handwritten-word-recognition/data/handwritten_external/W001/crops_processed/W001_P006_0127.png,ឱ្យស្គាល់សីលធម៌និងគុណធម៌...,27,True,202,41,52.8882,0.268413,review,long_text_segment,W001
W001_P006_0137,crops_raw/W001_P006_0137.png,page_006.png,W001,81,738,225,783,អភិរក្សសិល្បៈវប្បធម៌ខ្មែរយើង...,អភិរក្សសិល្បៈវប្បធម៌ខ្មែរយើង...,0.91,0.85,True,pending,,data/handwritten_external/W001/metadata.csv,1181,/Users/macbookpro/Desktop/Development/khmer-handwritten-word-recognition/data/handwritten_external/W001/crops_processed/W001_P006_0137.png,អភិរក្សសិល្បៈវប្បធម៌ខ្មែរយើង...,31,True,144,45,54.5107,0.293364,review,long_text_segment,W001
W001_P006_0193,crops_raw/W001_P006_0193.png,page_006.png,W001,81,937,215,980,ប្រជាជនទាំងអស់ភាពកណ្តាល...,ប្រជាជនទាំងអស់ភាពកណ្តាល...,0.91,0.95,True,pending,,data/handwritten_external/W001/metadata.csv,1237,/Users/macbookpro/Desktop/Development/khmer-handwritten-word-recognition/data/handwritten_external/W001/crops_processed/W001_P006_0193.png,ប្រជាជនទាំងអស់ភាពកណ្តាល...,26,True,134,43,53.4911,0.266227,review,long_text_segment,W001
W001_P007_0109,crops_raw/W001_P007_0109.png,page_007.png,W001,128,558,557,603,គឺជាការបង្ហាញចេញនូវអំពើល្អ...,គឺជាការបង្ហាញចេញនូវអំពើល្អ...,0.91,0.95,False,pending,,data/handwritten_external/W001/metadata.csv,1361,/Users/macbookpro/Desktop/Development/khmer-handwritten-word-recognition/data/handwritten_external/W001/crops_processed/W001_P007_0109.png,គឺជាការបង្ហាញចេញនូវអំពើល្អ...,29,True,429,45,56.6713,0.290546,review,long_text_segment,W001
W002_P001_0013,crops_raw/W002_P001_0013.png,page_001.png,W002,403,147,687,192,គ្រប់អ្វីៗទាំងអស់តែងតែមានការប្រែប្រួលជា,គ្រប់អ្វីៗទាំងអស់តែងតែមានការប្រែប្រួលជា,0.85,0.85,False,pending,continuous sentence,data/handwritten_external/W002/metadata.csv,14,/Users/macbookpro/Desktop/Development/khmer-handwritten-word-recognition/data/handwritten_external/W002/crops_processed/W002_P001_0013.png,គ្រប់អ្វីៗទាំងអស់តែងតែមានការប្រែប្រួលជា,39,True,284,45,58.5421,0.211815,review,long_text_segment,W002
W002_P001_0020,crops_raw/W002_P001_0020.png,page_001.png,W002,439,183,652,232,ការប្រែប្រួលខ្លាំងប៉ុណ្ណោះ,ការប្រែប្រួលខ្លាំងប៉ុណ្ណោះ,0.85,0.95,False,pending,,data/handwritten_external/W002/metadata.csv,21,/Users/macbookpro/Desktop/Development/khmer-handwritten-word-recognition/data/handwritten_external/W002/crops_processed/W002_P001_0020.png,ការប្រែប្រួលខ្លាំងប៉ុណ្ណោះ,26,True,213,49,58.4446,0.229089,review,long_text_segment,W002
W002_P001_0027,crops_raw/W002_P001_0027.png,page_001.png,W002,256,220,680,267,ដោយសារតែបែបនេះហើយទើបចាស់បុរាណយើង,ដោយសារតែបែបនេះហើយទើបចាស់បុរាណយើង,0.85,0.85,False,pending,continuous phrase,data/handwritten_external/W002/metadata.csv,28,/Users/macbookpro/Desktop/Development/khmer-handwritten-word-recognition/data/handwritten_external/W002/crops_processed/W002_P001_0027.png,ដោយសារតែបែបនេះហើយទើបចាស់បុរាណយើង,32,True,424,47,57.6472,0.208049,review,long_text_segment,W002
W002_P001_0040,crops_raw/W002_P001_0040.png,page_001.png,W002,305,328,658,390,ដើម្បីទុកអប់រំទូន្មានដល់កូនចៅជំនាន់ក្រោយ,ដើម្បីទុកអប់រំទូន្មានដល់កូនចៅជំនាន់ក្រោយ,0.85,0.95,False,pending,,data/handwritten_external/W002/metadata.csv,41,/Users/macbookpro/Desktop/Development/khmer-handwritten-word-recognition/data/handwritten_external/W002/crops_processed/W002_P001_0040.png,ដើម្បីទុកអប់រំទូន្មានដល់កូនចៅជំនាន់ក្រោយ,40,True,353,62,59.4473,0.233665,review,long_text_segment,W002
W002_P001_0062,crops_raw/W002_P001_0062.png,page_001.png,W002,89,518,408,564,ដើម្បីជាស្ពានឈានទៅដល់ការបកស្រាយ,ដើម្បីជាស្ពានឈានទៅដល់ការបកស្រាយ,0.85,0.85,False,pending,,data/handwritten_external/W002/metadata.csv,63,/Users/macbookpro/Desktop/Development/khmer-handwritten-word-recognition/data/handwritten_external/W002/crops_processed/W002_P001_0062.png,ដើម្បីជាស្ពានឈានទៅដល់ការបកស្រាយ,31,True,319,46,57.2517,0.205942,review,long_text_segment,W002
W002_P001_0065,crops_raw/W002_P001_0065.png,page_001.png,W002,190,554,491,609,និងច្បាស់លាស់ថែមទាំងស៊ីជម្រៅ,និងច្បាស់លាស់ថែមទាំងស៊ីជម្រៅ,0.85,0.75,True,pending,tight spacing with neighbor; compound word or continuous phrase,data/handwritten_external/W002/metadata.csv,66,/Users/macbookpro/Desktop/Development/khmer-handwritten-word-recognition/data/handwritten_external/W002/crops_processed/W002_P001_0065.png,និងច្បាស់លាស់ថែមទាំងស៊ីជម្រៅ,28,True,301,55,57.8458,0.220719,review,long_text_segment,W002
W002_P001_0068,crops_raw/W002_P001_0068.png,page_001.png,W002,29,592,220,649,ត្រូវស្វែងយល់គន្លឹះនៃគំនិតជាមុន,ត្រូវស្វែងយល់គន្លឹះនៃគំនិតជាមុន,0.85,0.75,True,pending,tight spacing with neighbor; compound word or continuous phrase,data/handwritten_external/W002/metadata.csv,69,/Users/macbookpro/Desktop/Development/khmer-handwritten-word-recognition/data/handwritten_external/W002/crops_processed/W002_P001_0068.png,ត្រូវស្វែងយល់គន្លឹះនៃគំនិតជាមុន,31,True,191,57,56.4785,0.217599,review,long_text_segment,W002
W002_P001_0069,crops_raw/W002_P001_0069.png,page_001.png,W002,207,592,473,649,ត្រូវសិក្សាអំពីអត្ថន័យនៃពាក្យគន្លឹះ,ត្រូវសិក្សាអំពីអត្ថន័យនៃពាក្យគន្លឹះ,0.85,0.75,True,pending,tight spacing with neighbor; compound word or continuous phrase,data/handwritten_external/W002/metadata.csv,70,/Users/macbookpro/Desktop/Development/khmer-handwritten-word-recognition/data/handwritten_external/W002/crops_processed/W002_P001_0069.png,ត្រូវសិក្សាអំពីអត្ថន័យនៃពាក្យគន្លឹះ,35,True,266,57,59.3419,0.222926,review,long_text_segment,W002
W002_P001_0073,crops_raw/W002_P001_0073.png,page_001.png,W002,108,631,439,692,ដែលជាសុភាសិតខាងលើនេះជាមុនសិន,ដែលជាសុភាសិតខាងលើនេះជាមុនសិន,0.85,0.95,False,pending,,data/handwritten_external/W002/metadata.csv,74,/Users/macbookpro/Desktop/Development/khmer-handwritten-word-recognition/data/handwritten_external/W002/crops_processed/W002_P001_0073.png,ដែលជាសុភាសិតខាងលើនេះជាមុនសិន,28,True,331,61,62.8939,0.259423,review,long_text_segment,W002
W002_P001_0080,crops_raw/W002_P001_0080.png,page_001.png,W002,222,669,494,719,ដែលមិនទាន់កើតឡើងតែយើងដឹងមុន,ដែលមិនទាន់កើតឡើងតែយើងដឹងមុន,0.85,0.85,False,pending,,data/handwritten_external/W002/metadata.csv,81,/Users/macbookpro/Desktop/Development/khmer-handwritten-word-recognition/data/handwritten_external/W002/crops_processed/W002_P001_0080.png,ដែលមិនទាន់កើតឡើងតែយើងដឹងមុន,27,True,272,50,60.3054,0.231176,review,long_text_segment,W002
W002_P001_0088,crops_raw/W002_P001_0088.png,page_001.png,W002,350,707,575,765,វិធីសាស្ត្រក្នុងការដោះស្រាយ,វិធីសាស្ត្រក្នុងការដោះស្រាយ,0.85,0.85,False,pending,,data/handwritten_external/W002/metadata.csv,89,/Users/macbookpro/Desktop/Development/khmer-handwritten-word-recognition/data/handwritten_external/W002/crops_processed/W002_P001_0088.png,វិធីសាស្ត្រក្នុងការដោះស្រាយ,27,True,225,58,62.3264,0.244981,review,long_text_segment,W002
W002_P001_0102,crops_raw/W002_P001_0102.png,page_001.png,W002,246,816,583,871,ឬក៏ទាល់តែមានគ្រោះថ្នាក់ទើបប្រុងប្រយ័ត្ន ។,ឬក៏ទាល់តែមានគ្រោះថ្នាក់ទើបប្រុងប្រយ័ត្ន ។,0.85,0.85,False,pending,,data/handwritten_external/W002/metadata.csv,103,/Users/macbookpro/Desktop/Development/khmer-handwritten-word-recognition/data/handwritten_external/W002/crops_processed/W002_P001_0102.png,ឬក៏ទាល់តែមានគ្រោះថ្នាក់ទើបប្រុងប្រយ័ត្ន ។,41,True,337,55,59.5899,0.223631,review,long_text_segment,W002
W002_P001_0105,crops_raw/W002_P001_0105.png,page_001.png,W002,412,858,681,916,គឺជាជម្រើសដ៏ល្អមួយក្នុងការ-,គឺជាជម្រើសដ៏ល្អមួយក្នុងការ-,0.85,0.85,False,pending,,data/handwritten_external/W002/metadata.csv,106,/Users/macbookpro/Desktop/Development/khmer-handwritten-word-recognition/data/handwritten_external/W002/crops_processed/W002_P001_0105.png,គឺជាជម្រើសដ៏ល្អមួយក្នុងការ-,27,True,269,58,61.531,0.237534,review,long_text_segment,W002
W001_P001_0001,crops_raw/W001_P001_0001.png,page_001.png,W001,333,352,492,392,សេចក្តីអធិប្បាយ,សេចក្តីអធិប្បាយ,0.96,0.95,True,pending,,data/handwritten_external/W001/metadata.csv,2,/Users/macbookpro/Desktop/Development/khmer-handwritten-word-recognition/data/handwritten_external/W001/crops_processed/W001_P001_0001.png,សេចក្តីអធិប្បាយ,15,True,159,40,57.7521,0.278302,review,transcription_not_human_verified,W001
W001_P001_0003,crops_raw/W001_P001_0003.png,page_001.png,W001,142,374,414,412,នៅលើសកលលោកយើងនេះ,នៅលើសកលលោកយើងនេះ,0.92,0.95,True,pending,compound phrase,data/handwritten_external/W001/metadata.csv,4,/Users/macbookpro/Desktop/Development/khmer-handwritten-word-recognition/data/handwritten_external/W001/crops_processed/W001_P001_0003.png,នៅលើសកលលោកយើងនេះ,16,True,272,38,57.2058,0.317144,review,transcription_not_human_verified,W001
W001_P001_0004,crops_raw/W001_P001_0004.png,page_001.png,W001,410,379,577,425,គ្រប់បណ្តា,គ្រប់បណ្តា,0.94,0.95,True,pending,,data/handwritten_external/W001/metadata.csv,5,/Users/macbookpro/Desktop/Development/khmer-handwritten-word-recognition/data/handwritten_external/W001/crops_processed/W001_P001_0004.png,គ្រប់បណ្តា,10,True,167,46,60.4183,0.274538,review,transcription_not_human_verified,W001
W001_P001_0005,crops_raw/W001_P001_0005.png,page_001.png,W001,574,378,688,418,មនុស្ស,មនុស្ស,0.96,0.95,True,pending,,data/handwritten_external/W001/metadata.csv,6,/Users/macbookpro/Desktop/Development/khmer-handwritten-word-recognition/data/handwritten_external/W001/crops_processed/W001_P001_0005.png,មនុស្ស,6,True,114,40,53.7158,0.201096,review,transcription_not_human_verified,W001
W001_P001_0006,crops_raw/W001_P001_0006.png,page_001.png,W001,79,404,204,450,តែងតែ,តែងតែ,0.97,0.95,True,pending,,data/handwritten_external/W001/metadata.csv,7,/Users/macbookpro/Desktop/Development/khmer-handwritten-word-recognition/data/handwritten_external/W001/crops_processed/W001_P001_0006.png,តែងតែ,5,True,125,46,58.9891,0.312348,review,transcription_not_human_verified,W001
W001_P001_0007,crops_raw/W001_P001_0007.png,page_001.png,W001,195,405,270,445,ប្រាថ្នា,ប្រាថ្នា,0.96,0.95,True,pending,,data/handwritten_external/W001/metadata.csv,8,/Users/macbookpro/Desktop/Development/khmer-handwritten-word-recognition/data/handwritten_external/W001/crops_processed/W001_P001_0007.png,ប្រាថ្នា,8,True,75,40,48.926,0.180667,review,transcription_not_human_verified,W001
W001_P001_0008,crops_raw/W001_P001_0008.png,page_001.png,W001,258,405,301,448,ចង់បាន,ចង់បាន,0.95,0.95,True,pending,,data/handwritten_external/W001/metadata.csv,9,/Users/macbookpro/Desktop/Development/khmer-handwritten-word-recognition/data/handwritten_external/W001/crops_processed/W001_P001_0008.png,ចង់បាន,6,True,43,43,56.1945,0.315846,review,transcription_not_human_verified,W001
W001_P001_0009,crops_raw/W001_P001_0009.png,page_001.png,W001,329,404,416,448,នូវ,នូវ,0.97,0.95,True,pending,,data/handwritten_external/W001/metadata.csv,10,/Users/macbookpro/Desktop/Development/khmer-handwritten-word-recognition/data/handwritten_external/W001/crops_processed/W001_P001_0009.png,នូវ,3,True,87,44,47.9703,0.218652,review,transcription_not_human_verified,W001
W001_P001_0010,crops_raw/W001_P001_0010.png,page_001.png,W001,416,411,525,450,សុខសន្តិភាព,សុខសន្តិភាព,0.95,0.95,True,pending,,data/handwritten_external/W001/metadata.csv,11,/Users/macbookpro/Desktop/Development/khmer-handwritten-word-recognition/data/handwritten_external/W001/crops_processed/W001_P001_0010.png,សុខសន្តិភាព,11,True,109,39,55.4231,0.279464,review,transcription_not_human_verified,W001
W001_P001_0011,crops_raw/W001_P001_0011.png,page_001.png,W001,524,405,599,448,សុភមង្គល,សុភមង្គល,0.95,0.95,True,pending,,data/handwritten_external/W001/metadata.csv,12,/Users/macbookpro/Desktop/Development/khmer-handwritten-word-recognition/data/handwritten_external/W001/crops_processed/W001_P001_0011.png,សុភមង្គល,8,True,75,43,60.7627,0.311008,review,transcription_not_human_verified,W001
W001_P001_0012,crops_raw/W001_P001_0012.png,page_001.png,W001,592,410,626,448,គ្រប់ៗ,គ្រប់ៗ,0.96,0.95,True,pending,,data/handwritten_external/W001/metadata.csv,13,/Users/macbookpro/Desktop/Development/khmer-handwritten-word-recognition/data/handwritten_external/W001/crops_processed/W001_P001_0012.png,គ្រប់ៗ,6,True,34,38,63.423,0.454334,review,transcription_not_human_verified,W001
W001_P001_0013,crops_raw/W001_P001_0013.png,page_001.png,W001,619,411,645,436,គ្នា,គ្នា,0.96,0.8,True,pending,narrow component,data/handwritten_external/W001/metadata.csv,14,/Users/macbookpro/Desktop/Development/khmer-handwritten-word-recognition/data/handwritten_external/W001/crops_processed/W001_P001_0013.png,គ្នា,4,True,26,25,51.1697,0.473846,review,transcription_not_human_verified,W001
W001_P001_0015,crops_raw/W001_P001_0015.png,page_001.png,W001,80,431,210,463,នៅដោយមាន,នៅដោយមាន,0.93,0.95,True,pending,,data/handwritten_external/W001/metadata.csv,16,/Users/macbookpro/Desktop/Development/khmer-handwritten-word-recognition/data/handwritten_external/W001/crops_processed/W001_P001_0015.png,នៅដោយមាន,8,True,130,32,52.7813,0.238702,review,transcription_not_human_verified,W001
W001_P001_0016,crops_raw/W001_P001_0016.png,page_001.png,W001,198,435,275,462,ការចេះ,ការចេះ,0.95,0.95,True,pending,,data/handwritten_external/W001/metadata.csv,17,/Users/macbookpro/Desktop/Development/khmer-handwritten-word-recognition/data/handwritten_external/W001/crops_processed/W001_P001_0016.png,ការចេះ,6,True,77,27,61.0237,0.315055,review,transcription_not_human_verified,W001
W001_P001_0017,crops_raw/W001_P001_0017.png,page_001.png,W001,263,412,386,472,អធ្យាស្រ័យឱ្យគ្នា,អធ្យាស្រ័យឱ្យគ្នា,0.92,0.95,True,pending,compound phrase,data/handwritten_external/W001/metadata.csv,18,/Users/macbookpro/Desktop/Development/khmer-handwritten-word-recognition/data/handwritten_external/W001/crops_processed/W001_P001_0017.png,អធ្យាស្រ័យឱ្យគ្នា,17,True,123,60,63.1064,0.334688,review,transcription_not_human_verified,W001
W001_P001_0018,crops_raw/W001_P001_0018.png,page_001.png,W001,375,430,514,473,ទៅវិញទៅមក,ទៅវិញទៅមក,0.94,0.95,True,pending,,data/handwritten_external/W001/metadata.csv,19,/Users/macbookpro/Desktop/Development/khmer-handwritten-word-recognition/data/handwritten_external/W001/crops_processed/W001_P001_0018.png,ទៅវិញទៅមក,9,True,139,43,57.0705,0.312531,review,transcription_not_human_verified,W001
W001_P001_0019,crops_raw/W001_P001_0019.png,page_001.png,W001,525,430,688,464,រស់នៅដោយមាន,រស់នៅដោយមាន,0.92,0.95,True,pending,compound phrase,data/handwritten_external/W001/metadata.csv,20,/Users/macbookpro/Desktop/Development/khmer-handwritten-word-recognition/data/handwritten_external/W001/crops_processed/W001_P001_0019.png,រស់នៅដោយមាន,11,True,163,34,59.0277,0.298448,review,transcription_not_human_verified,W001
W001_P001_0020,crops_raw/W001_P001_0020.png,page_001.png,W001,80,456,272,504,ភាពសមរម្យស្រប,ភាពសមរម្យស្រប,0.92,0.95,True,pending,,data/handwritten_external/W001/metadata.csv,21,/Users/macbookpro/Desktop/Development/khmer-handwritten-word-recognition/data/handwritten_external/W001/crops_processed/W001_P001_0020.png,ភាពសមរម្យស្រប,13,True,192,48,60.1166,0.306207,review,transcription_not_human_verified,W001
W001_P001_0021,crops_raw/W001_P001_0021.png,page_001.png,W001,275,456,348,499,រួមគំនិត,រួមគំនិត,0.95,0.85,True,pending,,data/handwritten_external/W001/metadata.csv,22,/Users/macbookpro/Desktop/Development/khmer-handwritten-word-recognition/data/handwritten_external/W001/crops_processed/W001_P001_0021.png,រួមគំនិត,8,True,73,43,54.8816,0.278751,review,transcription_not_human_verified,W001
W001_P001_0022,crops_raw/W001_P001_0022.png,page_001.png,W001,335,456,394,499,យកភាពជាបងប្អូន,យកភាពជាបងប្អូន,0.91,0.85,True,pending,compound phrase,data/handwritten_external/W001/metadata.csv,23,/Users/macbookpro/Desktop/Development/khmer-handwritten-word-recognition/data/handwritten_external/W001/crops_processed/W001_P001_0022.png,យកភាពជាបងប្អូន,14,True,59,43,55.3149,0.270792,review,transcription_not_human_verified,W001
W001_P001_0023,crops_raw/W001_P001_0023.png,page_001.png,W001,381,456,497,499,រៀងៗខ្លួន,រៀងៗខ្លួន,0.95,0.85,True,pending,,data/handwritten_external/W001/metadata.csv,24,/Users/macbookpro/Desktop/Development/khmer-handwritten-word-recognition/data/handwritten_external/W001/crops_processed/W001_P001_0023.png,រៀងៗខ្លួន,9,True,116,43,56.1687,0.229551,review,transcription_not_human_verified,W001
W001_P001_0024,crops_raw/W001_P001_0024.png,page_001.png,W001,486,456,560,502,គឺ,គឺ,0.96,0.95,True,pending,,data/handwritten_external/W001/metadata.csv,25,/Users/macbookpro/Desktop/Development/khmer-handwritten-word-recognition/data/handwritten_external/W001/crops_processed/W001_P001_0024.png,គឺ,2,True,74,46,51.4995,0.225911,review,transcription_not_human_verified,W001
W001_P001_0025,crops_raw/W001_P001_0025.png,page_001.png,W001,552,464,596,496,ជា,ជា,0.96,0.95,True,pending,,data/handwritten_external/W001/metadata.csv,26,/Users/macbookpro/Desktop/Development/khmer-handwritten-word-recognition/data/handwritten_external/W001/crops_processed/W001_P001_0025.png,ជា,2,True,44,32,58.7141,0.385653,review,transcription_not_human_verified,W001
W001_P001_0026,crops_raw/W001_P001_0026.png,page_001.png,W001,595,453,647,489,បំណង,បំណង,0.95,0.95,True,pending,,data/handwritten_external/W001/metadata.csv,27,/Users/macbookpro/Desktop/Development/khmer-handwritten-word-recognition/data/handwritten_external/W001/crops_processed/W001_P001_0026.png,បំណង,4,True,52,36,62.6807,0.384615,review,transcription_not_human_verified,W001
W001_P001_0028,crops_raw/W001_P001_0028.png,page_001.png,W001,78,481,211,521,របស់ប្រជាជន,របស់ប្រជាជន,0.93,0.85,True,pending,,data/handwritten_external/W001/metadata.csv,29,/Users/macbookpro/Desktop/Development/khmer-handwritten-word-recognition/data/handwritten_external/W001/crops_processed/W001_P001_0028.png,របស់ប្រជាជន,11,True,133,40,50.8197,0.280451,review,transcription_not_human_verified,W001
W001_P001_0029,crops_raw/W001_P001_0029.png,page_001.png,W001,198,481,289,521,ទាំងមូល,ទាំងមូល,0.95,0.85,True,pending,,data/handwritten_external/W001/metadata.csv,30,/Users/macbookpro/Desktop/Development/khmer-handwritten-word-recognition/data/handwritten_external/W001/crops_processed/W001_P001_0029.png,ទាំងមូល,7,True,91,40,45.9765,0.219231,review,transcription_not_human_verified,W001
W001_P001_0030,crops_raw/W001_P001_0030.png,page_001.png,W001,281,480,471,527,ដើម្បីរស់នៅ,ដើម្បីរស់នៅ,0.92,0.95,True,pending,,data/handwritten_external/W001/metadata.csv,31,/Users/macbookpro/Desktop/Development/khmer-handwritten-word-recognition/data/handwritten_external/W001/crops_processed/W001_P001_0030.png,ដើម្បីរស់នៅ,11,True,190,47,63.3215,0.355879,review,transcription_not_human_verified,W001
W001_P001_0031,crops_raw/W001_P001_0031.png,page_001.png,W001,503,489,531,514,ប្រកបដោយ,ប្រកបដោយ,0.94,0.8,True,pending,narrow component,data/handwritten_external/W001/metadata.csv,32,/Users/macbookpro/Desktop/Development/khmer-handwritten-word-recognition/data/handwritten_external/W001/crops_processed/W001_P001_0031.png,ប្រកបដោយ,8,True,28,25,52.6516,0.512857,review,transcription_not_human_verified,W001
W001_P001_0032,crops_raw/W001_P001_0032.png,page_001.png,W001,533,482,686,524,សេចក្តីសុខ,សេចក្តីសុខ,0.95,0.95,True,pending,,data/handwritten_external/W001/metadata.csv,33,/Users/macbookpro/Desktop/Development/khmer-handwritten-word-recognition/data/handwritten_external/W001/crops_processed/W001_P001_0032.png,សេចក្តីសុខ,10,True,153,42,60.0443,0.286959,review,transcription_not_human_verified,W001
W001_P001_0033,crops_raw/W001_P001_0033.png,page_001.png,W001,78,503,300,564,មនុស្សធម៌,មនុស្សធម៌,0.95,0.95,True,pending,,data/handwritten_external/W001/metadata.csv,34,/Users/macbookpro/Desktop/Development/khmer-handwritten-word-recognition/data/handwritten_external/W001/crops_processed/W001_P001_0033.png,មនុស្សធម៌,9,True,222,61,65.3711,0.419067,review,transcription_not_human_verified,W001
W001_P001_0034,crops_raw/W001_P001_0034.png,page_001.png,W001,292,514,337,541,នៃការរស់នៅ,នៃការរស់នៅ,0.93,0.95,True,pending,,data/handwritten_external/W001/metadata.csv,35,/Users/macbookpro/Desktop/Development/khmer-handwritten-word-recognition/data/handwritten_external/W001/crops_processed/W001_P001_0034.png,នៃការរស់នៅ,10,True,45,27,59.4479,0.488889,review,transcription_not_human_verified,W001
W001_P001_0035,crops_raw/W001_P001_0035.png,page_001.png,W001,325,488,510,550,បានសម្រេចជាកុសលផលល្អ,បានសម្រេចជាកុសលផលល្អ,0.9,0.95,True,pending,compound phrase,data/handwritten_external/W001/metadata.csv,36,/Users/macbookpro/Desktop/Development/khmer-handwritten-word-recognition/data/handwritten_external/W001/crops_processed/W001_P001_0035.png,បានសម្រេចជាកុសលផលល្អ,20,True,185,62,65.089,0.373235,review,transcription_not_human_verified,W001
W001_P001_0036,crops_raw/W001_P001_0036.png,page_001.png,W001,516,504,688,565,ការព្រមព្រៀងគ្នា,ការព្រមព្រៀងគ្នា,0.92,0.95,True,pending,,data/handwritten_external/W001/metadata.csv,37,/Users/macbookpro/Desktop/Development/khmer-handwritten-word-recognition/data/handwritten_external/W001/crops_processed/W001_P001_0036.png,ការព្រមព្រៀងគ្នា,16,True,172,61,66.2058,0.393252,review,transcription_not_human_verified,W001
W001_P001_0037,crops_raw/W001_P001_0037.png,page_001.png,W001,78,540,107,574,ស្រឡាញ់រាប់អានគ្នា,ស្រឡាញ់រាប់អានគ្នា,0.92,0.8,True,pending,narrow component,data/handwritten_external/W001/metadata.csv,38,/Users/macbookpro/Desktop/Development/khmer-handwritten-word-recognition/data/handwritten_external/W001/crops_processed/W001_P001_0037.png,ស្រឡាញ់រាប់អានគ្នា,18,True,29,34,64.4769,0.507099,review,transcription_not_human_verified,W001
W001_P001_0038,crops_raw/W001_P001_0038.png,page_001.png,W001,133,533,226,577,ទៅវិញទៅមក,ទៅវិញទៅមក,0.94,0.95,True,pending,,data/handwritten_external/W001/metadata.csv,39,/Users/macbookpro/Desktop/Development/khmer-handwritten-word-recognition/data/handwritten_external/W001/crops_processed/W001_P001_0038.png,ទៅវិញទៅមក,9,True,93,44,51.5521,0.231916,review,transcription_not_human_verified,W001
W001_P001_0039,crops_raw/W001_P001_0039.png,page_001.png,W001,215,530,357,576,។,។,0.97,0.95,True,pending,,data/handwritten_external/W001/metadata.csv,40,/Users/macbookpro/Desktop/Development/khmer-handwritten-word-recognition/data/handwritten_external/W001/crops_processed/W001_P001_0039.png,។,1,True,142,46,60.6216,0.321494,review,transcription_not_human_verified,W001
W001_P001_0040,crops_raw/W001_P001_0040.png,page_001.png,W001,363,539,389,563,ដូចនេះ,ដូចនេះ,0.95,0.8,True,pending,narrow component,data/handwritten_external/W001/metadata.csv,41,/Users/macbookpro/Desktop/Development/khmer-handwritten-word-recognition/data/handwritten_external/W001/crops_processed/W001_P001_0040.png,ដូចនេះ,6,True,26,24,52.5899,0.541667,review,transcription_not_human_verified,W001
W001_P001_0041,crops_raw/W001_P001_0041.png,page_001.png,W001,386,527,544,579,ពុទ្ធសាសនាក៏មាន,ពុទ្ធសាសនាក៏មាន,0.91,0.95,True,pending,,data/handwritten_external/W001/metadata.csv,42,/Users/macbookpro/Desktop/Development/khmer-handwritten-word-recognition/data/handwritten_external/W001/crops_processed/W001_P001_0041.png,ពុទ្ធសាសនាក៏មាន,15,True,158,52,66.978,0.397639,review,transcription_not_human_verified,W001
W001_P001_0042,crops_raw/W001_P001_0042.png,page_001.png,W001,548,527,637,567,ការទាក់ទង,ការទាក់ទង,0.94,0.95,True,pending,,data/handwritten_external/W001/metadata.csv,43,/Users/macbookpro/Desktop/Development/khmer-handwritten-word-recognition/data/handwritten_external/W001/crops_processed/W001_P001_0042.png,ការទាក់ទង,9,True,89,40,59.4832,0.346629,review,transcription_not_human_verified,W001
W001_P001_0044,crops_raw/W001_P001_0044.png,page_001.png,W001,79,558,157,591,ខាងផ្នែក,ខាងផ្នែក,0.95,0.95,True,pending,,data/handwritten_external/W001/metadata.csv,45,/Users/macbookpro/Desktop/Development/khmer-handwritten-word-recognition/data/handwritten_external/W001/crops_processed/W001_P001_0044.png,ខាងផ្នែក,8,True,78,33,56.317,0.28244,review,transcription_not_human_verified,W001
W001_P001_0045,crops_raw/W001_P001_0045.png,page_001.png,W001,155,557,306,608,សម្រាប់ប្រជាជន,សម្រាប់ប្រជាជន,0.93,0.95,True,pending,,data/handwritten_external/W001/metadata.csv,46,/Users/macbookpro/Desktop/Development/khmer-handwritten-word-recognition/data/handwritten_external/W001/crops_processed/W001_P001_0045.png,សម្រាប់ប្រជាជន,14,True,151,51,62.3265,0.323335,review,transcription_not_human_verified,W001
W001_P001_0046,crops_raw/W001_P001_0046.png,page_001.png,W001,301,559,357,591,ក៏ដូចជា,ក៏ដូចជា,0.94,0.95,True,pending,,data/handwritten_external/W001/metadata.csv,47,/Users/macbookpro/Desktop/Development/khmer-handwritten-word-recognition/data/handwritten_external/W001/crops_processed/W001_P001_0046.png,ក៏ដូចជា,7,True,56,32,59.0163,0.339844,review,transcription_not_human_verified,W001
W001_P001_0047,crops_raw/W001_P001_0047.png,page_001.png,W001,347,565,412,606,សង្គមជាតិ,សង្គមជាតិ,0.95,0.95,True,pending,,data/handwritten_external/W001/metadata.csv,48,/Users/macbookpro/Desktop/Development/khmer-handwritten-word-recognition/data/handwritten_external/W001/crops_processed/W001_P001_0047.png,សង្គមជាតិ,9,True,65,41,56.9008,0.324578,review,transcription_not_human_verified,W001
W001_P001_0048,crops_raw/W001_P001_0048.png,page_001.png,W001,400,557,477,591,ដែលជា,ដែលជា,0.95,0.95,True,pending,,data/handwritten_external/W001/metadata.csv,49,/Users/macbookpro/Desktop/Development/khmer-handwritten-word-recognition/data/handwritten_external/W001/crops_processed/W001_P001_0048.png,ដែលជា,5,True,77,34,60.2158,0.322765,review,transcription_not_human_verified,W001
W001_P001_0049,crops_raw/W001_P001_0049.png,page_001.png,W001,470,560,550,590,គុណកាល,គុណកាល,0.93,0.95,True,pending,,data/handwritten_external/W001/metadata.csv,50,/Users/macbookpro/Desktop/Development/khmer-handwritten-word-recognition/data/handwritten_external/W001/crops_processed/W001_P001_0049.png,គុណកាល,6,True,80,30,57.9208,0.279583,review,transcription_not_human_verified,W001
W001_P001_0051,crops_raw/W001_P001_0051.png,page_001.png,W001,94,604,124,626,ពុទ្ធសាសនា,ពុទ្ធសាសនា,0.95,0.8,True,pending,narrow component,data/handwritten_external/W001/metadata.csv,52,/Users/macbookpro/Desktop/Development/khmer-handwritten-word-recognition/data/handwritten_external/W001/crops_processed/W001_P001_0051.png,ពុទ្ធសាសនា,10,True,30,22,70.9586,0.678788,review,transcription_not_human_verified,W001
W001_P001_0052,crops_raw/W001_P001_0052.png,page_001.png,W001,178,589,246,626,បានដើរតួ,បានដើរតួ,0.94,0.95,True,pending,,data/handwritten_external/W001/metadata.csv,53,/Users/macbookpro/Desktop/Development/khmer-handwritten-word-recognition/data/handwritten_external/W001/crops_processed/W001_P001_0052.png,បានដើរតួ,8,True,68,37,54.828,0.286169,review,transcription_not_human_verified,W001
W001_P001_0053,crops_raw/W001_P001_0053.png,page_001.png,W001,234,584,322,618,យ៉ាង,យ៉ាង,0.96,0.95,True,pending,,data/handwritten_external/W001/metadata.csv,54,/Users/macbookpro/Desktop/Development/khmer-handwritten-word-recognition/data/handwritten_external/W001/crops_processed/W001_P001_0053.png,យ៉ាង,4,True,88,34,53.4583,0.250334,review,transcription_not_human_verified,W001
W001_P001_0054,crops_raw/W001_P001_0054.png,page_001.png,W001,315,580,444,644,សំខាន់,សំខាន់,0.96,0.95,True,pending,,data/handwritten_external/W001/metadata.csv,55,/Users/macbookpro/Desktop/Development/khmer-handwritten-word-recognition/data/handwritten_external/W001/crops_processed/W001_P001_0054.png,សំខាន់,6,True,129,64,65.4474,0.388324,review,transcription_not_human_verified,W001
W001_P001_0055,crops_raw/W001_P001_0055.png,page_001.png,W001,432,582,567,616,ក្នុង,ក្នុង,0.96,0.95,True,pending,,data/handwritten_external/W001/metadata.csv,56,/Users/macbookpro/Desktop/Development/khmer-handwritten-word-recognition/data/handwritten_external/W001/crops_processed/W001_P001_0055.png,ក្នុង,5,True,135,34,54.5707,0.261002,review,transcription_not_human_verified,W001
W001_P001_0056,crops_raw/W001_P001_0056.png,page_001.png,W001,583,583,626,626,ការចាត់ចែង,ការចាត់ចែង,0.94,0.95,True,pending,,data/handwritten_external/W001/metadata.csv,57,/Users/macbookpro/Desktop/Development/khmer-handwritten-word-recognition/data/handwritten_external/W001/crops_processed/W001_P001_0056.png,ការចាត់ចែង,10,True,43,43,60.5956,0.374797,review,transcription_not_human_verified,W001
W001_P001_0057,crops_raw/W001_P001_0057.png,page_001.png,W001,615,584,688,626,សីលធម៌,សីលធម៌,0.95,0.95,True,pending,,data/handwritten_external/W001/metadata.csv,58,/Users/macbookpro/Desktop/Development/khmer-handwritten-word-recognition/data/handwritten_external/W001/crops_processed/W001_P001_0057.png,សីលធម៌,6,True,73,42,51.3691,0.228311,review,transcription_not_human_verified,W001
W001_P001_0058,crops_raw/W001_P001_0058.png,page_001.png,W001,79,590,329,669,មនុស្សដែល,មនុស្សដែល,0.94,0.95,True,pending,,data/handwritten_external/W001/metadata.csv,59,/Users/macbookpro/Desktop/Development/khmer-handwritten-word-recognition/data/handwritten_external/W001/crops_processed/W001_P001_0058.png,មនុស្សដែល,9,True,250,79,67.5663,0.419443,review,transcription_not_human_verified,W001
W001_P001_0059,crops_raw/W001_P001_0059.png,page_001.png,W001,317,612,381,654,ប្រតិបត្តិ,ប្រតិបត្តិ,0.95,0.95,True,pending,,data/handwritten_external/W001/metadata.csv,60,/Users/macbookpro/Desktop/Development/khmer-handwritten-word-recognition/data/handwritten_external/W001/crops_processed/W001_P001_0059.png,ប្រតិបត្តិ,10,True,64,42,58.6253,0.321801,review,transcription_not_human_verified,W001
W001_P001_0060,crops_raw/W001_P001_0060.png,page_001.png,W001,383,616,412,642,តាមគន្លងធម៌,តាមគន្លងធម៌,0.93,0.8,True,pending,narrow component,data/handwritten_external/W001/metadata.csv,61,/Users/macbookpro/Desktop/Development/khmer-handwritten-word-recognition/data/handwritten_external/W001/crops_processed/W001_P001_0060.png,តាមគន្លងធម៌,11,True,29,26,65.7245,0.502653,review,transcription_not_human_verified,W001
W001_P001_0061,crops_raw/W001_P001_0061.png,page_001.png,W001,404,604,540,660,របស់ព្រះពុទ្ធ,របស់ព្រះពុទ្ធ,0.94,0.95,True,pending,,data/handwritten_external/W001/metadata.csv,62,/Users/macbookpro/Desktop/Development/khmer-handwritten-word-recognition/data/handwritten_external/W001/crops_processed/W001_P001_0061.png,របស់ព្រះពុទ្ធ,13,True,136,56,65.9818,0.373687,review,transcription_not_human_verified,W001
W001_P001_0065,crops_raw/W001_P001_0065.png,page_001.png,W001,81,642,107,665,ហើយទើបបានជា,ហើយទើបបានជា,0.92,0.8,True,pending,narrow component,data/handwritten_external/W001/metadata.csv,66,/Users/macbookpro/Desktop/Development/khmer-handwritten-word-recognition/data/handwritten_external/W001/crops_processed/W001_P001_0065.png,ហើយទើបបានជា,11,True,26,23,64.7775,0.747492,review,transcription_not_human_verified,W001
W001_P001_0066,crops_raw/W001_P001_0066.png,page_001.png,W001,139,633,297,677,មានទស្សនៈ,មានទស្សនៈ,0.94,0.95,True,pending,,data/handwritten_external/W001/metadata.csv,67,/Users/macbookpro/Desktop/Development/khmer-handwritten-word-recognition/data/handwritten_external/W001/crops_processed/W001_P001_0066.png,មានទស្សនៈ,9,True,158,44,62.7718,0.328395,review,transcription_not_human_verified,W001
W001_P001_0067,crops_raw/W001_P001_0067.png,page_001.png,W001,289,630,491,678,មួយបានលើកឡើងថា,មួយបានលើកឡើងថា,0.91,0.95,True,pending,,data/handwritten_external/W001/metadata.csv,68,/Users/macbookpro/Desktop/Development/khmer-handwritten-word-recognition/data/handwritten_external/W001/crops_processed/W001_P001_0067.png,មួយបានលើកឡើងថា,14,True,202,48,64.8004,0.372318,review,transcription_not_human_verified,W001
W001_P001_0069,crops_raw/W001_P001_0069.png,page_001.png,W001,510,633,650,679,ទ្រព្យសម្បត្តិ,ទ្រព្យសម្បត្តិ,0.95,0.95,True,pending,,data/handwritten_external/W001/metadata.csv,70,/Users/macbookpro/Desktop/Development/khmer-handwritten-word-recognition/data/handwritten_external/W001/crops_processed/W001_P001_0069.png,ទ្រព្យសម្បត្តិ,14,True,140,46,59.9847,0.312578,review,transcription_not_human_verified,W001
W001_P001_0070,crops_raw/W001_P001_0070.png,page_001.png,W001,645,656,668,682,ព្រះពុទ្ធ,ព្រះពុទ្ធ,0.95,0.8,True,pending,narrow component,data/handwritten_external/W001/metadata.csv,71,/Users/macbookpro/Desktop/Development/khmer-handwritten-word-recognition/data/handwritten_external/W001/crops_processed/W001_P001_0070.png,ព្រះពុទ្ធ,9,True,23,26,60.6115,0.382943,review,transcription_not_human_verified,W001
W001_P001_0071,crops_raw/W001_P001_0071.png,page_001.png,W001,660,643,688,677,សាសនា,សាសនា,0.95,0.8,True,pending,narrow component,data/handwritten_external/W001/metadata.csv,72,/Users/macbookpro/Desktop/Development/khmer-handwritten-word-recognition/data/handwritten_external/W001/crops_processed/W001_P001_0071.png,សាសនា,5,True,28,34,63.6142,0.382353,review,transcription_not_human_verified,W001
W001_P001_0072,crops_raw/W001_P001_0072.png,page_001.png,W001,80,665,158,694,សាសនា,សាសនា,0.95,0.75,True,pending,tight spacing with neighbor; compound word or continuous phrase,data/handwritten_external/W001/metadata.csv,73,/Users/macbookpro/Desktop/Development/khmer-handwritten-word-recognition/data/handwritten_external/W001/crops_processed/W001_P001_0072.png,សាសនា,5,True,78,29,57.4953,0.297082,review,transcription_not_human_verified,W001
W001_P001_0074,crops_raw/W001_P001_0074.png,page_001.png,W001,173,683,223,717,តើ,តើ,0.97,0.95,True,pending,,data/handwritten_external/W001/metadata.csv,75,/Users/macbookpro/Desktop/Development/khmer-handwritten-word-recognition/data/handwritten_external/W001/crops_processed/W001_P001_0074.png,តើ,2,True,50,34,69.2074,0.506471,review,transcription_not_human_verified,W001
W001_P001_0075,crops_raw/W001_P001_0075.png,page_001.png,W001,320,694,343,718,ទស្សនៈ,ទស្សនៈ,0.96,0.8,True,pending,narrow component,data/handwritten_external/W001/metadata.csv,76,/Users/macbookpro/Desktop/Development/khmer-handwritten-word-recognition/data/handwritten_external/W001/crops_processed/W001_P001_0075.png,ទស្សនៈ,6,True,23,24,63.7669,0.548913,review,transcription_not_human_verified,W001
W001_P001_0076,crops_raw/W001_P001_0076.png,page_001.png,W001,334,692,380,720,ខាងលើនេះ,ខាងលើនេះ,0.94,0.95,True,pending,,data/handwritten_external/W001/metadata.csv,77,/Users/macbookpro/Desktop/Development/khmer-handwritten-word-recognition/data/handwritten_external/W001/crops_processed/W001_P001_0076.png,ខាងលើនេះ,8,True,46,28,59.4985,0.409938,review,transcription_not_human_verified,W001
W001_P001_0077,crops_raw/W001_P001_0077.png,page_001.png,W001,372,692,462,726,មាន,មាន,0.96,0.95,True,pending,,data/handwritten_external/W001/metadata.csv,78,/Users/macbookpro/Desktop/Development/khmer-handwritten-word-recognition/data/handwritten_external/W001/crops_processed/W001_P001_0077.png,មាន,3,True,90,34,53.5016,0.253595,review,transcription_not_human_verified,W001
W001_P001_0078,crops_raw/W001_P001_0078.png,page_001.png,W001,453,684,658,731,អត្ថន័យ,អត្ថន័យ,0.95,0.95,True,pending,,data/handwritten_external/W001/metadata.csv,79,/Users/macbookpro/Desktop/Development/khmer-handwritten-word-recognition/data/handwritten_external/W001/crops_processed/W001_P001_0078.png,អត្ថន័យ,7,True,205,47,63.1581,0.357551,review,transcription_not_human_verified,W001
W001_P001_0079,crops_raw/W001_P001_0079.png,page_001.png,W001,651,691,678,725,និង,និង,0.96,0.8,True,pending,narrow component,data/handwritten_external/W001/metadata.csv,80,/Users/macbookpro/Desktop/Development/khmer-handwritten-word-recognition/data/handwritten_external/W001/crops_processed/W001_P001_0079.png,និង,3,True,27,34,45.8937,0.24183,review,transcription_not_human_verified,W001
W001_P001_0080,crops_raw/W001_P001_0080.png,page_001.png,W001,143,693,512,754,ដើម្បីជាត្រីវិស័យ,ដើម្បីជាត្រីវិស័យ,0.91,0.95,True,pending,,data/handwritten_external/W001/metadata.csv,81,/Users/macbookpro/Desktop/Development/khmer-handwritten-word-recognition/data/handwritten_external/W001/crops_processed/W001_P001_0080.png,ដើម្បីជាត្រីវិស័យ,17,True,369,61,66.4413,0.382914,review,transcription_not_human_verified,W001
W001_P001_0081,crops_raw/W001_P001_0081.png,page_001.png,W001,501,715,561,754,ឈានទៅបកស្រាយ,ឈានទៅបកស្រាយ,0.92,0.85,True,pending,,data/handwritten_external/W001/metadata.csv,82,/Users/macbookpro/Desktop/Development/khmer-handwritten-word-recognition/data/handwritten_external/W001/crops_processed/W001_P001_0081.png,ឈានទៅបកស្រាយ,12,True,60,39,56.145,0.268376,review,transcription_not_human_verified,W001
W001_P001_0084,crops_raw/W001_P001_0084.png,page_001.png,W001,78,735,211,793,ខាងលើ,ខាងលើ,0.95,0.85,True,pending,,data/handwritten_external/W001/metadata.csv,85,/Users/macbookpro/Desktop/Development/khmer-handwritten-word-recognition/data/handwritten_external/W001/crops_processed/W001_P001_0084.png,ខាងលើ,5,True,133,58,65.4107,0.364013,review,transcription_not_human_verified,W001
W001_P001_0086,crops_raw/W001_P001_0086.png,page_001.png,W001,329,737,425,803,ក្បោះក្បាយ,ក្បោះក្បាយ,0.95,0.85,True,pending,,data/handwritten_external/W001/metadata.csv,87,/Users/macbookpro/Desktop/Development/khmer-handwritten-word-recognition/data/handwritten_external/W001/crops_processed/W001_P001_0086.png,ក្បោះក្បាយ,10,True,96,66,59.3443,0.300663,review,transcription_not_human_verified,W001
W001_P001_0088,crops_raw/W001_P001_0088.png,page_001.png,W001,78,768,160,806,ទទូលយក,ទទូលយក,0.94,0.95,True,pending,original spelling ទទូល,data/handwritten_external/W001/metadata.csv,89,/Users/macbookpro/Desktop/Development/khmer-handwritten-word-recognition/data/handwritten_external/W001/crops_processed/W001_P001_0088.png,ទទូលយក,6,True,82,38,59.8775,0.326059,review,transcription_not_human_verified,W001
W001_P001_0089,crops_raw/W001_P001_0089.png,page_001.png,W001,158,743,344,804,គ្រប់បណ្តាជន,គ្រប់បណ្តាជន,0.93,0.95,True,pending,,data/handwritten_external/W001/metadata.csv,90,/Users/macbookpro/Desktop/Development/khmer-handwritten-word-recognition/data/handwritten_external/W001/crops_processed/W001_P001_0089.png,គ្រប់បណ្តាជន,12,True,186,61,65.9157,0.377137,review,transcription_not_human_verified,W001
W001_P001_0090,crops_raw/W001_P001_0090.png,page_001.png,W001,346,768,378,794,ទាំងឡាយ,ទាំងឡាយ,0.95,0.8,True,pending,narrow component,data/handwritten_external/W001/metadata.csv,91,/Users/macbookpro/Desktop/Development/khmer-handwritten-word-recognition/data/handwritten_external/W001/crops_processed/W001_P001_0090.png,ទាំងឡាយ,7,True,32,26,63.5338,0.540865,review,transcription_not_human_verified,W001
W001_P001_0092,crops_raw/W001_P001_0092.png,page_001.png,W001,412,762,635,802,ត្រូវស្វែងយល់,ត្រូវស្វែងយល់,0.93,0.95,True,pending,,data/handwritten_external/W001/metadata.csv,93,/Users/macbookpro/Desktop/Development/khmer-handwritten-word-recognition/data/handwritten_external/W001/crops_processed/W001_P001_0092.png,ត្រូវស្វែងយល់,13,True,223,40,60.0344,0.305942,review,transcription_not_human_verified,W001
W001_P001_0093,crops_raw/W001_P001_0093.png,page_001.png,W001,624,770,664,794,នូវគន្លឹះនៃពាក្យ,នូវគន្លឹះនៃពាក្យ,0.91,0.95,True,pending,,data/handwritten_external/W001/metadata.csv,94,/Users/macbookpro/Desktop/Development/khmer-handwritten-word-recognition/data/handwritten_external/W001/crops_processed/W001_P001_0093.png,នូវគន្លឹះនៃពាក្យ,16,True,40,24,64.0638,0.501042,review,transcription_not_human_verified,W001
W001_P001_0095,crops_raw/W001_P001_0095.png,page_001.png,W001,78,793,119,825,គន្លឹះ,គន្លឹះ,0.96,0.95,True,pending,,data/handwritten_external/W001/metadata.csv,96,/Users/macbookpro/Desktop/Development/khmer-handwritten-word-recognition/data/handwritten_external/W001/crops_processed/W001_P001_0095.png,គន្លឹះ,6,True,41,32,66.247,0.496189,review,transcription_not_human_verified,W001
W001_P001_0096,crops_raw/W001_P001_0096.png,page_001.png,W001,107,794,130,819,មួយចំនួន,មួយចំនួន,0.95,0.8,True,pending,narrow component,data/handwritten_external/W001/metadata.csv,97,/Users/macbookpro/Desktop/Development/khmer-handwritten-word-recognition/data/handwritten_external/W001/crops_processed/W001_P001_0096.png,មួយចំនួន,8,True,23,25,68.1718,0.605217,review,transcription_not_human_verified,W001
W001_P001_0099,crops_raw/W001_P001_0099.png,page_001.png,W001,341,792,369,811,ព្រះពុទ្ធ,ព្រះពុទ្ធ,0.96,0.8,True,pending,narrow component,data/handwritten_external/W001/metadata.csv,100,/Users/macbookpro/Desktop/Development/khmer-handwritten-word-recognition/data/handwritten_external/W001/crops_processed/W001_P001_0099.png,ព្រះពុទ្ធ,9,True,28,19,51.3712,0.582707,review,transcription_not_human_verified,W001
W001_P001_0100,crops_raw/W001_P001_0100.png,page_001.png,W001,364,784,445,844,សាសនា,សាសនា,0.96,0.85,True,pending,,data/handwritten_external/W001/metadata.csv,101,/Users/macbookpro/Desktop/Development/khmer-handwritten-word-recognition/data/handwritten_external/W001/crops_processed/W001_P001_0100.png,សាសនា,5,True,81,60,62.6755,0.320165,review,transcription_not_human_verified,W001
W001_P001_0102,crops_raw/W001_P001_0102.png,page_001.png,W001,502,792,530,815,មានន័យថា,មានន័យថា,0.94,0.8,True,pending,narrow component,data/handwritten_external/W001/metadata.csv,103,/Users/macbookpro/Desktop/Development/khmer-handwritten-word-recognition/data/handwritten_external/W001/crops_processed/W001_P001_0102.png,មានន័យថា,8,True,28,23,53.0462,0.526398,review,transcription_not_human_verified,W001
W001_P001_0103,crops_raw/W001_P001_0103.png,page_001.png,W001,524,790,624,823,សាសនា,សាសនា,0.95,0.95,True,pending,,data/handwritten_external/W001/metadata.csv,104,/Users/macbookpro/Desktop/Development/khmer-handwritten-word-recognition/data/handwritten_external/W001/crops_processed/W001_P001_0103.png,សាសនា,5,True,100,33,54.7942,0.238788,review,transcription_not_human_verified,W001
W001_P001_0104,crops_raw/W001_P001_0104.png,page_001.png,W001,621,795,688,822,អារ្យ,អារ្យ,0.93,0.95,True,pending,,data/handwritten_external/W001/metadata.csv,105,/Users/macbookpro/Desktop/Development/khmer-handwritten-word-recognition/data/handwritten_external/W001/crops_processed/W001_P001_0104.png,អារ្យ,5,True,67,27,63.7991,0.331122,review,transcription_not_human_verified,W001
W001_P001_0105,crops_raw/W001_P001_0105.png,page_001.png,W001,78,811,257,870,អារ្យរបស់ពុទ្ធសាសនិក,អារ្យរបស់ពុទ្ធសាសនិក,0.91,0.95,True,pending,,data/handwritten_external/W001/metadata.csv,106,/Users/macbookpro/Desktop/Development/khmer-handwritten-word-recognition/data/handwritten_external/W001/crops_processed/W001_P001_0105.png,អារ្យរបស់ពុទ្ធសាសនិក,20,True,179,59,65.2174,0.372124,review,transcription_not_human_verified,W001
W001_P001_0106,crops_raw/W001_P001_0106.png,page_001.png,W001,247,818,291,851,ទាំងពួង,ទាំងពួង,0.95,0.95,True,pending,,data/handwritten_external/W001/metadata.csv,107,/Users/macbookpro/Desktop/Development/khmer-handwritten-word-recognition/data/handwritten_external/W001/crops_processed/W001_P001_0106.png,ទាំងពួង,7,True,44,33,63.6082,0.400826,review,transcription_not_human_verified,W001
W001_P001_0107,crops_raw/W001_P001_0107.png,page_001.png,W001,280,808,366,845,មានជំនឿ,មានជំនឿ,0.95,0.95,True,pending,,data/handwritten_external/W001/metadata.csv,108,/Users/macbookpro/Desktop/Development/khmer-handwritten-word-recognition/data/handwritten_external/W001/crops_processed/W001_P001_0107.png,មានជំនឿ,7,True,86,37,54.618,0.26807,review,transcription_not_human_verified,W001
W001_P001_0108,crops_raw/W001_P001_0108.png,page_001.png,W001,355,818,388,843,មុតមាំ,មុតមាំ,0.95,0.8,True,pending,narrow component,data/handwritten_external/W001/metadata.csv,109,/Users/macbookpro/Desktop/Development/khmer-handwritten-word-recognition/data/handwritten_external/W001/crops_processed/W001_P001_0108.png,មុតមាំ,6,True,33,25,68.2931,0.552727,review,transcription_not_human_verified,W001
W001_P001_0109,crops_raw/W001_P001_0109.png,page_001.png,W001,436,809,567,854,និង,និង,0.96,0.95,True,pending,,data/handwritten_external/W001/metadata.csv,110,/Users/macbookpro/Desktop/Development/khmer-handwritten-word-recognition/data/handwritten_external/W001/crops_processed/W001_P001_0109.png,និង,3,True,131,45,62.9542,0.354029,review,transcription_not_human_verified,W001
W001_P001_0110,crops_raw/W001_P001_0110.png,page_001.png,W001,567,812,688,853,ជាសាសនា,ជាសាសនា,0.94,0.95,True,pending,,data/handwritten_external/W001/metadata.csv,111,/Users/macbookpro/Desktop/Development/khmer-handwritten-word-recognition/data/handwritten_external/W001/crops_processed/W001_P001_0110.png,ជាសាសនា,7,True,121,41,60.1755,0.266075,review,transcription_not_human_verified,W001
W001_P001_0111,crops_raw/W001_P001_0111.png,page_001.png,W001,79,832,237,881,ដែលបង្កើតឡើង,ដែលបង្កើតឡើង,0.93,0.95,True,pending,,data/handwritten_external/W001/metadata.csv,112,/Users/macbookpro/Desktop/Development/khmer-handwritten-word-recognition/data/handwritten_external/W001/crops_processed/W001_P001_0111.png,ដែលបង្កើតឡើង,12,True,158,49,67.5225,0.402997,review,transcription_not_human_verified,W001
W001_P001_0112,crops_raw/W001_P001_0112.png,page_001.png,W001,236,832,342,876,ដោយព្រះបរមគ្រូ,ដោយព្រះបរមគ្រូ,0.92,0.95,True,pending,,data/handwritten_external/W001/metadata.csv,113,/Users/macbookpro/Desktop/Development/khmer-handwritten-word-recognition/data/handwritten_external/W001/crops_processed/W001_P001_0112.png,ដោយព្រះបរមគ្រូ,14,True,106,44,59.4839,0.273585,review,transcription_not_human_verified,W001
W001_P001_0114,crops_raw/W001_P001_0114.png,page_001.png,W001,401,837,489,877,ឯពាក្យ,ឯពាក្យ,0.95,0.85,True,pending,,data/handwritten_external/W001/metadata.csv,115,/Users/macbookpro/Desktop/Development/khmer-handwritten-word-recognition/data/handwritten_external/W001/crops_processed/W001_P001_0114.png,ឯពាក្យ,6,True,88,40,52.0228,0.24233,review,transcription_not_human_verified,W001
W001_P001_0116,crops_raw/W001_P001_0116.png,page_001.png,W001,513,837,554,870,វិទ្យា,វិទ្យា,0.95,0.95,True,pending,,data/handwritten_external/W001/metadata.csv,117,/Users/macbookpro/Desktop/Development/khmer-handwritten-word-recognition/data/handwritten_external/W001/crops_processed/W001_P001_0116.png,វិទ្យា,6,True,41,33,57.7394,0.36068,review,transcription_not_human_verified,W001
W001_P001_0117,crops_raw/W001_P001_0117.png,page_001.png,W001,546,840,574,868,សាស្ត្រ,សាស្ត្រ,0.95,0.8,True,pending,narrow component,data/handwritten_external/W001/metadata.csv,118,/Users/macbookpro/Desktop/Development/khmer-handwritten-word-recognition/data/handwritten_external/W001/crops_processed/W001_P001_0117.png,សាស្ត្រ,7,True,28,28,48.7611,0.534439,review,transcription_not_human_verified,W001
W001_P001_0119,crops_raw/W001_P001_0119.png,page_001.png,W001,647,843,676,864,គឺ,គឺ,0.96,0.8,True,pending,narrow component,data/handwritten_external/W001/metadata.csv,120,/Users/macbookpro/Desktop/Development/khmer-handwritten-word-recognition/data/handwritten_external/W001/crops_processed/W001_P001_0119.png,គឺ,2,True,29,21,50.6605,0.517241,review,transcription_not_human_verified,W001
W001_P001_0121,crops_raw/W001_P001_0121.png,page_001.png,W001,78,864,259,906,ជាការ,ជាការ,0.95,0.95,True,pending,,data/handwritten_external/W001/metadata.csv,122,/Users/macbookpro/Desktop/Development/khmer-handwritten-word-recognition/data/handwritten_external/W001/crops_processed/W001_P001_0121.png,ជាការ,5,True,181,42,59.3336,0.280058,review,transcription_not_human_verified,W001
W001_P001_0122,crops_raw/W001_P001_0122.png,page_001.png,W001,247,865,327,895,សិក្សាស្រាវជ្រាវ,សិក្សាស្រាវជ្រាវ,0.93,0.95,True,pending,,data/handwritten_external/W001/metadata.csv,123,/Users/macbookpro/Desktop/Development/khmer-handwritten-word-recognition/data/handwritten_external/W001/crops_processed/W001_P001_0122.png,សិក្សាស្រាវជ្រាវ,16,True,80,30,59.118,0.27,review,transcription_not_human_verified,W001
W001_P001_0123,crops_raw/W001_P001_0123.png,page_001.png,W001,315,861,357,894,នូវ,នូវ,0.96,0.95,True,pending,,data/handwritten_external/W001/metadata.csv,124,/Users/macbookpro/Desktop/Development/khmer-handwritten-word-recognition/data/handwritten_external/W001/crops_processed/W001_P001_0123.png,នូវ,3,True,42,33,58.3111,0.369408,review,transcription_not_human_verified,W001
W001_P001_0124,crops_raw/W001_P001_0124.png,page_001.png,W001,351,870,378,894,ចំណេះដឹង,ចំណេះដឹង,0.95,0.8,True,pending,narrow component,data/handwritten_external/W001/metadata.csv,125,/Users/macbookpro/Desktop/Development/khmer-handwritten-word-recognition/data/handwritten_external/W001/crops_processed/W001_P001_0124.png,ចំណេះដឹង,8,True,27,24,52.0714,0.486111,review,transcription_not_human_verified,W001
W001_P001_0125,crops_raw/W001_P001_0125.png,page_001.png,W001,389,858,466,895,។,។,0.97,0.95,True,pending,,data/handwritten_external/W001/metadata.csv,126,/Users/macbookpro/Desktop/Development/khmer-handwritten-word-recognition/data/handwritten_external/W001/crops_processed/W001_P001_0125.png,។,1,True,77,37,63.7463,0.329589,review,transcription_not_human_verified,W001
W001_P001_0126,crops_raw/W001_P001_0126.png,page_001.png,W001,459,868,488,887,ចំណែក,ចំណែក,0.95,0.8,True,pending,narrow component,data/handwritten_external/W001/metadata.csv,127,/Users/macbookpro/Desktop/Development/khmer-handwritten-word-recognition/data/handwritten_external/W001/crops_processed/W001_P001_0126.png,ចំណែក,5,True,29,19,54.2983,0.484574,review,transcription_not_human_verified,W001
W001_P001_0128,crops_raw/W001_P001_0128.png,page_001.png,W001,555,866,581,888,សន្តិភាព,សន្តិភាព,0.95,0.8,True,pending,narrow component,data/handwritten_external/W001/metadata.csv,129,/Users/macbookpro/Desktop/Development/khmer-handwritten-word-recognition/data/handwritten_external/W001/crops_processed/W001_P001_0128.png,សន្តិភាព,8,True,26,22,57.2997,0.51049,review,transcription_not_human_verified,W001
W001_P001_0130,crops_raw/W001_P001_0130.png,page_001.png,W001,78,886,331,932,ដែលមានលក្ខណៈ,ដែលមានលក្ខណៈ,0.92,0.95,True,pending,,data/handwritten_external/W001/metadata.csv,131,/Users/macbookpro/Desktop/Development/khmer-handwritten-word-recognition/data/handwritten_external/W001/crops_processed/W001_P001_0130.png,ដែលមានលក្ខណៈ,12,True,253,46,61.7695,0.349974,review,transcription_not_human_verified,W001
W001_P001_0131,crops_raw/W001_P001_0131.png,page_001.png,W001,335,894,463,932,ស្ងប់ស្ងាត់,ស្ងប់ស្ងាត់,0.95,0.95,True,pending,,data/handwritten_external/W001/metadata.csv,132,/Users/macbookpro/Desktop/Development/khmer-handwritten-word-recognition/data/handwritten_external/W001/crops_processed/W001_P001_0131.png,ស្ងប់ស្ងាត់,11,True,128,38,57.5571,0.280428,review,transcription_not_human_verified,W001
W001_P001_0132,crops_raw/W001_P001_0132.png,page_001.png,W001,479,894,634,947,សុខសាន្ត...,សុខសាន្ត...,0.92,0.95,True,pending,,data/handwritten_external/W001/metadata.csv,133,/Users/macbookpro/Desktop/Development/khmer-handwritten-word-recognition/data/handwritten_external/W001/crops_processed/W001_P001_0132.png,សុខសាន្ត...,11,True,155,53,64.8993,0.376385,review,transcription_not_human_verified,W001
W001_P001_0133,crops_raw/W001_P001_0133.png,page_001.png,W001,633,893,688,932,ភាពគ្មានសង្គ្រាម...,ភាពគ្មានសង្គ្រាម...,0.91,0.95,True,pending,,data/handwritten_external/W001/metadata.csv,134,/Users/macbookpro/Desktop/Development/khmer-handwritten-word-recognition/data/handwritten_external/W001/crops_processed/W001_P001_0133.png,ភាពគ្មានសង្គ្រាម...,19,True,55,39,62.0459,0.310956,review,transcription_not_human_verified,W001
W001_P001_0134,crops_raw/W001_P001_0134.png,page_001.png,W001,78,918,158,955,ទស្សនៈ,ទស្សនៈ,0.96,0.85,True,pending,,data/handwritten_external/W001/metadata.csv,135,/Users/macbookpro/Desktop/Development/khmer-handwritten-word-recognition/data/handwritten_external/W001/crops_processed/W001_P001_0134.png,ទស្សនៈ,6,True,80,37,53.5252,0.272973,review,transcription_not_human_verified,W001
W001_P001_0135,crops_raw/W001_P001_0135.png,page_001.png,W001,145,919,249,955,ប្រធានខាងលើ,ប្រធានខាងលើ,0.93,0.85,True,pending,,data/handwritten_external/W001/metadata.csv,136,/Users/macbookpro/Desktop/Development/khmer-handwritten-word-recognition/data/handwritten_external/W001/crops_processed/W001_P001_0135.png,ប្រធានខាងលើ,11,True,104,36,54.032,0.265224,review,transcription_not_human_verified,W001
W001_P001_0136,crops_raw/W001_P001_0136.png,page_001.png,W001,238,912,314,945,ដែល,ដែល,0.96,0.95,True,pending,,data/handwritten_external/W001/metadata.csv,137,/Users/macbookpro/Desktop/Development/khmer-handwritten-word-recognition/data/handwritten_external/W001/crops_processed/W001_P001_0136.png,ដែល,3,True,76,33,59.3195,0.327751,review,transcription_not_human_verified,W001
W001_P001_0137,crops_raw/W001_P001_0137.png,page_001.png,W001,308,913,358,945,លើកឡើងថា,លើកឡើងថា,0.94,0.95,True,pending,,data/handwritten_external/W001/metadata.csv,138,/Users/macbookpro/Desktop/Development/khmer-handwritten-word-recognition/data/handwritten_external/W001/crops_processed/W001_P001_0137.png,លើកឡើងថា,8,True,50,32,58.5517,0.32875,review,transcription_not_human_verified,W001
W001_P001_0138,crops_raw/W001_P001_0138.png,page_001.png,W001,346,913,450,957,ទ្រព្យសម្បត្តិ,ទ្រព្យសម្បត្តិ,0.95,0.95,True,pending,,data/handwritten_external/W001/metadata.csv,139,/Users/macbookpro/Desktop/Development/khmer-handwritten-word-recognition/data/handwritten_external/W001/crops_processed/W001_P001_0138.png,ទ្រព្យសម្បត្តិ,14,True,104,44,54.0274,0.250656,review,transcription_not_human_verified,W001
W001_P001_0139,crops_raw/W001_P001_0139.png,page_001.png,W001,445,911,511,958,ព្រះពុទ្ធ,ព្រះពុទ្ធ,0.95,0.95,True,pending,,data/handwritten_external/W001/metadata.csv,140,/Users/macbookpro/Desktop/Development/khmer-handwritten-word-recognition/data/handwritten_external/W001/crops_processed/W001_P001_0139.png,ព្រះពុទ្ធ,9,True,66,47,57.9739,0.325274,review,transcription_not_human_verified,W001
W001_P001_0140,crops_raw/W001_P001_0140.png,page_001.png,W001,516,909,546,944,សាសនា,សាសនា,0.95,0.8,True,pending,narrow component,data/handwritten_external/W001/metadata.csv,141,/Users/macbookpro/Desktop/Development/khmer-handwritten-word-recognition/data/handwritten_external/W001/crops_processed/W001_P001_0140.png,សាសនា,5,True,30,35,61.7522,0.52,review,transcription_not_human_verified,W001
W001_P001_0141,crops_raw/W001_P001_0141.png,page_001.png,W001,600,922,654,957,ដែល,ដែល,0.95,0.95,True,pending,,data/handwritten_external/W001/metadata.csv,142,/Users/macbookpro/Desktop/Development/khmer-handwritten-word-recognition/data/handwritten_external/W001/crops_processed/W001_P001_0141.png,ដែល,3,True,54,35,65.914,0.42963,review,transcription_not_human_verified,W001
W001_P001_0143,crops_raw/W001_P001_0143.png,page_001.png,W001,78,944,157,971,សាសនា,សាសនា,0.95,0.95,True,pending,,data/handwritten_external/W001/metadata.csv,144,/Users/macbookpro/Desktop/Development/khmer-handwritten-word-recognition/data/handwritten_external/W001/crops_processed/W001_P001_0143.png,សាសនា,5,True,79,27,63.0084,0.333802,review,transcription_not_human_verified,W001
W001_P001_0144,crops_raw/W001_P001_0144.png,page_001.png,W001,152,937,372,995,ដែល,ដែល,0.96,0.95,True,pending,,data/handwritten_external/W001/metadata.csv,145,/Users/macbookpro/Desktop/Development/khmer-handwritten-word-recognition/data/handwritten_external/W001/crops_processed/W001_P001_0144.png,ដែល,3,True,220,58,61.8173,0.344671,review,transcription_not_human_verified,W001
W001_P001_0145,crops_raw/W001_P001_0145.png,page_001.png,W001,360,938,467,987,កើតមកដោយ,កើតមកដោយ,0.93,0.95,True,pending,,data/handwritten_external/W001/metadata.csv,146,/Users/macbookpro/Desktop/Development/khmer-handwritten-word-recognition/data/handwritten_external/W001/crops_processed/W001_P001_0145.png,កើតមកដោយ,8,True,107,49,59.8025,0.34465,review,transcription_not_human_verified,W001
W001_P001_0146,crops_raw/W001_P001_0146.png,page_001.png,W001,455,938,530,971,ព្រះបរមគ្រូននៃយើង,ព្រះបរមគ្រូននៃយើង,0.9,0.95,True,pending,original spelling contains extra ន,data/handwritten_external/W001/metadata.csv,147,/Users/macbookpro/Desktop/Development/khmer-handwritten-word-recognition/data/handwritten_external/W001/crops_processed/W001_P001_0146.png,ព្រះបរមគ្រូននៃយើង,17,True,75,33,58.3522,0.29697,review,transcription_not_human_verified,W001
W001_P001_0147,crops_raw/W001_P001_0147.png,page_001.png,W001,518,948,566,971,នេះ,នេះ,0.96,0.8,True,pending,narrow component,data/handwritten_external/W001/metadata.csv,148,/Users/macbookpro/Desktop/Development/khmer-handwritten-word-recognition/data/handwritten_external/W001/crops_processed/W001_P001_0147.png,នេះ,3,True,48,23,60.2769,0.45471,review,transcription_not_human_verified,W001
W001_P001_0148,crops_raw/W001_P001_0148.png,page_001.png,W001,559,922,688,983,បានធ្វើឱ្យមាន,បានធ្វើឱ្យមាន,0.92,0.95,True,pending,,data/handwritten_external/W001/metadata.csv,149,/Users/macbookpro/Desktop/Development/khmer-handwritten-word-recognition/data/handwritten_external/W001/crops_processed/W001_P001_0148.png,បានធ្វើឱ្យមាន,13,True,129,61,67.653,0.403355,review,transcription_not_human_verified,W001
W001_P001_0149,crops_raw/W001_P001_0149.png,page_001.png,W001,78,968,217,1001,ការលូតលាស់,ការលូតលាស់,0.94,0.85,True,pending,,data/handwritten_external/W001/metadata.csv,150,/Users/macbookpro/Desktop/Development/khmer-handwritten-word-recognition/data/handwritten_external/W001/crops_processed/W001_P001_0149.png,ការលូតលាស់,10,True,139,33,50.2984,0.193373,review,transcription_not_human_verified,W001
W001_P001_0150,crops_raw/W001_P001_0150.png,page_001.png,W001,215,964,338,1001,នូវចំណេះដឹង,នូវចំណេះដឹង,0.93,0.85,True,pending,,data/handwritten_external/W001/metadata.csv,151,/Users/macbookpro/Desktop/Development/khmer-handwritten-word-recognition/data/handwritten_external/W001/crops_processed/W001_P001_0150.png,នូវចំណេះដឹង,11,True,123,37,52.1703,0.192925,review,transcription_not_human_verified,W001
W001_P001_0151,crops_raw/W001_P001_0151.png,page_001.png,W001,341,970,411,1001,ផ្សេងៗ,ផ្សេងៗ,0.96,0.85,True,pending,,data/handwritten_external/W001/metadata.csv,152,/Users/macbookpro/Desktop/Development/khmer-handwritten-word-recognition/data/handwritten_external/W001/crops_processed/W001_P001_0151.png,ផ្សេងៗ,6,True,70,31,56.684,0.277419,review,transcription_not_human_verified,W001
W001_P001_0152,crops_raw/W001_P001_0152.png,page_001.png,W001,409,971,445,1001,ដែលជាហេតុ,ដែលជាហេតុ,0.94,0.85,True,pending,,data/handwritten_external/W001/metadata.csv,153,/Users/macbookpro/Desktop/Development/khmer-handwritten-word-recognition/data/handwritten_external/W001/crops_processed/W001_P001_0152.png,ដែលជាហេតុ,9,True,36,30,62.8092,0.417593,review,transcription_not_human_verified,W001
W001_P001_0153,crops_raw/W001_P001_0153.png,page_001.png,W001,446,967,510,997,នាំឱ្យ,នាំឱ្យ,0.95,0.85,True,pending,,data/handwritten_external/W001/metadata.csv,154,/Users/macbookpro/Desktop/Development/khmer-handwritten-word-recognition/data/handwritten_external/W001/crops_processed/W001_P001_0153.png,នាំឱ្យ,6,True,64,30,58.7813,0.306771,review,transcription_not_human_verified,W001
W001_P001_0154,crops_raw/W001_P001_0154.png,page_001.png,W001,498,960,608,1001,មាន,មាន,0.96,0.75,True,pending,tight spacing with neighbor; compound word or continuous phrase,data/handwritten_external/W001/metadata.csv,155,/Users/macbookpro/Desktop/Development/khmer-handwritten-word-recognition/data/handwritten_external/W001/crops_processed/W001_P001_0154.png,មាន,3,True,110,41,56.1874,0.225721,review,transcription_not_human_verified,W001
W001_P002_0001,crops_raw/W001_P002_0001.png,page_002.png,W001,87,237,140,277,សុខសន្តិភាព,សុខសន្តិភាព,0.95,0.95,True,pending,,data/handwritten_external/W001/metadata.csv,157,/Users/macbookpro/Desktop/Development/khmer-handwritten-word-recognition/data/handwritten_external/W001/crops_processed/W001_P002_0001.png,សុខសន្តិភាព,11,True,53,40,43.98,0.199057,review,transcription_not_human_verified,W001
W001_P002_0002,crops_raw/W001_P002_0002.png,page_002.png,W001,128,228,177,272,ពេលនោះ,ពេលនោះ,0.96,0.95,True,pending,,data/handwritten_external/W001/metadata.csv,158,/Users/macbookpro/Desktop/Development/khmer-handwritten-word-recognition/data/handwritten_external/W001/crops_processed/W001_P002_0002.png,ពេលនោះ,6,True,49,44,44.7052,0.211503,review,transcription_not_human_verified,W001
W001_P002_0003,crops_raw/W001_P002_0003.png,page_002.png,W001,165,237,217,262,គឺជា,គឺជា,0.96,0.95,True,pending,,data/handwritten_external/W001/metadata.csv,159,/Users/macbookpro/Desktop/Development/khmer-handwritten-word-recognition/data/handwritten_external/W001/crops_processed/W001_P002_0003.png,គឺជា,4,True,52,25,55.5772,0.303077,review,transcription_not_human_verified,W001
W001_P002_0004,crops_raw/W001_P002_0004.png,page_002.png,W001,211,237,265,273,ភាពសុខសាន្ត...,ភាពសុខសាន្ត...,0.92,0.95,True,pending,informal ellipses,data/handwritten_external/W001/metadata.csv,160,/Users/macbookpro/Desktop/Development/khmer-handwritten-word-recognition/data/handwritten_external/W001/crops_processed/W001_P002_0004.png,ភាពសុខសាន្ត...,14,True,54,36,44.5244,0.209362,review,transcription_not_human_verified,W001
W001_P002_0005,crops_raw/W001_P002_0005.png,page_002.png,W001,253,225,387,275,។,។,0.97,0.85,True,pending,,data/handwritten_external/W001/metadata.csv,161,/Users/macbookpro/Desktop/Development/khmer-handwritten-word-recognition/data/handwritten_external/W001/crops_processed/W001_P002_0005.png,។,1,True,134,50,49.0745,0.227164,review,transcription_not_human_verified,W001
W001_P002_0008,crops_raw/W001_P002_0008.png,page_002.png,W001,155,256,302,288,ជាការពិតណាស់,ជាការពិតណាស់,0.94,0.85,True,pending,,data/handwritten_external/W001/metadata.csv,164,/Users/macbookpro/Desktop/Development/khmer-handwritten-word-recognition/data/handwritten_external/W001/crops_processed/W001_P002_0008.png,ជាការពិតណាស់,12,True,147,32,45.1937,0.195791,review,transcription_not_human_verified,W001
W001_P002_0009,crops_raw/W001_P002_0009.png,page_002.png,W001,290,256,439,301,ព្រះពុទ្ធសាសនា,ព្រះពុទ្ធសាសនា,0.96,0.75,True,pending,tight spacing with neighbor; compound word or continuous phrase,data/handwritten_external/W001/metadata.csv,165,/Users/macbookpro/Desktop/Development/khmer-handwritten-word-recognition/data/handwritten_external/W001/crops_processed/W001_P002_0009.png,ព្រះពុទ្ធសាសនា,14,True,149,45,52.1595,0.261596,review,transcription_not_human_verified,W001
W001_P002_0012,crops_raw/W001_P002_0012.png,page_002.png,W001,84,284,182,328,សង្គមជាតិ...,សង្គមជាតិ...,0.94,0.95,True,pending,,data/handwritten_external/W001/metadata.csv,168,/Users/macbookpro/Desktop/Development/khmer-handwritten-word-recognition/data/handwritten_external/W001/crops_processed/W001_P002_0012.png,សង្គមជាតិ...,12,True,98,44,46.5979,0.246985,review,transcription_not_human_verified,W001
W001_P002_0013,crops_raw/W001_P002_0013.png,page_002.png,W001,172,283,336,321,ដែលជាជាតិមួយ...,ដែលជាជាតិមួយ...,0.93,0.95,True,pending,,data/handwritten_external/W001/metadata.csv,169,/Users/macbookpro/Desktop/Development/khmer-handwritten-word-recognition/data/handwritten_external/W001/crops_processed/W001_P002_0013.png,ដែលជាជាតិមួយ...,15,True,164,38,48.8723,0.220154,review,transcription_not_human_verified,W001
W001_P002_0014,crops_raw/W001_P002_0014.png,page_002.png,W001,327,284,495,339,ទៅរកភាពសុខសាន្ត...,ទៅរកភាពសុខសាន្ត...,0.92,0.95,True,pending,,data/handwritten_external/W001/metadata.csv,170,/Users/macbookpro/Desktop/Development/khmer-handwritten-word-recognition/data/handwritten_external/W001/crops_processed/W001_P002_0014.png,ទៅរកភាពសុខសាន្ត...,18,True,168,55,55.0763,0.312013,review,transcription_not_human_verified,W001
W001_P002_0015,crops_raw/W001_P002_0015.png,page_002.png,W001,488,291,518,314,។,។,0.97,0.8,True,pending,narrow component,data/handwritten_external/W001/metadata.csv,171,/Users/macbookpro/Desktop/Development/khmer-handwritten-word-recognition/data/handwritten_external/W001/crops_processed/W001_P002_0015.png,។,1,True,30,23,52.0747,0.352174,review,transcription_not_human_verified,W001
W001_P002_0016,crops_raw/W001_P002_0016.png,page_002.png,W001,507,281,645,323,បើយើងងាក,បើយើងងាក,0.94,0.95,True,pending,,data/handwritten_external/W001/metadata.csv,172,/Users/macbookpro/Desktop/Development/khmer-handwritten-word-recognition/data/handwritten_external/W001/crops_processed/W001_P002_0016.png,បើយើងងាក,8,True,138,42,49.5407,0.251898,review,transcription_not_human_verified,W001
W001_P002_0017,crops_raw/W001_P002_0017.png,page_002.png,W001,649,289,688,314,ត្រឡប់ទៅមើល,ត្រឡប់ទៅមើល,0.93,0.95,True,pending,,data/handwritten_external/W001/metadata.csv,173,/Users/macbookpro/Desktop/Development/khmer-handwritten-word-recognition/data/handwritten_external/W001/crops_processed/W001_P002_0017.png,ត្រឡប់ទៅមើល,11,True,39,25,63.1718,0.365128,review,transcription_not_human_verified,W001
W001_P002_0018,crops_raw/W001_P002_0018.png,page_002.png,W001,84,310,178,350,វត្តមាន,វត្តមាន,0.96,0.95,True,pending,,data/handwritten_external/W001/metadata.csv,174,/Users/macbookpro/Desktop/Development/khmer-handwritten-word-recognition/data/handwritten_external/W001/crops_processed/W001_P002_0018.png,វត្តមាន,7,True,94,40,41.0085,0.231915,review,transcription_not_human_verified,W001
W001_P002_0020,crops_raw/W001_P002_0020.png,page_002.png,W001,399,328,425,349,ពោលគឺមានវត្តមានជាច្រើន,ពោលគឺមានវត្តមានជាច្រើន,0.91,0.8,True,pending,narrow component,data/handwritten_external/W001/metadata.csv,176,/Users/macbookpro/Desktop/Development/khmer-handwritten-word-recognition/data/handwritten_external/W001/crops_processed/W001_P002_0020.png,ពោលគឺមានវត្តមានជាច្រើន,22,True,26,21,65.5338,0.587912,review,transcription_not_human_verified,W001
W001_P002_0024,crops_raw/W001_P002_0024.png,page_002.png,W001,84,332,170,377,ដែលមនុស្ស,ដែលមនុស្ស,0.95,0.75,True,pending,tight spacing with neighbor; compound word or continuous phrase,data/handwritten_external/W001/metadata.csv,180,/Users/macbookpro/Desktop/Development/khmer-handwritten-word-recognition/data/handwritten_external/W001/crops_processed/W001_P002_0024.png,ដែលមនុស្ស,9,True,86,45,44.2586,0.226098,review,transcription_not_human_verified,W001
W001_P002_0025,crops_raw/W001_P002_0025.png,page_002.png,W001,157,340,205,377,ត្រូវប្រព្រឹត្ត,ត្រូវប្រព្រឹត្ត,0.94,0.75,True,pending,tight spacing with neighbor; compound word or continuous phrase,data/handwritten_external/W001/metadata.csv,181,/Users/macbookpro/Desktop/Development/khmer-handwritten-word-recognition/data/handwritten_external/W001/crops_processed/W001_P002_0025.png,ត្រូវប្រព្រឹត្ត,15,True,48,37,53.7677,0.304054,review,transcription_not_human_verified,W001
W001_P002_0026,crops_raw/W001_P002_0026.png,page_002.png,W001,192,332,367,377,តែអំពើល្អ,តែអំពើល្អ,0.94,0.75,True,pending,tight spacing with neighbor; compound word or continuous phrase,data/handwritten_external/W001/metadata.csv,182,/Users/macbookpro/Desktop/Development/khmer-handwritten-word-recognition/data/handwritten_external/W001/crops_processed/W001_P002_0026.png,តែអំពើល្អ,9,True,175,45,55.4578,0.329397,review,transcription_not_human_verified,W001
W001_P002_0027,crops_raw/W001_P002_0027.png,page_002.png,W001,356,330,431,364,ត្រូវតែខិតខំ,ត្រូវតែខិតខំ,0.94,0.85,True,pending,,data/handwritten_external/W001/metadata.csv,183,/Users/macbookpro/Desktop/Development/khmer-handwritten-word-recognition/data/handwritten_external/W001/crops_processed/W001_P002_0027.png,ត្រូវតែខិតខំ,12,True,75,34,51.862,0.311373,review,transcription_not_human_verified,W001
W001_P002_0028,crops_raw/W001_P002_0028.png,page_002.png,W001,419,336,457,364,ត្រូវតែធ្វើការ,ត្រូវតែធ្វើការ,0.93,0.85,True,pending,,data/handwritten_external/W001/metadata.csv,184,/Users/macbookpro/Desktop/Development/khmer-handwritten-word-recognition/data/handwritten_external/W001/crops_processed/W001_P002_0028.png,ត្រូវតែធ្វើការ,14,True,38,28,59.0998,0.409774,review,transcription_not_human_verified,W001
W001_P002_0029,crops_raw/W001_P002_0029.png,page_002.png,W001,447,331,647,377,ប្រតិបត្តិតាម...,ប្រតិបត្តិតាម...,0.91,0.75,True,pending,tight spacing with neighbor; compound word or continuous phrase,data/handwritten_external/W001/metadata.csv,185,/Users/macbookpro/Desktop/Development/khmer-handwritten-word-recognition/data/handwritten_external/W001/crops_processed/W001_P002_0029.png,ប្រតិបត្តិតាម...,16,True,200,46,57.9023,0.337065,review,transcription_not_human_verified,W001
W001_P002_0031,crops_raw/W001_P002_0031.png,page_002.png,W001,85,357,249,402,ជាក់ស្តែង,ជាក់ស្តែង,0.95,0.95,True,pending,,data/handwritten_external/W001/metadata.csv,187,/Users/macbookpro/Desktop/Development/khmer-handwritten-word-recognition/data/handwritten_external/W001/crops_processed/W001_P002_0031.png,ជាក់ស្តែង,9,True,164,45,55.8377,0.288482,review,transcription_not_human_verified,W001
W001_P002_0032,crops_raw/W001_P002_0032.png,page_002.png,W001,264,364,314,400,សាសនា,សាសនា,0.96,0.95,True,pending,,data/handwritten_external/W001/metadata.csv,188,/Users/macbookpro/Desktop/Development/khmer-handwritten-word-recognition/data/handwritten_external/W001/crops_processed/W001_P002_0032.png,សាសនា,5,True,50,36,56.0331,0.323333,review,transcription_not_human_verified,W001
W001_P002_0033,crops_raw/W001_P002_0033.png,page_002.png,W001,304,358,391,399,ព្រះពុទ្ធ,ព្រះពុទ្ធ,0.96,0.95,True,pending,,data/handwritten_external/W001/metadata.csv,189,/Users/macbookpro/Desktop/Development/khmer-handwritten-word-recognition/data/handwritten_external/W001/crops_processed/W001_P002_0033.png,ព្រះពុទ្ធ,9,True,87,41,35.3437,0.156154,review,transcription_not_human_verified,W001
W001_P002_0034,crops_raw/W001_P002_0034.png,page_002.png,W001,379,360,407,388,បានអប់រំ,បានអប់រំ,0.94,0.8,True,pending,narrow component,data/handwritten_external/W001/metadata.csv,190,/Users/macbookpro/Desktop/Development/khmer-handwritten-word-recognition/data/handwritten_external/W001/crops_processed/W001_P002_0034.png,បានអប់រំ,8,True,28,28,58.0962,0.534439,review,transcription_not_human_verified,W001
W001_P002_0035,crops_raw/W001_P002_0035.png,page_002.png,W001,437,367,465,398,មនុស្ស,មនុស្ស,0.96,0.8,True,pending,narrow component,data/handwritten_external/W001/metadata.csv,191,/Users/macbookpro/Desktop/Development/khmer-handwritten-word-recognition/data/handwritten_external/W001/crops_processed/W001_P002_0035.png,មនុស្ស,6,True,28,31,59.7787,0.37212,review,transcription_not_human_verified,W001
W001_P002_0036,crops_raw/W001_P002_0036.png,page_002.png,W001,457,364,493,399,ឱ្យស្គាល់នូវ,ឱ្យស្គាល់នូវ,0.94,0.95,True,pending,,data/handwritten_external/W001/metadata.csv,192,/Users/macbookpro/Desktop/Development/khmer-handwritten-word-recognition/data/handwritten_external/W001/crops_processed/W001_P002_0036.png,ឱ្យស្គាល់នូវ,12,True,36,35,55.7303,0.320635,review,transcription_not_human_verified,W001
W001_P002_0037,crops_raw/W001_P002_0037.png,page_002.png,W001,481,355,563,401,គុណ,គុណ,0.96,0.95,True,pending,,data/handwritten_external/W001/metadata.csv,193,/Users/macbookpro/Desktop/Development/khmer-handwritten-word-recognition/data/handwritten_external/W001/crops_processed/W001_P002_0037.png,គុណ,3,True,82,46,43.3823,0.26087,review,transcription_not_human_verified,W001
W001_P002_0038,crops_raw/W001_P002_0038.png,page_002.png,W001,558,365,620,395,ទោស,ទោស,0.96,0.95,True,pending,,data/handwritten_external/W001/metadata.csv,194,/Users/macbookpro/Desktop/Development/khmer-handwritten-word-recognition/data/handwritten_external/W001/crops_processed/W001_P002_0038.png,ទោស,3,True,62,30,52.2564,0.255914,review,transcription_not_human_verified,W001
W001_P002_0039,crops_raw/W001_P002_0039.png,page_002.png,W001,610,361,660,397,ដែល,ដែល,0.96,0.95,True,pending,,data/handwritten_external/W001/metadata.csv,195,/Users/macbookpro/Desktop/Development/khmer-handwritten-word-recognition/data/handwritten_external/W001/crops_processed/W001_P002_0039.png,ដែល,3,True,50,36,49.5441,0.251667,review,transcription_not_human_verified,W001
W001_P002_0041,crops_raw/W001_P002_0041.png,page_002.png,W001,85,389,160,427,ជាបញ្ញត្តិដ៏ល្អ...,ជាបញ្ញត្តិដ៏ល្អ...,0.92,0.85,True,pending,,data/handwritten_external/W001/metadata.csv,197,/Users/macbookpro/Desktop/Development/khmer-handwritten-word-recognition/data/handwritten_external/W001/crops_processed/W001_P002_0041.png,ជាបញ្ញត្តិដ៏ល្អ...,18,True,75,38,55.8886,0.342807,review,transcription_not_human_verified,W001
W001_P002_0042,crops_raw/W001_P002_0042.png,page_002.png,W001,227,365,317,426,សង្គមមាន,សង្គមមាន,0.94,0.85,True,pending,,data/handwritten_external/W001/metadata.csv,198,/Users/macbookpro/Desktop/Development/khmer-handwritten-word-recognition/data/handwritten_external/W001/crops_processed/W001_P002_0042.png,សង្គមមាន,8,True,90,61,52.5803,0.298725,review,transcription_not_human_verified,W001
W001_P002_0043,crops_raw/W001_P002_0043.png,page_002.png,W001,306,365,457,429,មនុស្សល្អរាប់ពាន់នាក់,មនុស្សល្អរាប់ពាន់នាក់,0.92,0.85,True,pending,,data/handwritten_external/W001/metadata.csv,199,/Users/macbookpro/Desktop/Development/khmer-handwritten-word-recognition/data/handwritten_external/W001/crops_processed/W001_P002_0043.png,មនុស្សល្អរាប់ពាន់នាក់,21,True,151,64,57.2806,0.315915,review,transcription_not_human_verified,W001
W001_P002_0045,crops_raw/W001_P002_0045.png,page_002.png,W001,83,389,291,452,នូវសីលធម៌...,នូវសីលធម៌...,0.93,0.95,True,pending,,data/handwritten_external/W001/metadata.csv,201,/Users/macbookpro/Desktop/Development/khmer-handwritten-word-recognition/data/handwritten_external/W001/crops_processed/W001_P002_0045.png,នូវសីលធម៌...,12,True,208,63,56.7577,0.324634,review,transcription_not_human_verified,W001
W001_P002_0046,crops_raw/W001_P002_0046.png,page_002.png,W001,284,413,410,453,សន្តិភាព,សន្តិភាព,0.96,0.95,True,pending,,data/handwritten_external/W001/metadata.csv,202,/Users/macbookpro/Desktop/Development/khmer-handwritten-word-recognition/data/handwritten_external/W001/crops_processed/W001_P002_0046.png,សន្តិភាព,8,True,126,40,48.6075,0.288294,review,transcription_not_human_verified,W001
W001_P002_0047,crops_raw/W001_P002_0047.png,page_002.png,W001,407,409,451,441,គ្មានសង្គ្រាម...,គ្មានសង្គ្រាម...,0.93,0.95,True,pending,,data/handwritten_external/W001/metadata.csv,203,/Users/macbookpro/Desktop/Development/khmer-handwritten-word-recognition/data/handwritten_external/W001/crops_processed/W001_P002_0047.png,គ្មានសង្គ្រាម...,16,True,44,32,53.3936,0.296165,review,transcription_not_human_verified,W001
W001_P002_0048,crops_raw/W001_P002_0048.png,page_002.png,W001,440,415,516,448,និងមានការ,និងមានការ,0.94,0.95,True,pending,,data/handwritten_external/W001/metadata.csv,204,/Users/macbookpro/Desktop/Development/khmer-handwritten-word-recognition/data/handwritten_external/W001/crops_processed/W001_P002_0048.png,និងមានការ,9,True,76,33,44.1625,0.210925,review,transcription_not_human_verified,W001
W001_P002_0049,crops_raw/W001_P002_0049.png,page_002.png,W001,574,412,688,451,សម្រេចសម្រួលរវាង...,សម្រេចសម្រួលរវាង...,0.9,0.95,True,pending,,data/handwritten_external/W001/metadata.csv,205,/Users/macbookpro/Desktop/Development/khmer-handwritten-word-recognition/data/handwritten_external/W001/crops_processed/W001_P002_0049.png,សម្រេចសម្រួលរវាង...,19,True,114,39,45.7393,0.226946,review,transcription_not_human_verified,W001
W001_P002_0050,crops_raw/W001_P002_0050.png,page_002.png,W001,81,440,175,477,ស្រឡាញ់គ្នា...,ស្រឡាញ់គ្នា...,0.93,0.95,True,pending,,data/handwritten_external/W001/metadata.csv,206,/Users/macbookpro/Desktop/Development/khmer-handwritten-word-recognition/data/handwritten_external/W001/crops_processed/W001_P002_0050.png,ស្រឡាញ់គ្នា...,14,True,94,37,40.8182,0.247556,review,transcription_not_human_verified,W001
W001_P002_0051,crops_raw/W001_P002_0051.png,page_002.png,W001,188,441,217,464,។,។,0.97,0.8,True,pending,narrow component,data/handwritten_external/W001/metadata.csv,207,/Users/macbookpro/Desktop/Development/khmer-handwritten-word-recognition/data/handwritten_external/W001/crops_processed/W001_P002_0051.png,។,1,True,29,23,49.9903,0.28036,review,transcription_not_human_verified,W001
W001_P002_0052,crops_raw/W001_P002_0052.png,page_002.png,W001,227,435,400,477,អ្វីដែលជាលក្ខណៈ,អ្វីដែលជាលក្ខណៈ,0.92,0.95,True,pending,,data/handwritten_external/W001/metadata.csv,208,/Users/macbookpro/Desktop/Development/khmer-handwritten-word-recognition/data/handwritten_external/W001/crops_processed/W001_P002_0052.png,អ្វីដែលជាលក្ខណៈ,15,True,173,42,53.9612,0.300303,review,transcription_not_human_verified,W001
W001_P002_0053,crops_raw/W001_P002_0053.png,page_002.png,W001,391,416,609,479,កាន់តែពិសេស,កាន់តែពិសេស,0.94,0.95,True,pending,,data/handwritten_external/W001/metadata.csv,209,/Users/macbookpro/Desktop/Development/khmer-handwritten-word-recognition/data/handwritten_external/W001/crops_processed/W001_P002_0053.png,កាន់តែពិសេស,11,True,218,63,59.1163,0.329693,review,transcription_not_human_verified,W001
W001_P002_0054,crops_raw/W001_P002_0054.png,page_002.png,W001,598,431,688,478,ទៀតនោះ,ទៀតនោះ,0.94,0.95,True,pending,,data/handwritten_external/W001/metadata.csv,210,/Users/macbookpro/Desktop/Development/khmer-handwritten-word-recognition/data/handwritten_external/W001/crops_processed/W001_P002_0054.png,ទៀតនោះ,6,True,90,47,46.6574,0.216785,review,transcription_not_human_verified,W001
W001_P002_0055,crops_raw/W001_P002_0055.png,page_002.png,W001,83,466,166,491,សាសនា,សាសនា,0.96,0.85,True,pending,,data/handwritten_external/W001/metadata.csv,211,/Users/macbookpro/Desktop/Development/khmer-handwritten-word-recognition/data/handwritten_external/W001/crops_processed/W001_P002_0055.png,សាសនា,5,True,83,25,57.6409,0.304096,review,transcription_not_human_verified,W001
W001_P002_0057,crops_raw/W001_P002_0057.png,page_002.png,W001,425,465,468,493,ទូលាយ...,ទូលាយ...,0.94,0.85,True,pending,,data/handwritten_external/W001/metadata.csv,213,/Users/macbookpro/Desktop/Development/khmer-handwritten-word-recognition/data/handwritten_external/W001/crops_processed/W001_P002_0057.png,ទូលាយ...,8,True,43,28,57.2712,0.342193,review,transcription_not_human_verified,W001
W001_P002_0059,crops_raw/W001_P002_0059.png,page_002.png,W001,83,492,117,525,ឬការធ្វើ,ឬការធ្វើ,0.94,0.95,True,pending,,data/handwritten_external/W001/metadata.csv,215,/Users/macbookpro/Desktop/Development/khmer-handwritten-word-recognition/data/handwritten_external/W001/crops_processed/W001_P002_0059.png,ឬការធ្វើ,8,True,34,33,56.7742,0.386809,review,transcription_not_human_verified,W001
W001_P002_0060,crops_raw/W001_P002_0060.png,page_002.png,W001,108,485,178,524,អំពើអាក្រក់...,អំពើអាក្រក់...,0.93,0.95,True,pending,,data/handwritten_external/W001/metadata.csv,216,/Users/macbookpro/Desktop/Development/khmer-handwritten-word-recognition/data/handwritten_external/W001/crops_processed/W001_P002_0060.png,អំពើអាក្រក់...,14,True,70,39,44.0635,0.216484,review,transcription_not_human_verified,W001
W001_P002_0061,crops_raw/W001_P002_0061.png,page_002.png,W001,169,487,227,517,ការរស់នៅឱ្យធ្វើ,ការរស់នៅឱ្យធ្វើ,0.92,0.95,True,pending,,data/handwritten_external/W001/metadata.csv,217,/Users/macbookpro/Desktop/Development/khmer-handwritten-word-recognition/data/handwritten_external/W001/crops_processed/W001_P002_0061.png,ការរស់នៅឱ្យធ្វើ,15,True,58,30,50.1775,0.264368,review,transcription_not_human_verified,W001
W001_P002_0062,crops_raw/W001_P002_0062.png,page_002.png,W001,220,484,295,525,តែអំពើល្អ...,តែអំពើល្អ...,0.92,0.95,True,pending,,data/handwritten_external/W001/metadata.csv,218,/Users/macbookpro/Desktop/Development/khmer-handwritten-word-recognition/data/handwritten_external/W001/crops_processed/W001_P002_0062.png,តែអំពើល្អ...,12,True,75,41,35.9345,0.166504,review,transcription_not_human_verified,W001
W001_P002_0063,crops_raw/W001_P002_0063.png,page_002.png,W001,303,467,515,551,ដោយការ,ដោយការ,0.95,0.95,True,pending,,data/handwritten_external/W001/metadata.csv,219,/Users/macbookpro/Desktop/Development/khmer-handwritten-word-recognition/data/handwritten_external/W001/crops_processed/W001_P002_0063.png,ដោយការ,6,True,212,84,60.7262,0.349562,review,transcription_not_human_verified,W001
W001_P002_0064,crops_raw/W001_P002_0064.png,page_002.png,W001,514,486,671,527,ឱ្យមាន,ឱ្យមាន,0.95,0.95,True,pending,,data/handwritten_external/W001/metadata.csv,220,/Users/macbookpro/Desktop/Development/khmer-handwritten-word-recognition/data/handwritten_external/W001/crops_processed/W001_P002_0064.png,ឱ្យមាន,6,True,157,41,54.2577,0.26503,review,transcription_not_human_verified,W001
W001_P002_0065,crops_raw/W001_P002_0065.png,page_002.png,W001,663,494,688,517,ឬ...,ឬ...,0.95,0.8,True,pending,narrow component,data/handwritten_external/W001/metadata.csv,221,/Users/macbookpro/Desktop/Development/khmer-handwritten-word-recognition/data/handwritten_external/W001/crops_processed/W001_P002_0065.png,ឬ...,4,True,25,23,59.7882,0.415652,review,transcription_not_human_verified,W001
W001_P002_0066,crops_raw/W001_P002_0066.png,page_002.png,W001,82,509,186,566,ការផ្តល់នូវអំពើ,ការផ្តល់នូវអំពើ,0.92,0.95,True,pending,,data/handwritten_external/W001/metadata.csv,222,/Users/macbookpro/Desktop/Development/khmer-handwritten-word-recognition/data/handwritten_external/W001/crops_processed/W001_P002_0066.png,ការផ្តល់នូវអំពើ,15,True,104,57,54.1435,0.294703,review,transcription_not_human_verified,W001
W001_P002_0067,crops_raw/W001_P002_0067.png,page_002.png,W001,176,509,353,552,ដោយសច្ចធម៌...,ដោយសច្ចធម៌...,0.92,0.95,True,pending,,data/handwritten_external/W001/metadata.csv,223,/Users/macbookpro/Desktop/Development/khmer-handwritten-word-recognition/data/handwritten_external/W001/crops_processed/W001_P002_0067.png,ដោយសច្ចធម៌...,13,True,177,43,50.9936,0.246485,review,transcription_not_human_verified,W001
W001_P002_0068,crops_raw/W001_P002_0068.png,page_002.png,W001,355,516,400,552,គ្មានធ្វើចិត្ត,គ្មានធ្វើចិត្ត,0.93,0.95,True,pending,,data/handwritten_external/W001/metadata.csv,224,/Users/macbookpro/Desktop/Development/khmer-handwritten-word-recognition/data/handwritten_external/W001/crops_processed/W001_P002_0068.png,គ្មានធ្វើចិត្ត,14,True,45,36,58.9982,0.348148,review,transcription_not_human_verified,W001
W001_P002_0069,crops_raw/W001_P002_0069.png,page_002.png,W001,441,509,534,568,ឱ្យបានល្អ,ឱ្យបានល្អ,0.94,0.95,True,pending,,data/handwritten_external/W001/metadata.csv,225,/Users/macbookpro/Desktop/Development/khmer-handwritten-word-recognition/data/handwritten_external/W001/crops_processed/W001_P002_0069.png,ឱ្យបានល្អ,9,True,93,59,56.4476,0.319118,review,transcription_not_human_verified,W001
W001_P002_0070,crops_raw/W001_P002_0070.png,page_002.png,W001,526,509,688,552,ប្រាសចាកអំពីអំពើ...,ប្រាសចាកអំពីអំពើ...,0.91,0.95,True,pending,,data/handwritten_external/W001/metadata.csv,226,/Users/macbookpro/Desktop/Development/khmer-handwritten-word-recognition/data/handwritten_external/W001/crops_processed/W001_P002_0070.png,ប្រាសចាកអំពីអំពើ...,19,True,162,43,57.5091,0.302613,review,transcription_not_human_verified,W001
W001_P002_0071,crops_raw/W001_P002_0071.png,page_002.png,W001,81,542,110,565,ទោស...,ទោស...,0.95,0.8,True,pending,narrow component,data/handwritten_external/W001/metadata.csv,227,/Users/macbookpro/Desktop/Development/khmer-handwritten-word-recognition/data/handwritten_external/W001/crops_processed/W001_P002_0071.png,ទោស...,6,True,29,23,64.1074,0.482759,review,transcription_not_human_verified,W001
W001_P002_0072,crops_raw/W001_P002_0072.png,page_002.png,W001,119,529,171,590,មិនបែងចែក,មិនបែងចែក,0.93,0.95,True,pending,,data/handwritten_external/W001/metadata.csv,228,/Users/macbookpro/Desktop/Development/khmer-handwritten-word-recognition/data/handwritten_external/W001/crops_processed/W001_P002_0072.png,មិនបែងចែក,9,True,52,61,50.4512,0.306431,review,transcription_not_human_verified,W001
W001_P002_0073,crops_raw/W001_P002_0073.png,page_002.png,W001,175,534,306,592,ចិត្ត...,ចិត្ត...,0.94,0.95,True,pending,,data/handwritten_external/W001/metadata.csv,229,/Users/macbookpro/Desktop/Development/khmer-handwritten-word-recognition/data/handwritten_external/W001/crops_processed/W001_P002_0073.png,ចិត្ត...,8,True,131,58,56.9257,0.310476,review,transcription_not_human_verified,W001
W001_P002_0074,crops_raw/W001_P002_0074.png,page_002.png,W001,314,535,398,577,សភាវធម៌,សភាវធម៌,0.94,0.95,True,pending,,data/handwritten_external/W001/metadata.csv,230,/Users/macbookpro/Desktop/Development/khmer-handwritten-word-recognition/data/handwritten_external/W001/crops_processed/W001_P002_0074.png,សភាវធម៌,7,True,84,42,45.9017,0.222222,review,transcription_not_human_verified,W001
W001_P002_0075,crops_raw/W001_P002_0075.png,page_002.png,W001,386,537,464,578,ល្អៗ,ល្អៗ,0.96,0.95,True,pending,,data/handwritten_external/W001/metadata.csv,231,/Users/macbookpro/Desktop/Development/khmer-handwritten-word-recognition/data/handwritten_external/W001/crops_processed/W001_P002_0075.png,ល្អៗ,4,True,78,41,47.5117,0.259225,review,transcription_not_human_verified,W001
W001_P002_0076,crops_raw/W001_P002_0076.png,page_002.png,W001,453,541,513,578,ក្នុងចិត្ត,ក្នុងចិត្ត,0.95,0.95,True,pending,,data/handwritten_external/W001/metadata.csv,232,/Users/macbookpro/Desktop/Development/khmer-handwritten-word-recognition/data/handwritten_external/W001/crops_processed/W001_P002_0076.png,ក្នុងចិត្ត,10,True,60,37,57.5449,0.294595,review,transcription_not_human_verified,W001
W001_P002_0077,crops_raw/W001_P002_0077.png,page_002.png,W001,512,542,542,569,ឱ្យ,ឱ្យ,0.96,0.8,True,pending,narrow component,data/handwritten_external/W001/metadata.csv,233,/Users/macbookpro/Desktop/Development/khmer-handwritten-word-recognition/data/handwritten_external/W001/crops_processed/W001_P002_0077.png,ឱ្យ,3,True,30,27,65.1803,0.446914,review,transcription_not_human_verified,W001
W001_P002_0078,crops_raw/W001_P002_0078.png,page_002.png,W001,534,538,571,579,រីកលូតលាស់,រីកលូតលាស់,0.94,0.95,True,pending,,data/handwritten_external/W001/metadata.csv,234,/Users/macbookpro/Desktop/Development/khmer-handwritten-word-recognition/data/handwritten_external/W001/crops_processed/W001_P002_0078.png,រីកលូតលាស់,10,True,37,41,60.4376,0.369809,review,transcription_not_human_verified,W001
W001_P002_0079,crops_raw/W001_P002_0079.png,page_002.png,W001,560,539,651,568,ឡើងៗ,ឡើងៗ,0.96,0.95,True,pending,,data/handwritten_external/W001/metadata.csv,235,/Users/macbookpro/Desktop/Development/khmer-handwritten-word-recognition/data/handwritten_external/W001/crops_processed/W001_P002_0079.png,ឡើងៗ,4,True,91,29,56.0733,0.264873,review,transcription_not_human_verified,W001
W001_P002_0081,crops_raw/W001_P002_0081.png,page_002.png,W001,84,561,138,602,ទាំងនេះ,ទាំងនេះ,0.96,0.95,True,pending,,data/handwritten_external/W001/metadata.csv,237,/Users/macbookpro/Desktop/Development/khmer-handwritten-word-recognition/data/handwritten_external/W001/crops_processed/W001_P002_0081.png,ទាំងនេះ,7,True,54,41,52.453,0.282746,review,transcription_not_human_verified,W001
W001_P002_0082,crops_raw/W001_P002_0082.png,page_002.png,W001,147,567,169,590,គឺ,គឺ,0.97,0.8,True,pending,narrow component,data/handwritten_external/W001/metadata.csv,238,/Users/macbookpro/Desktop/Development/khmer-handwritten-word-recognition/data/handwritten_external/W001/crops_processed/W001_P002_0082.png,គឺ,2,True,22,23,58.5792,0.492095,review,transcription_not_human_verified,W001
W001_P002_0083,crops_raw/W001_P002_0083.png,page_002.png,W001,160,557,271,602,ជាគោលដៅ,ជាគោលដៅ,0.94,0.95,True,pending,,data/handwritten_external/W001/metadata.csv,239,/Users/macbookpro/Desktop/Development/khmer-handwritten-word-recognition/data/handwritten_external/W001/crops_processed/W001_P002_0083.png,ជាគោលដៅ,7,True,111,45,54.7827,0.283684,review,transcription_not_human_verified,W001
W001_P002_0084,crops_raw/W001_P002_0084.png,page_002.png,W001,295,557,555,617,នៃការពិត,នៃការពិត,0.95,0.95,True,pending,,data/handwritten_external/W001/metadata.csv,240,/Users/macbookpro/Desktop/Development/khmer-handwritten-word-recognition/data/handwritten_external/W001/crops_processed/W001_P002_0084.png,នៃការពិត,8,True,260,60,58.668,0.328205,review,transcription_not_human_verified,W001
W001_P002_0085,crops_raw/W001_P002_0085.png,page_002.png,W001,545,567,637,595,របស់,របស់,0.96,0.95,True,pending,,data/handwritten_external/W001/metadata.csv,241,/Users/macbookpro/Desktop/Development/khmer-handwritten-word-recognition/data/handwritten_external/W001/crops_processed/W001_P002_0085.png,របស់,4,True,92,28,53.7519,0.251941,review,transcription_not_human_verified,W001
W001_P002_0086,crops_raw/W001_P002_0086.png,page_002.png,W001,636,567,688,604,ព្រះពុទ្ធសាសនា...,ព្រះពុទ្ធសាសនា...,0.93,0.95,True,pending,,data/handwritten_external/W001/metadata.csv,242,/Users/macbookpro/Desktop/Development/khmer-handwritten-word-recognition/data/handwritten_external/W001/crops_processed/W001_P002_0086.png,ព្រះពុទ្ធសាសនា...,17,True,52,37,53.5327,0.261435,review,transcription_not_human_verified,W001
W001_P002_0087,crops_raw/W001_P002_0087.png,page_002.png,W001,83,584,178,616,បើ,បើ,0.96,0.95,True,pending,,data/handwritten_external/W001/metadata.csv,243,/Users/macbookpro/Desktop/Development/khmer-handwritten-word-recognition/data/handwritten_external/W001/crops_processed/W001_P002_0087.png,បើ,2,True,95,32,45.119,0.229934,review,transcription_not_human_verified,W001
W001_P002_0088,crops_raw/W001_P002_0088.png,page_002.png,W001,168,583,238,631,យើង,យើង,0.96,0.95,True,pending,,data/handwritten_external/W001/metadata.csv,244,/Users/macbookpro/Desktop/Development/khmer-handwritten-word-recognition/data/handwritten_external/W001/crops_processed/W001_P002_0088.png,យើង,3,True,70,48,45.2639,0.275893,review,transcription_not_human_verified,W001
W001_P002_0089,crops_raw/W001_P002_0089.png,page_002.png,W001,228,586,306,630,ពិនិត្យ,ពិនិត្យ,0.95,0.85,True,pending,,data/handwritten_external/W001/metadata.csv,245,/Users/macbookpro/Desktop/Development/khmer-handwritten-word-recognition/data/handwritten_external/W001/crops_processed/W001_P002_0089.png,ពិនិត្យ,7,True,78,44,44.4932,0.210082,review,transcription_not_human_verified,W001
W001_P002_0090,crops_raw/W001_P002_0090.png,page_002.png,W001,293,591,371,630,ក៏ដូចជា,ក៏ដូចជា,0.94,0.85,True,pending,,data/handwritten_external/W001/metadata.csv,246,/Users/macbookpro/Desktop/Development/khmer-handwritten-word-recognition/data/handwritten_external/W001/crops_processed/W001_P002_0090.png,ក៏ដូចជា,7,True,78,39,48.3889,0.244905,review,transcription_not_human_verified,W001
W001_P002_0091,crops_raw/W001_P002_0091.png,page_002.png,W001,363,586,408,629,សង្កេត,សង្កេត,0.95,0.95,True,pending,,data/handwritten_external/W001/metadata.csv,247,/Users/macbookpro/Desktop/Development/khmer-handwritten-word-recognition/data/handwritten_external/W001/crops_processed/W001_P002_0091.png,សង្កេត,6,True,45,43,43.0432,0.189664,review,transcription_not_human_verified,W001
W001_P002_0092,crops_raw/W001_P002_0092.png,page_002.png,W001,409,592,453,617,នូវ,នូវ,0.96,0.95,True,pending,,data/handwritten_external/W001/metadata.csv,248,/Users/macbookpro/Desktop/Development/khmer-handwritten-word-recognition/data/handwritten_external/W001/crops_processed/W001_P002_0092.png,នូវ,3,True,44,25,54.072,0.287273,review,transcription_not_human_verified,W001
W001_P002_0093,crops_raw/W001_P002_0093.png,page_002.png,W001,441,594,474,617,ការរស់នៅ,ការរស់នៅ,0.95,0.8,True,pending,narrow component,data/handwritten_external/W001/metadata.csv,249,/Users/macbookpro/Desktop/Development/khmer-handwritten-word-recognition/data/handwritten_external/W001/crops_processed/W001_P002_0093.png,ការរស់នៅ,8,True,33,23,60.1091,0.440053,review,transcription_not_human_verified,W001
W001_P002_0094,crops_raw/W001_P002_0094.png,page_002.png,W001,480,589,510,617,ជាក់ស្តែង,ជាក់ស្តែង,0.95,0.8,True,pending,narrow component,data/handwritten_external/W001/metadata.csv,250,/Users/macbookpro/Desktop/Development/khmer-handwritten-word-recognition/data/handwritten_external/W001/crops_processed/W001_P002_0094.png,ជាក់ស្តែង,9,True,30,28,61.8473,0.439286,review,transcription_not_human_verified,W001
W001_P002_0095,crops_raw/W001_P002_0095.png,page_002.png,W001,501,590,554,618,នៅ,នៅ,0.96,0.95,True,pending,,data/handwritten_external/W001/metadata.csv,251,/Users/macbookpro/Desktop/Development/khmer-handwritten-word-recognition/data/handwritten_external/W001/crops_processed/W001_P002_0095.png,នៅ,2,True,53,28,56.609,0.287736,review,transcription_not_human_verified,W001
W001_P002_0096,crops_raw/W001_P002_0096.png,page_002.png,W001,542,588,585,626,ជុំវិញ,ជុំវិញ,0.95,0.95,True,pending,,data/handwritten_external/W001/metadata.csv,252,/Users/macbookpro/Desktop/Development/khmer-handwritten-word-recognition/data/handwritten_external/W001/crops_processed/W001_P002_0096.png,ជុំវិញ,6,True,43,38,51.4246,0.259486,review,transcription_not_human_verified,W001
W001_P002_0097,crops_raw/W001_P002_0097.png,page_002.png,W001,577,587,653,619,បញ្ហា,បញ្ហា,0.95,0.95,True,pending,,data/handwritten_external/W001/metadata.csv,253,/Users/macbookpro/Desktop/Development/khmer-handwritten-word-recognition/data/handwritten_external/W001/crops_processed/W001_P002_0097.png,បញ្ហា,5,True,76,32,48.4285,0.236431,review,transcription_not_human_verified,W001
W001_P002_0099,crops_raw/W001_P002_0099.png,page_002.png,W001,83,608,147,642,សីលធម៌,សីលធម៌,0.95,0.95,True,pending,,data/handwritten_external/W001/metadata.csv,255,/Users/macbookpro/Desktop/Development/khmer-handwritten-word-recognition/data/handwritten_external/W001/crops_processed/W001_P002_0099.png,សីលធម៌,6,True,64,34,51.2255,0.274357,review,transcription_not_human_verified,W001
W001_P002_0100,crops_raw/W001_P002_0100.png,page_002.png,W001,142,612,227,667,ក្នុង,ក្នុង,0.96,0.95,True,pending,,data/handwritten_external/W001/metadata.csv,256,/Users/macbookpro/Desktop/Development/khmer-handwritten-word-recognition/data/handwritten_external/W001/crops_processed/W001_P002_0100.png,ក្នុង,5,True,85,55,51.1253,0.264385,review,transcription_not_human_verified,W001
W001_P002_0101,crops_raw/W001_P002_0101.png,page_002.png,W001,215,616,331,658,ព្រះពុទ្ធសាសនា,ព្រះពុទ្ធសាសនា,0.96,0.95,True,pending,,data/handwritten_external/W001/metadata.csv,257,/Users/macbookpro/Desktop/Development/khmer-handwritten-word-recognition/data/handwritten_external/W001/crops_processed/W001_P002_0101.png,ព្រះពុទ្ធសាសនា,14,True,116,42,51.1694,0.253284,review,transcription_not_human_verified,W001
W001_P002_0102,crops_raw/W001_P002_0102.png,page_002.png,W001,329,607,367,642,គឺ,គឺ,0.97,0.95,True,pending,,data/handwritten_external/W001/metadata.csv,258,/Users/macbookpro/Desktop/Development/khmer-handwritten-word-recognition/data/handwritten_external/W001/crops_processed/W001_P002_0102.png,គឺ,2,True,38,35,61.7116,0.41203,review,transcription_not_human_verified,W001
W001_P002_0103,crops_raw/W001_P002_0103.png,page_002.png,W001,366,618,421,653,បានអប់រំ,បានអប់រំ,0.94,0.95,True,pending,,data/handwritten_external/W001/metadata.csv,259,/Users/macbookpro/Desktop/Development/khmer-handwritten-word-recognition/data/handwritten_external/W001/crops_processed/W001_P002_0103.png,បានអប់រំ,8,True,55,35,46.4598,0.217143,review,transcription_not_human_verified,W001
W001_P002_0104,crops_raw/W001_P002_0104.png,page_002.png,W001,412,611,630,658,ទូន្មានមនុស្សឱ្យ,ទូន្មានមនុស្សឱ្យ,0.92,0.95,True,pending,,data/handwritten_external/W001/metadata.csv,260,/Users/macbookpro/Desktop/Development/khmer-handwritten-word-recognition/data/handwritten_external/W001/crops_processed/W001_P002_0104.png,ទូន្មានមនុស្សឱ្យ,16,True,218,47,57.0506,0.286551,review,transcription_not_human_verified,W001
W001_P002_0105,crops_raw/W001_P002_0105.png,page_002.png,W001,619,612,688,652,ស្គាល់ច្បាស់,ស្គាល់ច្បាស់,0.95,0.95,True,pending,,data/handwritten_external/W001/metadata.csv,261,/Users/macbookpro/Desktop/Development/khmer-handwritten-word-recognition/data/handwritten_external/W001/crops_processed/W001_P002_0105.png,ស្គាល់ច្បាស់,12,True,69,40,52.55,0.235145,review,transcription_not_human_verified,W001
W001_P002_0106,crops_raw/W001_P002_0106.png,page_002.png,W001,82,630,185,678,នូវសេចក្តីល្អ,នូវសេចក្តីល្អ,0.94,0.95,True,pending,,data/handwritten_external/W001/metadata.csv,262,/Users/macbookpro/Desktop/Development/khmer-handwritten-word-recognition/data/handwritten_external/W001/crops_processed/W001_P002_0106.png,នូវសេចក្តីល្អ,13,True,103,48,55.6281,0.287015,review,transcription_not_human_verified,W001
W001_P002_0107,crops_raw/W001_P002_0107.png,page_002.png,W001,188,644,226,668,សេចក្តីសុខ,សេចក្តីសុខ,0.95,0.95,True,pending,,data/handwritten_external/W001/metadata.csv,263,/Users/macbookpro/Desktop/Development/khmer-handwritten-word-recognition/data/handwritten_external/W001/crops_processed/W001_P002_0107.png,សេចក្តីសុខ,10,True,38,24,62.1073,0.427632,review,transcription_not_human_verified,W001
W001_P002_0108,crops_raw/W001_P002_0108.png,page_002.png,W001,233,636,350,686,និង,និង,0.96,0.95,True,pending,,data/handwritten_external/W001/metadata.csv,264,/Users/macbookpro/Desktop/Development/khmer-handwritten-word-recognition/data/handwritten_external/W001/crops_processed/W001_P002_0108.png,និង,3,True,117,50,54.9385,0.312137,review,transcription_not_human_verified,W001
W001_P002_0109,crops_raw/W001_P002_0109.png,page_002.png,W001,345,636,498,681,សេចក្តីសប្បាយ,សេចក្តីសប្បាយ,0.94,0.95,True,pending,,data/handwritten_external/W001/metadata.csv,265,/Users/macbookpro/Desktop/Development/khmer-handwritten-word-recognition/data/handwritten_external/W001/crops_processed/W001_P002_0109.png,សេចក្តីសប្បាយ,13,True,153,45,54.1031,0.274946,review,transcription_not_human_verified,W001
W001_P002_0110,crops_raw/W001_P002_0110.png,page_002.png,W001,497,645,526,679,។,។,0.97,0.8,True,pending,narrow component,data/handwritten_external/W001/metadata.csv,266,/Users/macbookpro/Desktop/Development/khmer-handwritten-word-recognition/data/handwritten_external/W001/crops_processed/W001_P002_0110.png,។,1,True,29,34,53.6171,0.321501,review,transcription_not_human_verified,W001
W001_P002_0111,crops_raw/W001_P002_0111.png,page_002.png,W001,524,637,614,677,សីលប្រាំ,សីលប្រាំ,0.95,0.95,True,pending,,data/handwritten_external/W001/metadata.csv,267,/Users/macbookpro/Desktop/Development/khmer-handwritten-word-recognition/data/handwritten_external/W001/crops_processed/W001_P002_0111.png,សីលប្រាំ,8,True,90,40,42.7603,0.202222,review,transcription_not_human_verified,W001
W001_P002_0112,crops_raw/W001_P002_0112.png,page_002.png,W001,607,636,688,680,គឺជួយ,គឺជួយ,0.95,0.95,True,pending,,data/handwritten_external/W001/metadata.csv,268,/Users/macbookpro/Desktop/Development/khmer-handwritten-word-recognition/data/handwritten_external/W001/crops_processed/W001_P002_0112.png,គឺជួយ,5,True,81,44,44.8512,0.241302,review,transcription_not_human_verified,W001
W001_P002_0113,crops_raw/W001_P002_0113.png,page_002.png,W001,81,656,199,703,ឱ្យមាន,ឱ្យមាន,0.95,0.95,True,pending,,data/handwritten_external/W001/metadata.csv,269,/Users/macbookpro/Desktop/Development/khmer-handwritten-word-recognition/data/handwritten_external/W001/crops_processed/W001_P002_0113.png,ឱ្យមាន,6,True,118,47,54.3333,0.311035,review,transcription_not_human_verified,W001
W001_P002_0114,crops_raw/W001_P002_0114.png,page_002.png,W001,193,667,316,695,តុល្យភាព,តុល្យភាព,0.95,0.95,True,pending,,data/handwritten_external/W001/metadata.csv,270,/Users/macbookpro/Desktop/Development/khmer-handwritten-word-recognition/data/handwritten_external/W001/crops_processed/W001_P002_0114.png,តុល្យភាព,8,True,123,28,45.6332,0.20993,review,transcription_not_human_verified,W001
W001_P002_0115,crops_raw/W001_P002_0115.png,page_002.png,W001,354,662,436,701,ជាចេតនា,ជាចេតនា,0.94,0.95,True,pending,,data/handwritten_external/W001/metadata.csv,271,/Users/macbookpro/Desktop/Development/khmer-handwritten-word-recognition/data/handwritten_external/W001/crops_processed/W001_P002_0115.png,ជាចេតនា,7,True,82,39,49.8308,0.247967,review,transcription_not_human_verified,W001
W001_P002_0116,crops_raw/W001_P002_0116.png,page_002.png,W001,426,660,645,718,ជាហេតុនាំឱ្យបាករំលាយ,ជាហេតុនាំឱ្យបាករំលាយ,0.9,0.95,True,pending,,data/handwritten_external/W001/metadata.csv,272,/Users/macbookpro/Desktop/Development/khmer-handwritten-word-recognition/data/handwritten_external/W001/crops_processed/W001_P002_0116.png,ជាហេតុនាំឱ្យបាករំលាយ,20,True,219,58,58.5804,0.338687,review,transcription_not_human_verified,W001
W001_P002_0117,crops_raw/W001_P002_0117.png,page_002.png,W001,635,662,688,705,នូវលក្ខណៈ,នូវលក្ខណៈ,0.93,0.95,True,pending,,data/handwritten_external/W001/metadata.csv,273,/Users/macbookpro/Desktop/Development/khmer-handwritten-word-recognition/data/handwritten_external/W001/crops_processed/W001_P002_0117.png,នូវលក្ខណៈ,9,True,53,43,54.9109,0.310663,review,transcription_not_human_verified,W001
W001_P002_0118,crops_raw/W001_P002_0118.png,page_002.png,W001,81,691,160,742,ចុះក្នុងផ្លូវ,ចុះក្នុងផ្លូវ,0.93,0.95,True,pending,,data/handwritten_external/W001/metadata.csv,274,/Users/macbookpro/Desktop/Development/khmer-handwritten-word-recognition/data/handwritten_external/W001/crops_processed/W001_P002_0118.png,ចុះក្នុងផ្លូវ,13,True,79,51,48.5041,0.245222,review,transcription_not_human_verified,W001
W001_P002_0119,crops_raw/W001_P002_0119.png,page_002.png,W001,226,693,278,728,ដ៏មហន្តរាយ...,ដ៏មហន្តរាយ...,0.92,0.95,True,pending,,data/handwritten_external/W001/metadata.csv,275,/Users/macbookpro/Desktop/Development/khmer-handwritten-word-recognition/data/handwritten_external/W001/crops_processed/W001_P002_0119.png,ដ៏មហន្តរាយ...,13,True,52,35,53.79,0.279121,review,transcription_not_human_verified,W001
W001_P002_0120,crops_raw/W001_P002_0120.png,page_002.png,W001,294,685,342,717,អវត្តមានភាព,អវត្តមានភាព,0.94,0.95,True,pending,,data/handwritten_external/W001/metadata.csv,276,/Users/macbookpro/Desktop/Development/khmer-handwritten-word-recognition/data/handwritten_external/W001/crops_processed/W001_P002_0120.png,អវត្តមានភាព,11,True,48,32,57.912,0.335286,review,transcription_not_human_verified,W001
W001_P002_0121,crops_raw/W001_P002_0121.png,page_002.png,W001,346,693,398,718,គឺ,គឺ,0.97,0.95,True,pending,,data/handwritten_external/W001/metadata.csv,277,/Users/macbookpro/Desktop/Development/khmer-handwritten-word-recognition/data/handwritten_external/W001/crops_processed/W001_P002_0121.png,គឺ,2,True,52,25,62.6671,0.342308,review,transcription_not_human_verified,W001
W001_P002_0122,crops_raw/W001_P002_0122.png,page_002.png,W001,393,684,430,719,ការយកចិត្ត,ការយកចិត្ត,0.94,0.95,True,pending,,data/handwritten_external/W001/metadata.csv,278,/Users/macbookpro/Desktop/Development/khmer-handwritten-word-recognition/data/handwritten_external/W001/crops_processed/W001_P002_0122.png,ការយកចិត្ត,10,True,37,35,56.5896,0.30888,review,transcription_not_human_verified,W001
W001_P002_0123,crops_raw/W001_P002_0123.png,page_002.png,W001,420,687,549,732,ទុកដាក់,ទុកដាក់,0.95,0.95,True,pending,,data/handwritten_external/W001/metadata.csv,279,/Users/macbookpro/Desktop/Development/khmer-handwritten-word-recognition/data/handwritten_external/W001/crops_processed/W001_P002_0123.png,ទុកដាក់,7,True,129,45,51.0665,0.248407,review,transcription_not_human_verified,W001
W001_P002_0124,crops_raw/W001_P002_0124.png,page_002.png,W001,555,686,616,719,របស់,របស់,0.96,0.95,True,pending,,data/handwritten_external/W001/metadata.csv,280,/Users/macbookpro/Desktop/Development/khmer-handwritten-word-recognition/data/handwritten_external/W001/crops_processed/W001_P002_0124.png,របស់,4,True,61,33,48.2452,0.255837,review,transcription_not_human_verified,W001
W001_P002_0125,crops_raw/W001_P002_0125.png,page_002.png,W001,604,697,627,719,មនុស្ស,មនុស្ស,0.96,0.8,True,pending,narrow component,data/handwritten_external/W001/metadata.csv,281,/Users/macbookpro/Desktop/Development/khmer-handwritten-word-recognition/data/handwritten_external/W001/crops_processed/W001_P002_0125.png,មនុស្ស,6,True,23,22,65.9397,0.614625,review,transcription_not_human_verified,W001
W001_P002_0127,crops_raw/W001_P002_0127.png,page_002.png,W001,127,711,194,754,ដែលគេ,ដែលគេ,0.95,0.95,True,pending,,data/handwritten_external/W001/metadata.csv,283,/Users/macbookpro/Desktop/Development/khmer-handwritten-word-recognition/data/handwritten_external/W001/crops_processed/W001_P002_0127.png,ដែលគេ,5,True,67,43,53.9,0.292954,review,transcription_not_human_verified,W001
W001_P002_0128,crops_raw/W001_P002_0128.png,page_002.png,W001,207,714,332,744,តែងឱ្យ,តែងឱ្យ,0.94,0.95,True,pending,,data/handwritten_external/W001/metadata.csv,284,/Users/macbookpro/Desktop/Development/khmer-handwritten-word-recognition/data/handwritten_external/W001/crops_processed/W001_P002_0128.png,តែងឱ្យ,6,True,125,30,42.7854,0.2032,review,transcription_not_human_verified,W001
W001_P002_0129,crops_raw/W001_P002_0129.png,page_002.png,W001,339,715,430,745,ដោយកាល,ដោយកាល,0.94,0.95,True,pending,,data/handwritten_external/W001/metadata.csv,285,/Users/macbookpro/Desktop/Development/khmer-handwritten-word-recognition/data/handwritten_external/W001/crops_processed/W001_P002_0129.png,ដោយកាល,6,True,91,30,49.3349,0.23663,review,transcription_not_human_verified,W001
W001_P002_0130,crops_raw/W001_P002_0130.png,page_002.png,W001,420,718,458,745,។,។,0.97,0.95,True,pending,,data/handwritten_external/W001/metadata.csv,286,/Users/macbookpro/Desktop/Development/khmer-handwritten-word-recognition/data/handwritten_external/W001/crops_processed/W001_P002_0130.png,។,1,True,38,27,54.2575,0.272904,review,transcription_not_human_verified,W001
W001_P002_0131,crops_raw/W001_P002_0131.png,page_002.png,W001,449,719,475,743,ដោយសារភាព,ដោយសារភាព,0.93,0.8,True,pending,narrow component,data/handwritten_external/W001/metadata.csv,287,/Users/macbookpro/Desktop/Development/khmer-handwritten-word-recognition/data/handwritten_external/W001/crops_processed/W001_P002_0131.png,ដោយសារភាព,9,True,26,24,50.0888,0.331731,review,transcription_not_human_verified,W001
W001_P002_0132,crops_raw/W001_P002_0132.png,page_002.png,W001,464,714,494,743,នៃការស្រឡាញ់គ្នា,នៃការស្រឡាញ់គ្នា,0.92,0.8,True,pending,narrow component,data/handwritten_external/W001/metadata.csv,288,/Users/macbookpro/Desktop/Development/khmer-handwritten-word-recognition/data/handwritten_external/W001/crops_processed/W001_P002_0132.png,នៃការស្រឡាញ់គ្នា,16,True,30,29,52.9143,0.31954,review,transcription_not_human_verified,W001
W001_P002_0133,crops_raw/W001_P002_0133.png,page_002.png,W001,487,696,645,758,ការជួយ,ការជួយ,0.95,0.95,True,pending,,data/handwritten_external/W001/metadata.csv,289,/Users/macbookpro/Desktop/Development/khmer-handwritten-word-recognition/data/handwritten_external/W001/crops_processed/W001_P002_0133.png,ការជួយ,6,True,158,62,58.083,0.310535,review,transcription_not_human_verified,W001
W001_P002_0135,crops_raw/W001_P002_0135.png,page_002.png,W001,81,735,159,776,ទ្រទ្រង់គ្នា,ទ្រទ្រង់គ្នា,0.94,0.95,True,pending,,data/handwritten_external/W001/metadata.csv,291,/Users/macbookpro/Desktop/Development/khmer-handwritten-word-recognition/data/handwritten_external/W001/crops_processed/W001_P002_0135.png,ទ្រទ្រង់គ្នា,12,True,78,41,53.1919,0.292683,review,transcription_not_human_verified,W001
W001_P002_0136,crops_raw/W001_P002_0136.png,page_002.png,W001,147,743,199,781,ក្នុងកាលទាំងឡាយ...,ក្នុងកាលទាំងឡាយ...,0.92,0.95,True,pending,,data/handwritten_external/W001/metadata.csv,292,/Users/macbookpro/Desktop/Development/khmer-handwritten-word-recognition/data/handwritten_external/W001/crops_processed/W001_P002_0136.png,ក្នុងកាលទាំងឡាយ...,18,True,52,38,58.2781,0.313765,review,transcription_not_human_verified,W001
W001_P002_0137,crops_raw/W001_P002_0137.png,page_002.png,W001,265,738,354,775,។,។,0.97,0.95,True,pending,,data/handwritten_external/W001/metadata.csv,293,/Users/macbookpro/Desktop/Development/khmer-handwritten-word-recognition/data/handwritten_external/W001/crops_processed/W001_P002_0137.png,។,1,True,89,37,42.1556,0.184634,review,transcription_not_human_verified,W001
W001_P002_0138,crops_raw/W001_P002_0138.png,page_002.png,W001,382,736,426,767,វិន័យ,វិន័យ,0.96,0.95,True,pending,,data/handwritten_external/W001/metadata.csv,294,/Users/macbookpro/Desktop/Development/khmer-handwritten-word-recognition/data/handwritten_external/W001/crops_processed/W001_P002_0138.png,វិន័យ,5,True,44,31,48.6971,0.295455,review,transcription_not_human_verified,W001
W001_P002_0139,crops_raw/W001_P002_0139.png,page_002.png,W001,416,744,481,792,បាននាំមកនូវ,បាននាំមកនូវ,0.93,0.95,True,pending,,data/handwritten_external/W001/metadata.csv,295,/Users/macbookpro/Desktop/Development/khmer-handwritten-word-recognition/data/handwritten_external/W001/crops_processed/W001_P002_0139.png,បាននាំមកនូវ,11,True,65,48,39.0659,0.200641,review,transcription_not_human_verified,W001
W001_P002_0140,crops_raw/W001_P002_0140.png,page_002.png,W001,469,738,532,777,ការមិនពោលពាក្យ,ការមិនពោលពាក្យ,0.93,0.95,True,pending,,data/handwritten_external/W001/metadata.csv,296,/Users/macbookpro/Desktop/Development/khmer-handwritten-word-recognition/data/handwritten_external/W001/crops_processed/W001_P002_0140.png,ការមិនពោលពាក្យ,14,True,63,39,43.0019,0.205128,review,transcription_not_human_verified,W001
W001_P002_0141,crops_raw/W001_P002_0141.png,page_002.png,W001,520,743,566,768,អាក្រក់,អាក្រក់,0.95,0.95,True,pending,,data/handwritten_external/W001/metadata.csv,297,/Users/macbookpro/Desktop/Development/khmer-handwritten-word-recognition/data/handwritten_external/W001/crops_processed/W001_P002_0141.png,អាក្រក់,7,True,46,25,54.7756,0.298261,review,transcription_not_human_verified,W001
W001_P002_0143,crops_raw/W001_P002_0143.png,page_002.png,W001,81,765,145,816,កុហក...,កុហក...,0.94,0.95,True,pending,,data/handwritten_external/W001/metadata.csv,299,/Users/macbookpro/Desktop/Development/khmer-handwritten-word-recognition/data/handwritten_external/W001/crops_processed/W001_P002_0143.png,កុហក...,7,True,64,51,48.9771,0.265012,review,transcription_not_human_verified,W001
W001_P002_0144,crops_raw/W001_P002_0144.png,page_002.png,W001,155,759,196,792,និង...,និង...,0.95,0.95,True,pending,,data/handwritten_external/W001/metadata.csv,300,/Users/macbookpro/Desktop/Development/khmer-handwritten-word-recognition/data/handwritten_external/W001/crops_processed/W001_P002_0144.png,និង...,6,True,41,33,56.5865,0.353289,review,transcription_not_human_verified,W001
W001_P002_0145,crops_raw/W001_P002_0145.png,page_002.png,W001,203,764,430,816,ការងារ,ការងារ,0.95,0.95,True,pending,,data/handwritten_external/W001/metadata.csv,301,/Users/macbookpro/Desktop/Development/khmer-handwritten-word-recognition/data/handwritten_external/W001/crops_processed/W001_P002_0145.png,ការងារ,6,True,227,52,57.9207,0.309302,review,transcription_not_human_verified,W001
W001_P002_0146,crops_raw/W001_P002_0146.png,page_002.png,W001,459,760,610,804,ដោយរដ្ឋបាលផ្ទាល់ខ្លួន...,ដោយរដ្ឋបាលផ្ទាល់ខ្លួន...,0.9,0.95,True,pending,,data/handwritten_external/W001/metadata.csv,302,/Users/macbookpro/Desktop/Development/khmer-handwritten-word-recognition/data/handwritten_external/W001/crops_processed/W001_P002_0146.png,ដោយរដ្ឋបាលផ្ទាល់ខ្លួន...,24,True,151,44,55.633,0.277393,review,transcription_not_human_verified,W001
W001_P002_0147,crops_raw/W001_P002_0147.png,page_002.png,W001,600,768,647,794,ការរស់នៅ,ការរស់នៅ,0.94,0.95,True,pending,,data/handwritten_external/W001/metadata.csv,303,/Users/macbookpro/Desktop/Development/khmer-handwritten-word-recognition/data/handwritten_external/W001/crops_processed/W001_P002_0147.png,ការរស់នៅ,8,True,47,26,56.8851,0.351882,review,transcription_not_human_verified,W001
W001_P002_0148,crops_raw/W001_P002_0148.png,page_002.png,W001,636,769,688,818,ប្រព្រឹត្តត្រឹម,ប្រព្រឹត្តត្រឹម,0.93,0.95,True,pending,,data/handwritten_external/W001/metadata.csv,304,/Users/macbookpro/Desktop/Development/khmer-handwritten-word-recognition/data/handwritten_external/W001/crops_processed/W001_P002_0148.png,ប្រព្រឹត្តត្រឹម,15,True,52,49,51.528,0.27708,review,transcription_not_human_verified,W001
W001_P002_0149,crops_raw/W001_P002_0149.png,page_002.png,W001,134,784,206,834,ត្រូវ...,ត្រូវ...,0.94,0.95,True,pending,,data/handwritten_external/W001/metadata.csv,305,/Users/macbookpro/Desktop/Development/khmer-handwritten-word-recognition/data/handwritten_external/W001/crops_processed/W001_P002_0149.png,ត្រូវ...,8,True,72,50,45.8385,0.2375,review,transcription_not_human_verified,W001
W001_P002_0150,crops_raw/W001_P002_0150.png,page_002.png,W001,242,785,329,817,គឺ,គឺ,0.97,0.95,True,pending,,data/handwritten_external/W001/metadata.csv,306,/Users/macbookpro/Desktop/Development/khmer-handwritten-word-recognition/data/handwritten_external/W001/crops_processed/W001_P002_0150.png,គឺ,2,True,87,32,44.2302,0.215876,review,transcription_not_human_verified,W001
W001_P002_0151,crops_raw/W001_P002_0151.png,page_002.png,W001,324,786,408,818,សច្ចា,សច្ចា,0.95,0.95,True,pending,,data/handwritten_external/W001/metadata.csv,307,/Users/macbookpro/Desktop/Development/khmer-handwritten-word-recognition/data/handwritten_external/W001/crops_processed/W001_P002_0151.png,សច្ចា,5,True,84,32,51.3304,0.292039,review,transcription_not_human_verified,W001
W001_P002_0152,crops_raw/W001_P002_0152.png,page_002.png,W001,399,782,498,817,និងសេចក្តីរាបសារជាដើម,និងសេចក្តីរាបសារជាដើម,0.92,0.95,True,pending,,data/handwritten_external/W001/metadata.csv,308,/Users/macbookpro/Desktop/Development/khmer-handwritten-word-recognition/data/handwritten_external/W001/crops_processed/W001_P002_0152.png,និងសេចក្តីរាបសារជាដើម,21,True,99,35,48.1374,0.251082,review,transcription_not_human_verified,W001
W001_P002_0153,crops_raw/W001_P002_0153.png,page_002.png,W001,492,784,526,817,។,។,0.97,0.95,True,pending,,data/handwritten_external/W001/metadata.csv,309,/Users/macbookpro/Desktop/Development/khmer-handwritten-word-recognition/data/handwritten_external/W001/crops_processed/W001_P002_0153.png,។,1,True,34,33,58.906,0.40107,review,transcription_not_human_verified,W001
W001_P002_0154,crops_raw/W001_P002_0154.png,page_002.png,W001,516,793,552,818,ទាំងអស់នេះ,ទាំងអស់នេះ,0.95,0.95,True,pending,,data/handwritten_external/W001/metadata.csv,310,/Users/macbookpro/Desktop/Development/khmer-handwritten-word-recognition/data/handwritten_external/W001/crops_processed/W001_P002_0154.png,ទាំងអស់នេះ,10,True,36,25,52.6539,0.285556,review,transcription_not_human_verified,W001
W001_P002_0155,crops_raw/W001_P002_0155.png,page_002.png,W001,546,786,651,832,គឺ,គឺ,0.97,0.95,True,pending,,data/handwritten_external/W001/metadata.csv,311,/Users/macbookpro/Desktop/Development/khmer-handwritten-word-recognition/data/handwritten_external/W001/crops_processed/W001_P002_0155.png,គឺ,2,True,105,46,49.2425,0.228986,review,transcription_not_human_verified,W001
W001_P002_0156,crops_raw/W001_P002_0156.png,page_002.png,W001,662,794,688,817,ជាបញ្ញត្តិសីលធម៌,ជាបញ្ញត្តិសីលធម៌,0.92,0.8,True,pending,narrow component,data/handwritten_external/W001/metadata.csv,312,/Users/macbookpro/Desktop/Development/khmer-handwritten-word-recognition/data/handwritten_external/W001/crops_processed/W001_P002_0156.png,ជាបញ្ញត្តិសីលធម៌,16,True,26,23,66.5467,0.428094,review,transcription_not_human_verified,W001
W001_P002_0157,crops_raw/W001_P002_0157.png,page_002.png,W001,81,811,169,873,បានអប់រំឱ្យ,បានអប់រំឱ្យ,0.93,0.95,True,pending,,data/handwritten_external/W001/metadata.csv,313,/Users/macbookpro/Desktop/Development/khmer-handwritten-word-recognition/data/handwritten_external/W001/crops_processed/W001_P002_0157.png,បានអប់រំឱ្យ,11,True,88,62,52.1852,0.287573,review,transcription_not_human_verified,W001
W001_P002_0158,crops_raw/W001_P002_0158.png,page_002.png,W001,163,807,413,868,មនុស្សមានសេចក្តីសុខ,មនុស្សមានសេចក្តីសុខ,0.92,0.95,True,pending,,data/handwritten_external/W001/metadata.csv,314,/Users/macbookpro/Desktop/Development/khmer-handwritten-word-recognition/data/handwritten_external/W001/crops_processed/W001_P002_0158.png,មនុស្សមានសេចក្តីសុខ,19,True,250,61,58.4705,0.324197,review,transcription_not_human_verified,W001
W001_P002_0159,crops_raw/W001_P002_0159.png,page_002.png,W001,409,817,436,842,។,។,0.97,0.8,True,pending,narrow component,data/handwritten_external/W001/metadata.csv,315,/Users/macbookpro/Desktop/Development/khmer-handwritten-word-recognition/data/handwritten_external/W001/crops_processed/W001_P002_0159.png,។,1,True,27,25,51.9471,0.339259,review,transcription_not_human_verified,W001
W001_P002_0160,crops_raw/W001_P002_0160.png,page_002.png,W001,435,818,514,853,ក្នុងនោះដែល,ក្នុងនោះដែល,0.93,0.95,True,pending,,data/handwritten_external/W001/metadata.csv,316,/Users/macbookpro/Desktop/Development/khmer-handwritten-word-recognition/data/handwritten_external/W001/crops_processed/W001_P002_0160.png,ក្នុងនោះដែល,11,True,79,35,50.345,0.23689,review,transcription_not_human_verified,W001
W001_P002_0161,crops_raw/W001_P002_0161.png,page_002.png,W001,503,814,568,843,មាន,មាន,0.96,0.95,True,pending,,data/handwritten_external/W001/metadata.csv,317,/Users/macbookpro/Desktop/Development/khmer-handwritten-word-recognition/data/handwritten_external/W001/crops_processed/W001_P002_0161.png,មាន,3,True,65,29,55.6593,0.254642,review,transcription_not_human_verified,W001
W001_P002_0162,crops_raw/W001_P002_0162.png,page_002.png,W001,562,821,608,844,ពុំពោលពាក្យ,ពុំពោលពាក្យ,0.93,0.8,True,pending,narrow component,data/handwritten_external/W001/metadata.csv,318,/Users/macbookpro/Desktop/Development/khmer-handwritten-word-recognition/data/handwritten_external/W001/crops_processed/W001_P002_0162.png,ពុំពោលពាក្យ,11,True,46,23,58.1805,0.357278,review,transcription_not_human_verified,W001
W001_P002_0164,crops_raw/W001_P002_0164.png,page_002.png,W001,105,837,244,867,បានទំនាក់ទំនង,បានទំនាក់ទំនង,0.94,0.95,True,pending,,data/handwritten_external/W001/metadata.csv,320,/Users/macbookpro/Desktop/Development/khmer-handwritten-word-recognition/data/handwritten_external/W001/crops_processed/W001_P002_0164.png,បានទំនាក់ទំនង,13,True,139,30,44.0026,0.229017,review,transcription_not_human_verified,W001
W001_P002_0165,crops_raw/W001_P002_0165.png,page_002.png,W001,234,841,317,878,និងសច្ចា...,និងសច្ចា...,0.93,0.95,True,pending,,data/handwritten_external/W001/metadata.csv,321,/Users/macbookpro/Desktop/Development/khmer-handwritten-word-recognition/data/handwritten_external/W001/crops_processed/W001_P002_0165.png,និងសច្ចា...,11,True,83,37,42.8772,0.192771,review,transcription_not_human_verified,W001
W001_P002_0166,crops_raw/W001_P002_0166.png,page_002.png,W001,307,843,372,868,លោភសោភានិងសន្តិភាព,លោភសោភានិងសន្តិភាព,0.9,0.95,True,pending,,data/handwritten_external/W001/metadata.csv,322,/Users/macbookpro/Desktop/Development/khmer-handwritten-word-recognition/data/handwritten_external/W001/crops_processed/W001_P002_0166.png,លោភសោភានិងសន្តិភាព,18,True,65,25,56.1012,0.281231,review,transcription_not_human_verified,W001
W001_P002_0167,crops_raw/W001_P002_0167.png,page_002.png,W001,395,842,435,867,អប់រំ,អប់រំ,0.95,0.95,True,pending,,data/handwritten_external/W001/metadata.csv,323,/Users/macbookpro/Desktop/Development/khmer-handwritten-word-recognition/data/handwritten_external/W001/crops_processed/W001_P002_0167.png,អប់រំ,5,True,40,25,56.3529,0.314,review,transcription_not_human_verified,W001
W001_P002_0168,crops_raw/W001_P002_0168.png,page_002.png,W001,423,835,517,875,ឱ្យ,ឱ្យ,0.96,0.95,True,pending,,data/handwritten_external/W001/metadata.csv,324,/Users/macbookpro/Desktop/Development/khmer-handwritten-word-recognition/data/handwritten_external/W001/crops_processed/W001_P002_0168.png,ឱ្យ,3,True,94,40,42.6103,0.188298,review,transcription_not_human_verified,W001
W001_P002_0169,crops_raw/W001_P002_0169.png,page_002.png,W001,517,838,598,875,ស្គាល់,ស្គាល់,0.96,0.95,True,pending,,data/handwritten_external/W001/metadata.csv,325,/Users/macbookpro/Desktop/Development/khmer-handwritten-word-recognition/data/handwritten_external/W001/crops_processed/W001_P002_0169.png,ស្គាល់,6,True,81,37,41.3848,0.178178,review,transcription_not_human_verified,W001
W001_P002_0170,crops_raw/W001_P002_0170.png,page_002.png,W001,611,844,688,884,សច្ចា,សច្ចា,0.95,0.95,True,pending,,data/handwritten_external/W001/metadata.csv,326,/Users/macbookpro/Desktop/Development/khmer-handwritten-word-recognition/data/handwritten_external/W001/crops_processed/W001_P002_0170.png,សច្ចា,5,True,77,40,49.6585,0.237338,review,transcription_not_human_verified,W001
W001_P002_0171,crops_raw/W001_P002_0171.png,page_002.png,W001,81,860,208,893,ជាដើមនោះថា,ជាដើមនោះថា,0.93,0.95,True,pending,,data/handwritten_external/W001/metadata.csv,327,/Users/macbookpro/Desktop/Development/khmer-handwritten-word-recognition/data/handwritten_external/W001/crops_processed/W001_P002_0171.png,ជាដើមនោះថា,10,True,127,33,45.3146,0.194703,review,transcription_not_human_verified,W001
W001_P002_0173,crops_raw/W001_P002_0173.png,page_002.png,W001,212,859,261,906,និរន្តរ៍,និរន្តរ៍,0.95,0.95,True,pending,,data/handwritten_external/W001/metadata.csv,329,/Users/macbookpro/Desktop/Development/khmer-handwritten-word-recognition/data/handwritten_external/W001/crops_processed/W001_P002_0173.png,និរន្តរ៍,8,True,49,47,54.2215,0.298741,review,transcription_not_human_verified,W001
W001_P002_0174,crops_raw/W001_P002_0174.png,page_002.png,W001,264,862,346,892,រស់នៅ,រស់នៅ,0.95,0.95,True,pending,,data/handwritten_external/W001/metadata.csv,330,/Users/macbookpro/Desktop/Development/khmer-handwritten-word-recognition/data/handwritten_external/W001/crops_processed/W001_P002_0174.png,រស់នៅ,5,True,82,30,48.027,0.218293,review,transcription_not_human_verified,W001
W001_P002_0175,crops_raw/W001_P002_0175.png,page_002.png,W001,342,863,403,916,សុខ,សុខ,0.96,0.95,True,pending,"Claude cross-check: crop is narrow (61px) and compact, visually plausible for a short word; guess looks reasonable but not independently verified against full cursive detail.",data/handwritten_external/W001/metadata.csv,331,/Users/macbookpro/Desktop/Development/khmer-handwritten-word-recognition/data/handwritten_external/W001/crops_processed/W001_P002_0175.png,សុខ,3,True,61,53,43.4013,0.235694,review,transcription_not_human_verified,W001
W001_P002_0177,crops_raw/W001_P002_0177.png,page_002.png,W001,431,863,581,895,ដែលបានន័យថា,ដែលបានន័យថា,0.93,0.95,True,pending,,data/handwritten_external/W001/metadata.csv,333,/Users/macbookpro/Desktop/Development/khmer-handwritten-word-recognition/data/handwritten_external/W001/crops_processed/W001_P002_0177.png,ដែលបានន័យថា,11,True,150,32,49.8816,0.270208,review,transcription_not_human_verified,W001
W001_P002_0178,crops_raw/W001_P002_0178.png,page_002.png,W001,572,867,624,905,គ្មាន,គ្មាន,0.96,0.95,True,pending,,data/handwritten_external/W001/metadata.csv,334,/Users/macbookpro/Desktop/Development/khmer-handwritten-word-recognition/data/handwritten_external/W001/crops_processed/W001_P002_0178.png,គ្មាន,5,True,52,38,55.6229,0.253543,review,transcription_not_human_verified,W001
W001_P002_0179,crops_raw/W001_P002_0179.png,page_002.png,W001,627,868,688,893,សេចក្តី,សេចក្តី,0.95,0.95,True,pending,,data/handwritten_external/W001/metadata.csv,335,/Users/macbookpro/Desktop/Development/khmer-handwritten-word-recognition/data/handwritten_external/W001/crops_processed/W001_P002_0179.png,សេចក្តី,7,True,61,25,61.0514,0.335738,review,transcription_not_human_verified,W001
W001_P002_0180,crops_raw/W001_P002_0180.png,page_002.png,W001,81,892,162,941,ស្មោកគ្រោក,ស្មោកគ្រោក,0.94,0.95,True,pending,,data/handwritten_external/W001/metadata.csv,336,/Users/macbookpro/Desktop/Development/khmer-handwritten-word-recognition/data/handwritten_external/W001/crops_processed/W001_P002_0180.png,ស្មោកគ្រោក,10,True,81,49,50.0528,0.234064,review,transcription_not_human_verified,W001
W001_P002_0181,crops_raw/W001_P002_0181.png,page_002.png,W001,159,885,283,941,ដែល,ដែល,0.96,0.95,True,pending,,data/handwritten_external/W001/metadata.csv,337,/Users/macbookpro/Desktop/Development/khmer-handwritten-word-recognition/data/handwritten_external/W001/crops_processed/W001_P002_0181.png,ដែល,3,True,124,56,55.6148,0.278658,review,transcription_not_human_verified,W001
W001_P002_0182,crops_raw/W001_P002_0182.png,page_002.png,W001,273,883,360,941,ស្មើនឹង,ស្មើនឹង,0.95,0.95,True,pending,,data/handwritten_external/W001/metadata.csv,338,/Users/macbookpro/Desktop/Development/khmer-handwritten-word-recognition/data/handwritten_external/W001/crops_processed/W001_P002_0182.png,ស្មើនឹង,7,True,87,58,54.8724,0.272097,review,transcription_not_human_verified,W001
W001_P002_0183,crops_raw/W001_P002_0183.png,page_002.png,W001,351,883,465,927,សេចក្តីស្ងប់,សេចក្តីស្ងប់,0.94,0.95,True,pending,,data/handwritten_external/W001/metadata.csv,339,/Users/macbookpro/Desktop/Development/khmer-handwritten-word-recognition/data/handwritten_external/W001/crops_processed/W001_P002_0183.png,សេចក្តីស្ងប់,12,True,114,44,53.3669,0.300837,review,transcription_not_human_verified,W001
W001_P002_0184,crops_raw/W001_P002_0184.png,page_002.png,W001,475,893,504,918,ឡើយ...,ឡើយ...,0.94,0.8,True,pending,narrow component,data/handwritten_external/W001/metadata.csv,340,/Users/macbookpro/Desktop/Development/khmer-handwritten-word-recognition/data/handwritten_external/W001/crops_processed/W001_P002_0184.png,ឡើយ...,6,True,29,25,50.5654,0.278621,review,transcription_not_human_verified,W001
W001_P002_0185,crops_raw/W001_P002_0185.png,page_002.png,W001,499,887,606,927,។,។,0.97,0.95,True,pending,,data/handwritten_external/W001/metadata.csv,341,/Users/macbookpro/Desktop/Development/khmer-handwritten-word-recognition/data/handwritten_external/W001/crops_processed/W001_P002_0185.png,។,1,True,107,40,46.1457,0.207243,review,transcription_not_human_verified,W001
W001_P002_0186,crops_raw/W001_P002_0186.png,page_002.png,W001,601,889,688,928,ក្រៅពីនេះទៀតនោះ...,ក្រៅពីនេះទៀតនោះ...,0.91,0.95,True,pending,,data/handwritten_external/W001/metadata.csv,342,/Users/macbookpro/Desktop/Development/khmer-handwritten-word-recognition/data/handwritten_external/W001/crops_processed/W001_P002_0186.png,ក្រៅពីនេះទៀតនោះ...,18,True,87,39,44.212,0.209549,review,transcription_not_human_verified,W001
W001_P002_0187,crops_raw/W001_P002_0187.png,page_002.png,W001,107,909,171,941,គឺ,គឺ,0.97,0.95,True,pending,,data/handwritten_external/W001/metadata.csv,343,/Users/macbookpro/Desktop/Development/khmer-handwritten-word-recognition/data/handwritten_external/W001/crops_processed/W001_P002_0187.png,គឺ,2,True,64,32,49.4429,0.233398,review,transcription_not_human_verified,W001
W001_P002_0188,crops_raw/W001_P002_0188.png,page_002.png,W001,162,911,191,940,យើង,យើង,0.96,0.8,True,pending,narrow component,data/handwritten_external/W001/metadata.csv,344,/Users/macbookpro/Desktop/Development/khmer-handwritten-word-recognition/data/handwritten_external/W001/crops_processed/W001_P002_0188.png,យើង,3,True,29,29,54.821,0.351962,review,transcription_not_human_verified,W001
W001_P002_0189,crops_raw/W001_P002_0189.png,page_002.png,W001,235,909,271,941,និយាយពី,និយាយពី,0.95,0.95,True,pending,,data/handwritten_external/W001/metadata.csv,345,/Users/macbookpro/Desktop/Development/khmer-handwritten-word-recognition/data/handwritten_external/W001/crops_processed/W001_P002_0189.png,និយាយពី,7,True,36,32,54.3514,0.388889,review,transcription_not_human_verified,W001
W001_P002_0190,crops_raw/W001_P002_0190.png,page_002.png,W001,262,915,327,941,គោលដៅ,គោលដៅ,0.95,0.95,True,pending,,data/handwritten_external/W001/metadata.csv,346,/Users/macbookpro/Desktop/Development/khmer-handwritten-word-recognition/data/handwritten_external/W001/crops_processed/W001_P002_0190.png,គោលដៅ,5,True,65,26,61.0264,0.294083,review,transcription_not_human_verified,W001
W001_P002_0191,crops_raw/W001_P002_0191.png,page_002.png,W001,354,912,406,951,ធំៗ,ធំៗ,0.96,0.95,True,pending,,data/handwritten_external/W001/metadata.csv,347,/Users/macbookpro/Desktop/Development/khmer-handwritten-word-recognition/data/handwritten_external/W001/crops_processed/W001_P002_0191.png,ធំៗ,3,True,52,39,50.2419,0.234714,review,transcription_not_human_verified,W001
W001_P002_0192,crops_raw/W001_P002_0192.png,page_002.png,W001,403,908,492,947,របស់,របស់,0.96,0.95,True,pending,,data/handwritten_external/W001/metadata.csv,348,/Users/macbookpro/Desktop/Development/khmer-handwritten-word-recognition/data/handwritten_external/W001/crops_processed/W001_P002_0192.png,របស់,4,True,89,39,46.3533,0.231922,review,transcription_not_human_verified,W001
W001_P002_0193,crops_raw/W001_P002_0193.png,page_002.png,W001,496,918,524,949,ព្រះពុទ្ធសាសនា,ព្រះពុទ្ធសាសនា,0.96,0.8,True,pending,narrow component,data/handwritten_external/W001/metadata.csv,349,/Users/macbookpro/Desktop/Development/khmer-handwritten-word-recognition/data/handwritten_external/W001/crops_processed/W001_P002_0193.png,ព្រះពុទ្ធសាសនា,14,True,28,31,60.8159,0.456221,review,transcription_not_human_verified,W001
W001_P002_0194,crops_raw/W001_P002_0194.png,page_002.png,W001,514,919,592,946,វិញម្តង...,វិញម្តង...,0.94,0.95,True,pending,,data/handwritten_external/W001/metadata.csv,350,/Users/macbookpro/Desktop/Development/khmer-handwritten-word-recognition/data/handwritten_external/W001/crops_processed/W001_P002_0194.png,វិញម្តង...,10,True,78,27,56.1606,0.259259,review,transcription_not_human_verified,W001
W001_P002_0195,crops_raw/W001_P002_0195.png,page_002.png,W001,586,911,668,951,។,។,0.97,0.95,True,pending,,data/handwritten_external/W001/metadata.csv,351,/Users/macbookpro/Desktop/Development/khmer-handwritten-word-recognition/data/handwritten_external/W001/crops_processed/W001_P002_0195.png,។,1,True,82,40,40.9308,0.207317,review,transcription_not_human_verified,W001
W001_P002_0196,crops_raw/W001_P002_0196.png,page_002.png,W001,81,932,222,978,ការធានាថា,ការធានាថា,0.94,0.95,True,pending,,data/handwritten_external/W001/metadata.csv,352,/Users/macbookpro/Desktop/Development/khmer-handwritten-word-recognition/data/handwritten_external/W001/crops_processed/W001_P002_0196.png,ការធានាថា,9,True,141,46,57.0314,0.281529,review,transcription_not_human_verified,W001
W001_P002_0197,crops_raw/W001_P002_0197.png,page_002.png,W001,212,933,293,974,នឹងធ្វើឱ្យ,នឹងធ្វើឱ្យ,0.94,0.95,True,pending,,data/handwritten_external/W001/metadata.csv,353,/Users/macbookpro/Desktop/Development/khmer-handwritten-word-recognition/data/handwritten_external/W001/crops_processed/W001_P002_0197.png,នឹងធ្វើឱ្យ,10,True,81,41,42.927,0.195724,review,transcription_not_human_verified,W001
W001_P002_0198,crops_raw/W001_P002_0198.png,page_002.png,W001,281,934,361,976,មនុស្ស,មនុស្ស,0.96,0.95,True,pending,,data/handwritten_external/W001/metadata.csv,354,/Users/macbookpro/Desktop/Development/khmer-handwritten-word-recognition/data/handwritten_external/W001/crops_processed/W001_P002_0198.png,មនុស្ស,6,True,80,42,47.1231,0.222024,review,transcription_not_human_verified,W001
W001_P002_0199,crops_raw/W001_P002_0199.png,page_002.png,W001,366,938,472,968,មានន័យថា,មានន័យថា,0.95,0.95,True,pending,,data/handwritten_external/W001/metadata.csv,355,/Users/macbookpro/Desktop/Development/khmer-handwritten-word-recognition/data/handwritten_external/W001/crops_processed/W001_P002_0199.png,មានន័យថា,8,True,106,30,51.3799,0.233333,review,transcription_not_human_verified,W001
W001_P002_0200,crops_raw/W001_P002_0200.png,page_002.png,W001,467,918,536,975,នៅក្នុង,នៅក្នុង,0.95,0.95,True,pending,,data/handwritten_external/W001/metadata.csv,356,/Users/macbookpro/Desktop/Development/khmer-handwritten-word-recognition/data/handwritten_external/W001/crops_processed/W001_P002_0200.png,នៅក្នុង,7,True,69,57,45.8102,0.22985,review,transcription_not_human_verified,W001
W001_P002_0201,crops_raw/W001_P002_0201.png,page_002.png,W001,524,936,627,969,ការរស់នៅ,ការរស់នៅ,0.94,0.95,True,pending,,data/handwritten_external/W001/metadata.csv,357,/Users/macbookpro/Desktop/Development/khmer-handwritten-word-recognition/data/handwritten_external/W001/crops_processed/W001_P002_0201.png,ការរស់នៅ,8,True,103,33,39.201,0.202707,review,transcription_not_human_verified,W001
W001_P002_0202,crops_raw/W001_P002_0202.png,page_002.png,W001,619,943,688,968,សាសនា,សាសនា,0.96,0.95,True,pending,,data/handwritten_external/W001/metadata.csv,358,/Users/macbookpro/Desktop/Development/khmer-handwritten-word-recognition/data/handwritten_external/W001/crops_processed/W001_P002_0202.png,សាសនា,5,True,69,25,58.918,0.307826,review,transcription_not_human_verified,W001
W001_P002_0203,crops_raw/W001_P002_0203.png,page_002.png,W001,81,957,209,996,បានដាស់តឿន,បានដាស់តឿន,0.94,0.95,True,pending,,data/handwritten_external/W001/metadata.csv,359,/Users/macbookpro/Desktop/Development/khmer-handwritten-word-recognition/data/handwritten_external/W001/crops_processed/W001_P002_0203.png,បានដាស់តឿន,10,True,128,39,52.6217,0.226963,review,transcription_not_human_verified,W001
W001_P002_0204,crops_raw/W001_P002_0204.png,page_002.png,W001,212,959,283,1001,ឱ្យរៀនគិតគូរ,ឱ្យរៀនគិតគូរ,0.93,0.95,True,pending,,data/handwritten_external/W001/metadata.csv,360,/Users/macbookpro/Desktop/Development/khmer-handwritten-word-recognition/data/handwritten_external/W001/crops_processed/W001_P002_0204.png,ឱ្យរៀនគិតគូរ,12,True,71,42,42.2246,0.200872,review,transcription_not_human_verified,W001
W001_P002_0205,crops_raw/W001_P002_0205.png,page_002.png,W001,278,961,407,1001,ជាមួយគ្នាក្នុងសង្គម,ជាមួយគ្នាក្នុងសង្គម,0.92,0.95,True,pending,,data/handwritten_external/W001/metadata.csv,361,/Users/macbookpro/Desktop/Development/khmer-handwritten-word-recognition/data/handwritten_external/W001/crops_processed/W001_P002_0205.png,ជាមួយគ្នាក្នុងសង្គម,19,True,129,40,48.7762,0.28469,review,transcription_not_human_verified,W001
W001_P002_0206,crops_raw/W001_P002_0206.png,page_002.png,W001,405,960,542,1001,ឡើយ...,ឡើយ...,0.94,0.85,True,pending,,data/handwritten_external/W001/metadata.csv,362,/Users/macbookpro/Desktop/Development/khmer-handwritten-word-recognition/data/handwritten_external/W001/crops_processed/W001_P002_0206.png,ឡើយ...,6,True,137,41,49.5642,0.247997,review,transcription_not_human_verified,W001
W001_P003_0001,crops_raw/W001_P003_0001.png,page_003.png,W001,81,234,436,281,តែការលោភលន់,តែការលោភលន់,0.94,0.95,True,pending,,data/handwritten_external/W001/metadata.csv,365,/Users/macbookpro/Desktop/Development/khmer-handwritten-word-recognition/data/handwritten_external/W001/crops_processed/W001_P003_0001.png,តែការលោភលន់,11,True,355,47,56.0843,0.269464,review,transcription_not_human_verified,W001
W001_P003_0002,crops_raw/W001_P003_0002.png,page_003.png,W001,424,239,464,276,ក្នុងការធ្វើបាបគ្នា,ក្នុងការធ្វើបាបគ្នា,0.92,0.95,True,pending,,data/handwritten_external/W001/metadata.csv,366,/Users/macbookpro/Desktop/Development/khmer-handwritten-word-recognition/data/handwritten_external/W001/crops_processed/W001_P003_0002.png,ក្នុងការធ្វើបាបគ្នា,19,True,40,37,53.3452,0.299324,review,transcription_not_human_verified,W001
W001_P003_0003,crops_raw/W001_P003_0003.png,page_003.png,W001,457,233,589,266,នោះវាសាងនូវ,នោះវាសាងនូវ,0.93,0.95,True,pending,,data/handwritten_external/W001/metadata.csv,367,/Users/macbookpro/Desktop/Development/khmer-handwritten-word-recognition/data/handwritten_external/W001/crops_processed/W001_P003_0003.png,នោះវាសាងនូវ,11,True,132,33,43.9394,0.169651,review,transcription_not_human_verified,W001
W001_P003_0004,crops_raw/W001_P003_0004.png,page_003.png,W001,585,234,688,278,ភាពចលាចល,ភាពចលាចល,0.95,0.95,True,pending,,data/handwritten_external/W001/metadata.csv,368,/Users/macbookpro/Desktop/Development/khmer-handwritten-word-recognition/data/handwritten_external/W001/crops_processed/W001_P003_0004.png,ភាពចលាចល,8,True,103,44,50.0649,0.2297,review,transcription_not_human_verified,W001
W001_P003_0005,crops_raw/W001_P003_0005.png,page_003.png,W001,100,262,144,294,គ្នារស់នៅដោយមាន,គ្នារស់នៅដោយមាន,0.92,0.85,True,pending,,data/handwritten_external/W001/metadata.csv,369,/Users/macbookpro/Desktop/Development/khmer-handwritten-word-recognition/data/handwritten_external/W001/crops_processed/W001_P003_0005.png,គ្នារស់នៅដោយមាន,15,True,44,32,53.1117,0.265625,review,transcription_not_human_verified,W001
W001_P003_0006,crops_raw/W001_P003_0006.png,page_003.png,W001,131,262,264,294,ការភ័យខ្លាច,ការភ័យខ្លាច,0.95,0.85,True,pending,,data/handwritten_external/W001/metadata.csv,370,/Users/macbookpro/Desktop/Development/khmer-handwritten-word-recognition/data/handwritten_external/W001/crops_processed/W001_P003_0006.png,ការភ័យខ្លាច,11,True,133,32,42.7125,0.188675,review,transcription_not_human_verified,W001
W001_P003_0007,crops_raw/W001_P003_0007.png,page_003.png,W001,252,268,381,299,បាត់បង់នូវ,បាត់បង់នូវ,0.95,0.95,True,pending,,data/handwritten_external/W001/metadata.csv,371,/Users/macbookpro/Desktop/Development/khmer-handwritten-word-recognition/data/handwritten_external/W001/crops_processed/W001_P003_0007.png,បាត់បង់នូវ,10,True,129,31,40.3151,0.193798,review,transcription_not_human_verified,W001
W001_P003_0008,crops_raw/W001_P003_0008.png,page_003.png,W001,420,258,495,317,សុភមង្គល,សុភមង្គល,0.95,0.95,True,pending,,data/handwritten_external/W001/metadata.csv,372,/Users/macbookpro/Desktop/Development/khmer-handwritten-word-recognition/data/handwritten_external/W001/crops_processed/W001_P003_0008.png,សុភមង្គល,8,True,75,59,47.0077,0.239322,review,transcription_not_human_verified,W001
W001_P003_0009,crops_raw/W001_P003_0009.png,page_003.png,W001,490,258,604,307,ជាដើម,ជាដើម,0.96,0.95,True,pending,,data/handwritten_external/W001/metadata.csv,373,/Users/macbookpro/Desktop/Development/khmer-handwritten-word-recognition/data/handwritten_external/W001/crops_processed/W001_P003_0009.png,ជាដើម,5,True,114,49,53.7622,0.293949,review,transcription_not_human_verified,W001
W001_P003_0010,crops_raw/W001_P003_0010.png,page_003.png,W001,595,258,677,291,។,។,0.97,0.95,True,pending,,data/handwritten_external/W001/metadata.csv,374,/Users/macbookpro/Desktop/Development/khmer-handwritten-word-recognition/data/handwritten_external/W001/crops_processed/W001_P003_0010.png,។,1,True,82,33,48.4444,0.252402,review,transcription_not_human_verified,W001
W001_P003_0011,crops_raw/W001_P003_0011.png,page_003.png,W001,124,294,168,318,ហេតុនេះ,ហេតុនេះ,0.96,0.85,True,pending,,data/handwritten_external/W001/metadata.csv,375,/Users/macbookpro/Desktop/Development/khmer-handwritten-word-recognition/data/handwritten_external/W001/crops_processed/W001_P003_0011.png,ហេតុនេះ,7,True,44,24,60.0521,0.360795,review,transcription_not_human_verified,W001
W001_P003_0012,crops_raw/W001_P003_0012.png,page_003.png,W001,161,295,207,328,ព្រះពុទ្ធ,ព្រះពុទ្ធ,0.96,0.85,True,pending,,data/handwritten_external/W001/metadata.csv,376,/Users/macbookpro/Desktop/Development/khmer-handwritten-word-recognition/data/handwritten_external/W001/crops_processed/W001_P003_0012.png,ព្រះពុទ្ធ,9,True,46,33,51.5442,0.295125,review,transcription_not_human_verified,W001
W001_P003_0013,crops_raw/W001_P003_0013.png,page_003.png,W001,196,285,282,328,ទ្រង់,ទ្រង់,0.96,0.85,True,pending,,data/handwritten_external/W001/metadata.csv,377,/Users/macbookpro/Desktop/Development/khmer-handwritten-word-recognition/data/handwritten_external/W001/crops_processed/W001_P003_0013.png,ទ្រង់,5,True,86,43,38.4364,0.196322,review,transcription_not_human_verified,W001
W001_P003_0014,crops_raw/W001_P003_0014.png,page_003.png,W001,272,293,316,329,បានអប់រំ,បានអប់រំ,0.94,0.85,True,pending,,data/handwritten_external/W001/metadata.csv,378,/Users/macbookpro/Desktop/Development/khmer-handwritten-word-recognition/data/handwritten_external/W001/crops_processed/W001_P003_0014.png,បានអប់រំ,8,True,44,36,51.495,0.286616,review,transcription_not_human_verified,W001
W001_P003_0015,crops_raw/W001_P003_0015.png,page_003.png,W001,312,288,364,318,ឱ្យ,ឱ្យ,0.96,0.85,True,pending,,data/handwritten_external/W001/metadata.csv,379,/Users/macbookpro/Desktop/Development/khmer-handwritten-word-recognition/data/handwritten_external/W001/crops_processed/W001_P003_0015.png,ឱ្យ,3,True,52,30,49.5766,0.246795,review,transcription_not_human_verified,W001
W001_P003_0016,crops_raw/W001_P003_0016.png,page_003.png,W001,352,288,385,318,មិនគួរ,មិនគួរ,0.95,0.7,True,pending,narrow component; compound word or continuous phrase,data/handwritten_external/W001/metadata.csv,380,/Users/macbookpro/Desktop/Development/khmer-handwritten-word-recognition/data/handwritten_external/W001/crops_processed/W001_P003_0016.png,មិនគួរ,6,True,33,30,60.9822,0.379798,review,transcription_not_human_verified,W001
W001_P003_0017,crops_raw/W001_P003_0017.png,page_003.png,W001,404,285,447,320,ធ្វើ,ធ្វើ,0.96,0.85,True,pending,,data/handwritten_external/W001/metadata.csv,381,/Users/macbookpro/Desktop/Development/khmer-handwritten-word-recognition/data/handwritten_external/W001/crops_processed/W001_P003_0017.png,ធ្វើ,4,True,43,35,49.2163,0.253156,review,transcription_not_human_verified,W001
W001_P003_0018,crops_raw/W001_P003_0018.png,page_003.png,W001,437,294,476,328,ចៅអាក្រក់,ចៅអាក្រក់,0.93,0.85,True,pending,,data/handwritten_external/W001/metadata.csv,382,/Users/macbookpro/Desktop/Development/khmer-handwritten-word-recognition/data/handwritten_external/W001/crops_processed/W001_P003_0018.png,ចៅអាក្រក់,9,True,39,34,60.8772,0.378582,review,transcription_not_human_verified,W001
W001_P003_0019,crops_raw/W001_P003_0019.png,page_003.png,W001,472,288,508,318,ដែលជាហេតុ,ដែលជាហេតុ,0.94,0.85,True,pending,,data/handwritten_external/W001/metadata.csv,383,/Users/macbookpro/Desktop/Development/khmer-handwritten-word-recognition/data/handwritten_external/W001/crops_processed/W001_P003_0019.png,ដែលជាហេតុ,9,True,36,30,52.6419,0.291667,review,transcription_not_human_verified,W001
W001_P003_0021,crops_raw/W001_P003_0021.png,page_003.png,W001,81,317,117,347,នាំឱ្យកើតមាន,នាំឱ្យកើតមាន,0.93,0.95,True,pending,,data/handwritten_external/W001/metadata.csv,385,/Users/macbookpro/Desktop/Development/khmer-handwritten-word-recognition/data/handwritten_external/W001/crops_processed/W001_P003_0021.png,នាំឱ្យកើតមាន,12,True,36,30,57.5053,0.346296,review,transcription_not_human_verified,W001
W001_P003_0022,crops_raw/W001_P003_0022.png,page_003.png,W001,124,309,374,370,សេចក្តីទុក្ខទោស,សេចក្តីទុក្ខទោស,0.93,0.95,True,pending,,data/handwritten_external/W001/metadata.csv,386,/Users/macbookpro/Desktop/Development/khmer-handwritten-word-recognition/data/handwritten_external/W001/crops_processed/W001_P003_0022.png,សេចក្តីទុក្ខទោស,15,True,250,61,58.4803,0.338754,review,transcription_not_human_verified,W001
W001_P003_0023,crops_raw/W001_P003_0023.png,page_003.png,W001,381,312,450,349,ដល់ខ្លួន,ដល់ខ្លួន,0.95,0.95,True,pending,,data/handwritten_external/W001/metadata.csv,387,/Users/macbookpro/Desktop/Development/khmer-handwritten-word-recognition/data/handwritten_external/W001/crops_processed/W001_P003_0023.png,ដល់ខ្លួន,8,True,69,37,50.2231,0.222875,review,transcription_not_human_verified,W001
W001_P003_0024,crops_raw/W001_P003_0024.png,page_003.png,W001,454,310,496,342,និងក្រុមក្មេងៗ...,និងក្រុមក្មេងៗ...,0.92,0.95,True,pending,,data/handwritten_external/W001/metadata.csv,388,/Users/macbookpro/Desktop/Development/khmer-handwritten-word-recognition/data/handwritten_external/W001/crops_processed/W001_P003_0024.png,និងក្រុមក្មេងៗ...,17,True,42,32,57.5796,0.343006,review,transcription_not_human_verified,W001
W001_P003_0025,crops_raw/W001_P003_0025.png,page_003.png,W001,506,317,590,369,រួមជាមួយ,រួមជាមួយ,0.94,0.95,True,pending,,data/handwritten_external/W001/metadata.csv,389,/Users/macbookpro/Desktop/Development/khmer-handwritten-word-recognition/data/handwritten_external/W001/crops_processed/W001_P003_0025.png,រួមជាមួយ,8,True,84,52,51.209,0.23924,review,transcription_not_human_verified,W001
W001_P003_0027,crops_raw/W001_P003_0027.png,page_003.png,W001,81,341,168,371,អ្នកដែលនៅជុំវិញខ្លួន,អ្នកដែលនៅជុំវិញខ្លួន,0.91,0.95,True,pending,,data/handwritten_external/W001/metadata.csv,391,/Users/macbookpro/Desktop/Development/khmer-handwritten-word-recognition/data/handwritten_external/W001/crops_processed/W001_P003_0027.png,អ្នកដែលនៅជុំវិញខ្លួន,20,True,87,30,55.2744,0.283142,review,transcription_not_human_verified,W001
W001_P003_0028,crops_raw/W001_P003_0028.png,page_003.png,W001,204,344,274,395,យើង,យើង,0.96,0.95,True,pending,,data/handwritten_external/W001/metadata.csv,392,/Users/macbookpro/Desktop/Development/khmer-handwritten-word-recognition/data/handwritten_external/W001/crops_processed/W001_P003_0028.png,យើង,3,True,70,51,47.9535,0.285154,review,transcription_not_human_verified,W001
W001_P003_0029,crops_raw/W001_P003_0029.png,page_003.png,W001,297,344,354,369,ផងដែរ...,ផងដែរ...,0.94,0.95,True,pending,,data/handwritten_external/W001/metadata.csv,393,/Users/macbookpro/Desktop/Development/khmer-handwritten-word-recognition/data/handwritten_external/W001/crops_processed/W001_P003_0029.png,ផងដែរ...,8,True,57,25,57.2751,0.345965,review,transcription_not_human_verified,W001
W001_P003_0030,crops_raw/W001_P003_0030.png,page_003.png,W001,344,340,409,369,ម្យ៉ាងទៀត,ម្យ៉ាងទៀត,0.95,0.95,True,pending,,data/handwritten_external/W001/metadata.csv,394,/Users/macbookpro/Desktop/Development/khmer-handwritten-word-recognition/data/handwritten_external/W001/crops_processed/W001_P003_0030.png,ម្យ៉ាងទៀត,9,True,65,29,53.3751,0.248276,review,transcription_not_human_verified,W001
W001_P003_0031,crops_raw/W001_P003_0031.png,page_003.png,W001,411,317,523,380,ជាតិជា,ជាតិជា,0.94,0.95,True,pending,,data/handwritten_external/W001/metadata.csv,395,/Users/macbookpro/Desktop/Development/khmer-handwritten-word-recognition/data/handwritten_external/W001/crops_processed/W001_P003_0031.png,ជាតិជា,6,True,112,63,58.1121,0.294785,review,transcription_not_human_verified,W001
W001_P003_0032,crops_raw/W001_P003_0032.png,page_003.png,W001,513,341,547,368,អំពើអាក្រក់,អំពើអាក្រក់,0.94,0.95,True,pending,,data/handwritten_external/W001/metadata.csv,396,/Users/macbookpro/Desktop/Development/khmer-handwritten-word-recognition/data/handwritten_external/W001/crops_processed/W001_P003_0032.png,អំពើអាក្រក់,11,True,34,27,63.3801,0.444444,review,transcription_not_human_verified,W001
W001_P003_0036,crops_raw/W001_P003_0036.png,page_003.png,W001,81,360,213,407,មួយទៀតនោះ,មួយទៀតនោះ,0.94,0.95,True,pending,,data/handwritten_external/W001/metadata.csv,400,/Users/macbookpro/Desktop/Development/khmer-handwritten-word-recognition/data/handwritten_external/W001/crops_processed/W001_P003_0036.png,មួយទៀតនោះ,9,True,132,47,56.2993,0.301902,review,transcription_not_human_verified,W001
W001_P003_0037,crops_raw/W001_P003_0037.png,page_003.png,W001,259,363,353,395,គេហៅថា,គេហៅថា,0.95,0.95,True,pending,,data/handwritten_external/W001/metadata.csv,401,/Users/macbookpro/Desktop/Development/khmer-handwritten-word-recognition/data/handwritten_external/W001/crops_processed/W001_P003_0037.png,គេហៅថា,6,True,94,32,46.5413,0.214428,review,transcription_not_human_verified,W001
W001_P003_0038,crops_raw/W001_P003_0038.png,page_003.png,W001,355,360,391,394,គឺ,គឺ,0.97,0.95,True,pending,,data/handwritten_external/W001/metadata.csv,402,/Users/macbookpro/Desktop/Development/khmer-handwritten-word-recognition/data/handwritten_external/W001/crops_processed/W001_P003_0038.png,គឺ,2,True,36,34,56.8383,0.337418,review,transcription_not_human_verified,W001
W001_P003_0039,crops_raw/W001_P003_0039.png,page_003.png,W001,392,369,457,403,ការធ្វើអំពើល្អ,ការធ្វើអំពើល្អ,0.93,0.95,True,pending,,data/handwritten_external/W001/metadata.csv,403,/Users/macbookpro/Desktop/Development/khmer-handwritten-word-recognition/data/handwritten_external/W001/crops_processed/W001_P003_0039.png,ការធ្វើអំពើល្អ,14,True,65,34,51.8927,0.261086,review,transcription_not_human_verified,W001
W001_P003_0040,crops_raw/W001_P003_0040.png,page_003.png,W001,447,362,534,404,លើអ្នកដទៃ,លើអ្នកដទៃ,0.94,0.95,True,pending,,data/handwritten_external/W001/metadata.csv,404,/Users/macbookpro/Desktop/Development/khmer-handwritten-word-recognition/data/handwritten_external/W001/crops_processed/W001_P003_0040.png,លើអ្នកដទៃ,9,True,87,42,44.9783,0.212917,review,transcription_not_human_verified,W001
W001_P003_0041,crops_raw/W001_P003_0041.png,page_003.png,W001,525,359,645,418,គឺសេច,គឺសេច,0.94,0.95,True,pending,,data/handwritten_external/W001/metadata.csv,405,/Users/macbookpro/Desktop/Development/khmer-handwritten-word-recognition/data/handwritten_external/W001/crops_processed/W001_P003_0041.png,គឺសេច,5,True,120,59,56.8075,0.286441,review,transcription_not_human_verified,W001
W001_P003_0043,crops_raw/W001_P003_0043.png,page_003.png,W001,81,385,185,423,ក្ដីយល់ថា...,ក្ដីយល់ថា...,0.93,0.95,True,pending,,data/handwritten_external/W001/metadata.csv,407,/Users/macbookpro/Desktop/Development/khmer-handwritten-word-recognition/data/handwritten_external/W001/crops_processed/W001_P003_0043.png,ក្ដីយល់ថា...,12,True,104,38,46.0277,0.257844,review,transcription_not_human_verified,W001
W001_P003_0044,crops_raw/W001_P003_0044.png,page_003.png,W001,194,387,380,432,ការធ្វើអំពើល្អមួយ,ការធ្វើអំពើល្អមួយ,0.92,0.95,True,pending,,data/handwritten_external/W001/metadata.csv,408,/Users/macbookpro/Desktop/Development/khmer-handwritten-word-recognition/data/handwritten_external/W001/crops_processed/W001_P003_0044.png,ការធ្វើអំពើល្អមួយ,17,True,186,45,56.1597,0.294863,review,transcription_not_human_verified,W001
W001_P003_0045,crops_raw/W001_P003_0045.png,page_003.png,W001,375,389,461,420,ដែលជាអំពើល្អ...,ដែលជាអំពើល្អ...,0.92,0.95,True,pending,,data/handwritten_external/W001/metadata.csv,409,/Users/macbookpro/Desktop/Development/khmer-handwritten-word-recognition/data/handwritten_external/W001/crops_processed/W001_P003_0045.png,ដែលជាអំពើល្អ...,15,True,86,31,48.9532,0.232183,review,transcription_not_human_verified,W001
W001_P003_0046,crops_raw/W001_P003_0046.png,page_003.png,W001,450,388,542,430,ពោលគឺ,ពោលគឺ,0.95,0.95,True,pending,,data/handwritten_external/W001/metadata.csv,410,/Users/macbookpro/Desktop/Development/khmer-handwritten-word-recognition/data/handwritten_external/W001/crops_processed/W001_P003_0046.png,ពោលគឺ,5,True,92,42,44.5641,0.190994,review,transcription_not_human_verified,W001
W001_P003_0047,crops_raw/W001_P003_0047.png,page_003.png,W001,582,395,622,418,ដូចជា...,ដូចជា...,0.94,0.8,True,pending,narrow component,data/handwritten_external/W001/metadata.csv,411,/Users/macbookpro/Desktop/Development/khmer-handwritten-word-recognition/data/handwritten_external/W001/crops_processed/W001_P003_0047.png,ដូចជា...,8,True,40,23,60.1236,0.347826,review,transcription_not_human_verified,W001
W001_P003_0049,crops_raw/W001_P003_0049.png,page_003.png,W001,81,421,171,458,ការជួយ,ការជួយ,0.95,0.95,True,pending,,data/handwritten_external/W001/metadata.csv,413,/Users/macbookpro/Desktop/Development/khmer-handwritten-word-recognition/data/handwritten_external/W001/crops_processed/W001_P003_0049.png,ការជួយ,6,True,90,37,46.0276,0.194895,review,transcription_not_human_verified,W001
W001_P003_0050,crops_raw/W001_P003_0050.png,page_003.png,W001,165,422,199,456,ឬ,ឬ,0.96,0.95,True,pending,,data/handwritten_external/W001/metadata.csv,414,/Users/macbookpro/Desktop/Development/khmer-handwritten-word-recognition/data/handwritten_external/W001/crops_processed/W001_P003_0050.png,ឬ,1,True,34,34,47.6789,0.269896,review,transcription_not_human_verified,W001
W001_P003_0051,crops_raw/W001_P003_0051.png,page_003.png,W001,190,415,302,459,ការផ្តល់នូវ,ការផ្តល់នូវ,0.94,0.95,True,pending,,data/handwritten_external/W001/metadata.csv,415,/Users/macbookpro/Desktop/Development/khmer-handwritten-word-recognition/data/handwritten_external/W001/crops_processed/W001_P003_0051.png,ការផ្តល់នូវ,11,True,112,44,47.0575,0.197646,review,transcription_not_human_verified,W001
W001_P003_0052,crops_raw/W001_P003_0052.png,page_003.png,W001,294,417,402,447,កម្លាំងកាយ...,កម្លាំងកាយ...,0.93,0.95,True,pending,,data/handwritten_external/W001/metadata.csv,416,/Users/macbookpro/Desktop/Development/khmer-handwritten-word-recognition/data/handwritten_external/W001/crops_processed/W001_P003_0052.png,កម្លាំងកាយ...,13,True,108,30,43.1001,0.212963,review,transcription_not_human_verified,W001
W001_P003_0053,crops_raw/W001_P003_0053.png,page_003.png,W001,403,418,494,457,សម្ភារៈ,សម្ភារៈ,0.95,0.95,True,pending,,data/handwritten_external/W001/metadata.csv,417,/Users/macbookpro/Desktop/Development/khmer-handwritten-word-recognition/data/handwritten_external/W001/crops_processed/W001_P003_0053.png,សម្ភារៈ,7,True,91,39,45.8329,0.213863,review,transcription_not_human_verified,W001
W001_P003_0054,crops_raw/W001_P003_0054.png,page_003.png,W001,494,420,571,456,ឬ,ឬ,0.96,0.95,True,pending,,data/handwritten_external/W001/metadata.csv,418,/Users/macbookpro/Desktop/Development/khmer-handwritten-word-recognition/data/handwritten_external/W001/crops_processed/W001_P003_0054.png,ឬ,1,True,77,36,51.0076,0.265512,review,transcription_not_human_verified,W001
W001_P003_0055,crops_raw/W001_P003_0055.png,page_003.png,W001,566,418,642,445,សេចក្តីស្រឡាញ់...,សេចក្តីស្រឡាញ់...,0.92,0.95,True,pending,,data/handwritten_external/W001/metadata.csv,419,/Users/macbookpro/Desktop/Development/khmer-handwritten-word-recognition/data/handwritten_external/W001/crops_processed/W001_P003_0055.png,សេចក្តីស្រឡាញ់...,17,True,76,27,53.0404,0.258285,review,transcription_not_human_verified,W001
W001_P003_0056,crops_raw/W001_P003_0056.png,page_003.png,W001,648,421,688,455,ដោយ,ដោយ,0.96,0.95,True,pending,,data/handwritten_external/W001/metadata.csv,420,/Users/macbookpro/Desktop/Development/khmer-handwritten-word-recognition/data/handwritten_external/W001/crops_processed/W001_P003_0056.png,ដោយ,3,True,40,34,58.8102,0.323529,review,transcription_not_human_verified,W001
W001_P003_0057,crops_raw/W001_P003_0057.png,page_003.png,W001,81,443,124,472,ក្ដី...,ក្ដី...,0.94,0.95,True,pending,,data/handwritten_external/W001/metadata.csv,421,/Users/macbookpro/Desktop/Development/khmer-handwritten-word-recognition/data/handwritten_external/W001/crops_processed/W001_P003_0057.png,ក្ដី...,7,True,43,29,56.5539,0.319166,review,transcription_not_human_verified,W001
W001_P003_0058,crops_raw/W001_P003_0058.png,page_003.png,W001,127,440,174,473,និង,និង,0.96,0.95,True,pending,,data/handwritten_external/W001/metadata.csv,422,/Users/macbookpro/Desktop/Development/khmer-handwritten-word-recognition/data/handwritten_external/W001/crops_processed/W001_P003_0058.png,និង,3,True,47,33,48.2802,0.255319,review,transcription_not_human_verified,W001
W001_P003_0059,crops_raw/W001_P003_0059.png,page_003.png,W001,176,448,222,473,មានការជួយ,មានការជួយ,0.94,0.95,True,pending,,data/handwritten_external/W001/metadata.csv,423,/Users/macbookpro/Desktop/Development/khmer-handwritten-word-recognition/data/handwritten_external/W001/crops_processed/W001_P003_0059.png,មានការជួយ,9,True,46,25,53.2698,0.305217,review,transcription_not_human_verified,W001
W001_P003_0060,crops_raw/W001_P003_0060.png,page_003.png,W001,212,445,270,485,នូវ,នូវ,0.96,0.95,True,pending,,data/handwritten_external/W001/metadata.csv,424,/Users/macbookpro/Desktop/Development/khmer-handwritten-word-recognition/data/handwritten_external/W001/crops_processed/W001_P003_0060.png,នូវ,3,True,58,40,45.1224,0.238793,review,transcription_not_human_verified,W001
W001_P003_0061,crops_raw/W001_P003_0061.png,page_003.png,W001,260,441,329,497,កម្លាំង,កម្លាំង,0.95,0.95,True,pending,,data/handwritten_external/W001/metadata.csv,425,/Users/macbookpro/Desktop/Development/khmer-handwritten-word-recognition/data/handwritten_external/W001/crops_processed/W001_P003_0061.png,កម្លាំង,7,True,69,56,42.6603,0.180901,review,transcription_not_human_verified,W001
W001_P003_0062,crops_raw/W001_P003_0062.png,page_003.png,W001,325,442,390,477,កាយចិត្ត...,កាយចិត្ត...,0.93,0.95,True,pending,,data/handwritten_external/W001/metadata.csv,426,/Users/macbookpro/Desktop/Development/khmer-handwritten-word-recognition/data/handwritten_external/W001/crops_processed/W001_P003_0062.png,កាយចិត្ត...,11,True,65,35,45.5428,0.189451,review,transcription_not_human_verified,W001
W001_P003_0063,crops_raw/W001_P003_0063.png,page_003.png,W001,380,446,444,471,ជាដើម,ជាដើម,0.96,0.95,True,pending,,data/handwritten_external/W001/metadata.csv,427,/Users/macbookpro/Desktop/Development/khmer-handwritten-word-recognition/data/handwritten_external/W001/crops_processed/W001_P003_0063.png,ជាដើម,5,True,64,25,53.8578,0.271875,review,transcription_not_human_verified,W001
W001_P003_0064,crops_raw/W001_P003_0064.png,page_003.png,W001,434,445,481,470,។,។,0.97,0.95,True,pending,,data/handwritten_external/W001/metadata.csv,428,/Users/macbookpro/Desktop/Development/khmer-handwritten-word-recognition/data/handwritten_external/W001/crops_processed/W001_P003_0064.png,។,1,True,47,25,61.8272,0.419574,review,transcription_not_human_verified,W001
W001_P003_0065,crops_raw/W001_P003_0065.png,page_003.png,W001,480,435,569,470,ត្រង់,ត្រង់,0.96,0.95,True,pending,,data/handwritten_external/W001/metadata.csv,429,/Users/macbookpro/Desktop/Development/khmer-handwritten-word-recognition/data/handwritten_external/W001/crops_processed/W001_P003_0065.png,ត្រង់,5,True,89,35,49.8094,0.267416,review,transcription_not_human_verified,W001
W001_P003_0066,crops_raw/W001_P003_0066.png,page_003.png,W001,563,446,590,469,ចំណុច,ចំណុច,0.95,0.8,True,pending,narrow component,data/handwritten_external/W001/metadata.csv,430,/Users/macbookpro/Desktop/Development/khmer-handwritten-word-recognition/data/handwritten_external/W001/crops_processed/W001_P003_0066.png,ចំណុច,5,True,27,23,53.6435,0.37037,review,transcription_not_human_verified,W001
W001_P003_0069,crops_raw/W001_P003_0069.png,page_003.png,W001,81,472,124,498,នេះ,នេះ,0.96,0.95,True,pending,,data/handwritten_external/W001/metadata.csv,433,/Users/macbookpro/Desktop/Development/khmer-handwritten-word-recognition/data/handwritten_external/W001/crops_processed/W001_P003_0069.png,នេះ,3,True,43,26,57.2002,0.336315,review,transcription_not_human_verified,W001
W001_P003_0070,crops_raw/W001_P003_0070.png,page_003.png,W001,117,463,153,498,គឺ,គឺ,0.97,0.95,True,pending,,data/handwritten_external/W001/metadata.csv,434,/Users/macbookpro/Desktop/Development/khmer-handwritten-word-recognition/data/handwritten_external/W001/crops_processed/W001_P003_0070.png,គឺ,2,True,36,35,57.3016,0.393651,review,transcription_not_human_verified,W001
W001_P003_0071,crops_raw/W001_P003_0071.png,page_003.png,W001,182,472,228,506,ព្រះពុទ្ធ,ព្រះពុទ្ធ,0.96,0.95,True,pending,,data/handwritten_external/W001/metadata.csv,435,/Users/macbookpro/Desktop/Development/khmer-handwritten-word-recognition/data/handwritten_external/W001/crops_processed/W001_P003_0071.png,ព្រះពុទ្ធ,9,True,46,34,49.362,0.234655,review,transcription_not_human_verified,W001
W001_P003_0072,crops_raw/W001_P003_0072.png,page_003.png,W001,216,474,261,507,បាន,បាន,0.96,0.95,True,pending,,data/handwritten_external/W001/metadata.csv,436,/Users/macbookpro/Desktop/Development/khmer-handwritten-word-recognition/data/handwritten_external/W001/crops_processed/W001_P003_0072.png,បាន,3,True,45,33,50.5222,0.312458,review,transcription_not_human_verified,W001
W001_P003_0073,crops_raw/W001_P003_0073.png,page_003.png,W001,256,475,290,499,អប់រំឱ្យ,អប់រំឱ្យ,0.94,0.95,True,pending,,data/handwritten_external/W001/metadata.csv,437,/Users/macbookpro/Desktop/Development/khmer-handwritten-word-recognition/data/handwritten_external/W001/crops_processed/W001_P003_0073.png,អប់រំឱ្យ,8,True,34,24,54.2778,0.327206,review,transcription_not_human_verified,W001
W001_P003_0074,crops_raw/W001_P003_0074.png,page_003.png,W001,302,467,378,522,មនុស្ស,មនុស្ស,0.96,0.95,True,pending,,data/handwritten_external/W001/metadata.csv,438,/Users/macbookpro/Desktop/Development/khmer-handwritten-word-recognition/data/handwritten_external/W001/crops_processed/W001_P003_0074.png,មនុស្ស,6,True,76,55,46.1676,0.248086,review,transcription_not_human_verified,W001
W001_P003_0075,crops_raw/W001_P003_0075.png,page_003.png,W001,367,461,524,522,គ្រប់គ្នា,គ្រប់គ្នា,0.95,0.95,True,pending,,data/handwritten_external/W001/metadata.csv,439,/Users/macbookpro/Desktop/Development/khmer-handwritten-word-recognition/data/handwritten_external/W001/crops_processed/W001_P003_0075.png,គ្រប់គ្នា,9,True,157,61,59.5811,0.320873,review,transcription_not_human_verified,W001
W001_P003_0076,crops_raw/W001_P003_0076.png,page_003.png,W001,538,472,589,496,ចេះ,ចេះ,0.96,0.95,True,pending,,data/handwritten_external/W001/metadata.csv,440,/Users/macbookpro/Desktop/Development/khmer-handwritten-word-recognition/data/handwritten_external/W001/crops_processed/W001_P003_0076.png,ចេះ,3,True,51,24,55.3818,0.323529,review,transcription_not_human_verified,W001
W001_P003_0077,crops_raw/W001_P003_0077.png,page_003.png,W001,588,470,620,507,ជួយគ្នាទៅ,ជួយគ្នាទៅ,0.93,0.8,True,pending,narrow component,data/handwritten_external/W001/metadata.csv,441,/Users/macbookpro/Desktop/Development/khmer-handwritten-word-recognition/data/handwritten_external/W001/crops_processed/W001_P003_0077.png,ជួយគ្នាទៅ,9,True,32,37,52.6806,0.306588,review,transcription_not_human_verified,W001
W001_P003_0079,crops_raw/W001_P003_0079.png,page_003.png,W001,81,474,193,535,វិញទៅមក,វិញទៅមក,0.94,0.95,True,pending,,data/handwritten_external/W001/metadata.csv,443,/Users/macbookpro/Desktop/Development/khmer-handwritten-word-recognition/data/handwritten_external/W001/crops_processed/W001_P003_0079.png,វិញទៅមក,7,True,112,61,56.4601,0.297131,review,transcription_not_human_verified,W001
W001_P003_0080,crops_raw/W001_P003_0080.png,page_003.png,W001,183,491,321,534,ដោយផ្អែកទៅលើ,ដោយផ្អែកទៅលើ,0.92,0.95,True,pending,,data/handwritten_external/W001/metadata.csv,444,/Users/macbookpro/Desktop/Development/khmer-handwritten-word-recognition/data/handwritten_external/W001/crops_processed/W001_P003_0080.png,ដោយផ្អែកទៅលើ,12,True,138,43,53.9622,0.272497,review,transcription_not_human_verified,W001
W001_P003_0081,crops_raw/W001_P003_0081.png,page_003.png,W001,342,490,423,523,ជីវិតការរស់នៅ,ជីវិតការរស់នៅ,0.93,0.95,True,pending,,data/handwritten_external/W001/metadata.csv,445,/Users/macbookpro/Desktop/Development/khmer-handwritten-word-recognition/data/handwritten_external/W001/crops_processed/W001_P003_0081.png,ជីវិតការរស់នៅ,13,True,81,33,51.5443,0.279461,review,transcription_not_human_verified,W001
W001_P003_0082,crops_raw/W001_P003_0082.png,page_003.png,W001,538,496,606,522,របស់ពួកគេ,របស់ពួកគេ,0.94,0.95,True,pending,,data/handwritten_external/W001/metadata.csv,446,/Users/macbookpro/Desktop/Development/khmer-handwritten-word-recognition/data/handwritten_external/W001/crops_processed/W001_P003_0082.png,របស់ពួកគេ,9,True,68,26,58.6178,0.284502,review,transcription_not_human_verified,W001
W001_P003_0083,crops_raw/W001_P003_0083.png,page_003.png,W001,605,491,656,522,។,។,0.97,0.95,True,pending,,data/handwritten_external/W001/metadata.csv,447,/Users/macbookpro/Desktop/Development/khmer-handwritten-word-recognition/data/handwritten_external/W001/crops_processed/W001_P003_0083.png,។,1,True,51,31,57.2939,0.29728,review,transcription_not_human_verified,W001
W001_P003_0084,crops_raw/W001_P003_0084.png,page_003.png,W001,81,518,164,558,ការជួយ,ការជួយ,0.95,0.85,True,pending,,data/handwritten_external/W001/metadata.csv,448,/Users/macbookpro/Desktop/Development/khmer-handwritten-word-recognition/data/handwritten_external/W001/crops_processed/W001_P003_0084.png,ការជួយ,6,True,83,40,40.8853,0.199699,review,transcription_not_human_verified,W001
W001_P003_0085,crops_raw/W001_P003_0085.png,page_003.png,W001,151,518,294,558,បានផ្អែកទៅលើ,បានផ្អែកទៅលើ,0.92,0.85,True,pending,,data/handwritten_external/W001/metadata.csv,449,/Users/macbookpro/Desktop/Development/khmer-handwritten-word-recognition/data/handwritten_external/W001/crops_processed/W001_P003_0085.png,បានផ្អែកទៅលើ,12,True,143,40,49.7869,0.257867,review,transcription_not_human_verified,W001
W001_P003_0086,crops_raw/W001_P003_0086.png,page_003.png,W001,282,512,425,556,ចំណុចធំៗ,ចំណុចធំៗ,0.95,0.95,True,pending,,data/handwritten_external/W001/metadata.csv,450,/Users/macbookpro/Desktop/Development/khmer-handwritten-word-recognition/data/handwritten_external/W001/crops_processed/W001_P003_0086.png,ចំណុចធំៗ,8,True,143,44,56.5926,0.283058,review,transcription_not_human_verified,W001
W001_P003_0087,crops_raw/W001_P003_0087.png,page_003.png,W001,414,514,447,548,គឺ...,គឺ...,0.95,0.8,True,pending,narrow component,data/handwritten_external/W001/metadata.csv,451,/Users/macbookpro/Desktop/Development/khmer-handwritten-word-recognition/data/handwritten_external/W001/crops_processed/W001_P003_0087.png,គឺ...,5,True,33,34,53.4677,0.340463,review,transcription_not_human_verified,W001
W001_P003_0088,crops_raw/W001_P003_0088.png,page_003.png,W001,442,521,547,557,ការជួយដោយផ្លូវកាយផ្លូវ...,ការជួយដោយផ្លូវកាយផ្លូវ...,0.9,0.95,True,pending,,data/handwritten_external/W001/metadata.csv,452,/Users/macbookpro/Desktop/Development/khmer-handwritten-word-recognition/data/handwritten_external/W001/crops_processed/W001_P003_0088.png,ការជួយដោយផ្លូវកាយផ្លូវ...,25,True,105,36,45.3053,0.216931,review,transcription_not_human_verified,W001
W001_P003_0091,crops_raw/W001_P003_0091.png,page_003.png,W001,81,538,276,584,ចិត្ត,ចិត្ត,0.96,0.85,True,pending,"Claude cross-check: crop is 195px wide, much wider than other short-word crops (~45-60px) -- likely contains more than just chett alone; probable segmentation issue, worth a close look before trusting this label.",data/handwritten_external/W001/metadata.csv,455,/Users/macbookpro/Desktop/Development/khmer-handwritten-word-recognition/data/handwritten_external/W001/crops_processed/W001_P003_0091.png,ចិត្ត,5,True,195,46,58.1685,0.309142,review,transcription_not_human_verified,W001
W001_P003_0092,crops_raw/W001_P003_0092.png,page_003.png,W001,268,548,341,583,និងការជួយដោយ,និងការជួយដោយ,0.93,0.85,True,pending,,data/handwritten_external/W001/metadata.csv,456,/Users/macbookpro/Desktop/Development/khmer-handwritten-word-recognition/data/handwritten_external/W001/crops_processed/W001_P003_0092.png,និងការជួយដោយ,12,True,73,35,43.386,0.210568,review,transcription_not_human_verified,W001
W001_P003_0093,crops_raw/W001_P003_0093.png,page_003.png,W001,348,547,411,584,សម្ភារៈ...,សម្ភារៈ...,0.95,0.85,True,pending,,data/handwritten_external/W001/metadata.csv,457,/Users/macbookpro/Desktop/Development/khmer-handwritten-word-recognition/data/handwritten_external/W001/crops_processed/W001_P003_0093.png,សម្ភារៈ...,10,True,63,37,50.1751,0.248391,review,transcription_not_human_verified,W001
W001_P003_0095,crops_raw/W001_P003_0095.png,page_003.png,W001,81,565,179,602,ជាដើម,ជាដើម,0.96,0.95,True,pending,,data/handwritten_external/W001/metadata.csv,459,/Users/macbookpro/Desktop/Development/khmer-handwritten-word-recognition/data/handwritten_external/W001/crops_processed/W001_P003_0095.png,ជាដើម,5,True,98,37,48.881,0.264755,review,transcription_not_human_verified,W001
W001_P003_0096,crops_raw/W001_P003_0096.png,page_003.png,W001,175,577,201,599,។,។,0.97,0.8,True,pending,narrow component,data/handwritten_external/W001/metadata.csv,460,/Users/macbookpro/Desktop/Development/khmer-handwritten-word-recognition/data/handwritten_external/W001/crops_processed/W001_P003_0096.png,។,1,True,26,22,50.3054,0.451049,review,transcription_not_human_verified,W001
W001_P003_0097,crops_raw/W001_P003_0097.png,page_003.png,W001,210,571,304,611,ការជួយ,ការជួយ,0.95,0.95,True,pending,,data/handwritten_external/W001/metadata.csv,461,/Users/macbookpro/Desktop/Development/khmer-handwritten-word-recognition/data/handwritten_external/W001/crops_processed/W001_P003_0097.png,ការជួយ,6,True,94,40,42.7899,0.200532,review,transcription_not_human_verified,W001
W001_P003_0098,crops_raw/W001_P003_0098.png,page_003.png,W001,305,574,393,611,និង,និង,0.96,0.95,True,pending,,data/handwritten_external/W001/metadata.csv,462,/Users/macbookpro/Desktop/Development/khmer-handwritten-word-recognition/data/handwritten_external/W001/crops_processed/W001_P003_0098.png,និង,3,True,88,37,45.7338,0.244779,review,transcription_not_human_verified,W001
W001_P003_0099,crops_raw/W001_P003_0099.png,page_003.png,W001,383,571,475,599,ការដឹងគុណ,ការដឹងគុណ,0.94,0.95,True,pending,,data/handwritten_external/W001/metadata.csv,463,/Users/macbookpro/Desktop/Development/khmer-handwritten-word-recognition/data/handwritten_external/W001/crops_processed/W001_P003_0099.png,ការដឹងគុណ,9,True,92,28,50.3751,0.239907,review,transcription_not_human_verified,W001
W001_P003_0100,crops_raw/W001_P003_0100.png,page_003.png,W001,463,568,494,598,បែបនោះគឺ...,បែបនោះគឺ...,0.93,0.8,True,pending,narrow component,data/handwritten_external/W001/metadata.csv,464,/Users/macbookpro/Desktop/Development/khmer-handwritten-word-recognition/data/handwritten_external/W001/crops_processed/W001_P003_0100.png,បែបនោះគឺ...,11,True,31,30,66.3539,0.446237,review,transcription_not_human_verified,W001
W001_P003_0101,crops_raw/W001_P003_0101.png,page_003.png,W001,492,576,530,601,ជាអំពើមួយ...,ជាអំពើមួយ...,0.92,0.95,True,pending,,data/handwritten_external/W001/metadata.csv,465,/Users/macbookpro/Desktop/Development/khmer-handwritten-word-recognition/data/handwritten_external/W001/crops_processed/W001_P003_0101.png,ជាអំពើមួយ...,12,True,38,25,57.4296,0.332632,review,transcription_not_human_verified,W001
W001_P003_0102,crops_raw/W001_P003_0102.png,page_003.png,W001,561,575,619,607,ដែលមនុ,ដែលមនុ,0.93,0.95,True,pending,,data/handwritten_external/W001/metadata.csv,466,/Users/macbookpro/Desktop/Development/khmer-handwritten-word-recognition/data/handwritten_external/W001/crops_processed/W001_P003_0102.png,ដែលមនុ,6,True,58,32,52.8326,0.269397,review,transcription_not_human_verified,W001
W001_P003_0104,crops_raw/W001_P003_0104.png,page_003.png,W001,81,602,125,633,ស្សក្នុងសកលលោកគិត,ស្សក្នុងសកលលោកគិត,0.9,0.95,True,pending,,data/handwritten_external/W001/metadata.csv,468,/Users/macbookpro/Desktop/Development/khmer-handwritten-word-recognition/data/handwritten_external/W001/crops_processed/W001_P003_0104.png,ស្សក្នុងសកលលោកគិត,17,True,44,31,54.9662,0.332111,review,transcription_not_human_verified,W001
W001_P003_0105,crops_raw/W001_P003_0105.png,page_003.png,W001,125,600,271,625,គឺ,គឺ,0.97,0.95,True,pending,,data/handwritten_external/W001/metadata.csv,469,/Users/macbookpro/Desktop/Development/khmer-handwritten-word-recognition/data/handwritten_external/W001/crops_processed/W001_P003_0105.png,គឺ,2,True,146,25,46.855,0.256712,review,transcription_not_human_verified,W001
W001_P003_0106,crops_raw/W001_P003_0106.png,page_003.png,W001,264,575,425,633,ជា,ជា,0.96,0.95,True,pending,,data/handwritten_external/W001/metadata.csv,470,/Users/macbookpro/Desktop/Development/khmer-handwritten-word-recognition/data/handwritten_external/W001/crops_processed/W001_P003_0106.png,ជា,2,True,161,58,57.0576,0.315378,review,transcription_not_human_verified,W001
W001_P003_0107,crops_raw/W001_P003_0107.png,page_003.png,W001,413,593,482,630,វិញ្ញាសា,វិញ្ញាសា,0.95,0.95,True,pending,,data/handwritten_external/W001/metadata.csv,471,/Users/macbookpro/Desktop/Development/khmer-handwritten-word-recognition/data/handwritten_external/W001/crops_processed/W001_P003_0107.png,វិញ្ញាសា,8,True,69,37,46.2917,0.204074,review,transcription_not_human_verified,W001
W001_P003_0108,crops_raw/W001_P003_0108.png,page_003.png,W001,470,595,535,623,ដ៏ធំមួយ,ដ៏ធំមួយ,0.94,0.95,True,pending,,data/handwritten_external/W001/metadata.csv,472,/Users/macbookpro/Desktop/Development/khmer-handwritten-word-recognition/data/handwritten_external/W001/crops_processed/W001_P003_0108.png,ដ៏ធំមួយ,7,True,65,28,55.7235,0.258242,review,transcription_not_human_verified,W001
W001_P003_0109,crops_raw/W001_P003_0109.png,page_003.png,W001,526,595,589,632,ដែលនាំឆ្ពោះ,ដែលនាំឆ្ពោះ,0.93,0.95,True,pending,,data/handwritten_external/W001/metadata.csv,473,/Users/macbookpro/Desktop/Development/khmer-handwritten-word-recognition/data/handwritten_external/W001/crops_processed/W001_P003_0109.png,ដែលនាំឆ្ពោះ,11,True,63,37,53.73,0.238524,review,transcription_not_human_verified,W001
W001_P003_0110,crops_raw/W001_P003_0110.png,page_003.png,W001,577,599,599,623,ទៅរកភាព...,ទៅរកភាព...,0.93,0.8,True,pending,narrow component,data/handwritten_external/W001/metadata.csv,474,/Users/macbookpro/Desktop/Development/khmer-handwritten-word-recognition/data/handwritten_external/W001/crops_processed/W001_P003_0110.png,ទៅរកភាព...,10,True,22,24,56.7781,0.513258,review,transcription_not_human_verified,W001
W001_P003_0114,crops_raw/W001_P003_0114.png,page_003.png,W001,81,627,122,671,សុខសាន្ត...,សុខសាន្ត...,0.93,0.95,True,pending,,data/handwritten_external/W001/metadata.csv,478,/Users/macbookpro/Desktop/Development/khmer-handwritten-word-recognition/data/handwritten_external/W001/crops_processed/W001_P003_0114.png,សុខសាន្ត...,11,True,41,44,55.8565,0.350333,review,transcription_not_human_verified,W001
W001_P003_0115,crops_raw/W001_P003_0115.png,page_003.png,W001,112,601,166,652,និងជាការប្រព្រឹត្ត,និងជាការប្រព្រឹត្ត,0.92,0.95,True,pending,,data/handwritten_external/W001/metadata.csv,479,/Users/macbookpro/Desktop/Development/khmer-handwritten-word-recognition/data/handwritten_external/W001/crops_processed/W001_P003_0115.png,និងជាការប្រព្រឹត្ត,18,True,54,51,56.6016,0.298475,review,transcription_not_human_verified,W001
W001_P003_0116,crops_raw/W001_P003_0116.png,page_003.png,W001,189,619,233,650,អំពើល្អ,អំពើល្អ,0.95,0.95,True,pending,,data/handwritten_external/W001/metadata.csv,480,/Users/macbookpro/Desktop/Development/khmer-handwritten-word-recognition/data/handwritten_external/W001/crops_processed/W001_P003_0116.png,អំពើល្អ,7,True,44,31,51.2737,0.278592,review,transcription_not_human_verified,W001
W001_P003_0117,crops_raw/W001_P003_0117.png,page_003.png,W001,222,619,341,662,ប្រពៃមួយ...,ប្រពៃមួយ...,0.93,0.95,True,pending,,data/handwritten_external/W001/metadata.csv,481,/Users/macbookpro/Desktop/Development/khmer-handwritten-word-recognition/data/handwritten_external/W001/crops_processed/W001_P003_0117.png,ប្រពៃមួយ...,11,True,119,43,53.0265,0.237835,review,transcription_not_human_verified,W001
W001_P003_0118,crops_raw/W001_P003_0118.png,page_003.png,W001,331,615,540,660,។,។,0.97,0.95,True,pending,,data/handwritten_external/W001/metadata.csv,482,/Users/macbookpro/Desktop/Development/khmer-handwritten-word-recognition/data/handwritten_external/W001/crops_processed/W001_P003_0118.png,។,1,True,209,45,53.5526,0.274747,review,transcription_not_human_verified,W001
W001_P003_0119,crops_raw/W001_P003_0119.png,page_003.png,W001,528,627,554,648,ព្រះពុទ្ធ,ព្រះពុទ្ធ,0.96,0.8,True,pending,narrow component,data/handwritten_external/W001/metadata.csv,483,/Users/macbookpro/Desktop/Development/khmer-handwritten-word-recognition/data/handwritten_external/W001/crops_processed/W001_P003_0119.png,ព្រះពុទ្ធ,9,True,26,21,53.7464,0.340659,review,transcription_not_human_verified,W001
W001_P003_0120,crops_raw/W001_P003_0120.png,page_003.png,W001,586,626,608,648,ជាព្រះ,ជាព្រះ,0.95,0.8,True,pending,narrow component,data/handwritten_external/W001/metadata.csv,484,/Users/macbookpro/Desktop/Development/khmer-handwritten-word-recognition/data/handwritten_external/W001/crops_processed/W001_P003_0120.png,ជាព្រះ,6,True,22,22,64.403,0.456612,review,transcription_not_human_verified,W001
W001_P003_0123,crops_raw/W001_P003_0123.png,page_003.png,W001,81,641,166,688,បរមគ្រូ,បរមគ្រូ,0.95,0.95,True,pending,,data/handwritten_external/W001/metadata.csv,487,/Users/macbookpro/Desktop/Development/khmer-handwritten-word-recognition/data/handwritten_external/W001/crops_processed/W001_P003_0123.png,បរមគ្រូ,7,True,85,47,44.6898,0.236045,review,transcription_not_human_verified,W001
W001_P003_0124,crops_raw/W001_P003_0124.png,page_003.png,W001,159,650,202,684,បានអប់រំដាស់តឿន,បានអប់រំដាស់តឿន,0.92,0.95,True,pending,,data/handwritten_external/W001/metadata.csv,488,/Users/macbookpro/Desktop/Development/khmer-handwritten-word-recognition/data/handwritten_external/W001/crops_processed/W001_P003_0124.png,បានអប់រំដាស់តឿន,15,True,43,34,47.6209,0.245554,review,transcription_not_human_verified,W001
W001_P003_0125,crops_raw/W001_P003_0125.png,page_003.png,W001,194,645,419,685,ដល់ពុទ្ធសាសនិក,ដល់ពុទ្ធសាសនិក,0.93,0.95,True,pending,,data/handwritten_external/W001/metadata.csv,489,/Users/macbookpro/Desktop/Development/khmer-handwritten-word-recognition/data/handwritten_external/W001/crops_processed/W001_P003_0125.png,ដល់ពុទ្ធសាសនិក,14,True,225,40,53.3404,0.250778,review,transcription_not_human_verified,W001
W001_P003_0126,crops_raw/W001_P003_0126.png,page_003.png,W001,414,644,545,700,ឱ្យស្គាល់នូវអំពើ...,ឱ្យស្គាល់នូវអំពើ...,0.91,0.95,True,pending,,data/handwritten_external/W001/metadata.csv,490,/Users/macbookpro/Desktop/Development/khmer-handwritten-word-recognition/data/handwritten_external/W001/crops_processed/W001_P003_0126.png,ឱ្យស្គាល់នូវអំពើ...,19,True,131,56,57.8785,0.301663,review,transcription_not_human_verified,W001
W001_P003_0128,crops_raw/W001_P003_0128.png,page_003.png,W001,81,676,188,715,អបាយមុខ,អបាយមុខ,0.95,0.95,True,pending,,data/handwritten_external/W001/metadata.csv,492,/Users/macbookpro/Desktop/Development/khmer-handwritten-word-recognition/data/handwritten_external/W001/crops_processed/W001_P003_0128.png,អបាយមុខ,7,True,107,39,46.6037,0.229571,review,transcription_not_human_verified,W001
W001_P003_0129,crops_raw/W001_P003_0129.png,page_003.png,W001,188,674,297,711,ទាំងឡាយ...,ទាំងឡាយ...,0.94,0.95,True,pending,,data/handwritten_external/W001/metadata.csv,493,/Users/macbookpro/Desktop/Development/khmer-handwritten-word-recognition/data/handwritten_external/W001/crops_processed/W001_P003_0129.png,ទាំងឡាយ...,10,True,109,37,47.1008,0.213985,review,transcription_not_human_verified,W001
W001_P003_0130,crops_raw/W001_P003_0130.png,page_003.png,W001,300,676,378,701,ដោយសារតែ,ដោយសារតែ,0.94,0.95,True,pending,,data/handwritten_external/W001/metadata.csv,494,/Users/macbookpro/Desktop/Development/khmer-handwritten-word-recognition/data/handwritten_external/W001/crops_processed/W001_P003_0130.png,ដោយសារតែ,8,True,78,25,52.89,0.257949,review,transcription_not_human_verified,W001
W001_P003_0131,crops_raw/W001_P003_0131.png,page_003.png,W001,366,678,401,710,ការធ្វើ,ការធ្វើ,0.95,0.95,True,pending,,data/handwritten_external/W001/metadata.csv,495,/Users/macbookpro/Desktop/Development/khmer-handwritten-word-recognition/data/handwritten_external/W001/crops_processed/W001_P003_0131.png,ការធ្វើ,7,True,35,32,59.2377,0.400893,review,transcription_not_human_verified,W001
W001_P003_0132,crops_raw/W001_P003_0132.png,page_003.png,W001,389,677,413,700,អាជីវកម្ម,អាជីវកម្ម,0.95,0.8,True,pending,narrow component,data/handwritten_external/W001/metadata.csv,496,/Users/macbookpro/Desktop/Development/khmer-handwritten-word-recognition/data/handwritten_external/W001/crops_processed/W001_P003_0132.png,អាជីវកម្ម,9,True,24,23,59.5198,0.476449,review,transcription_not_human_verified,W001
W001_P003_0133,crops_raw/W001_P003_0133.png,page_003.png,W001,402,678,432,700,ផ្សេងៗ...,ផ្សេងៗ...,0.95,0.8,True,pending,narrow component,data/handwritten_external/W001/metadata.csv,497,/Users/macbookpro/Desktop/Development/khmer-handwritten-word-recognition/data/handwritten_external/W001/crops_processed/W001_P003_0133.png,ផ្សេងៗ...,9,True,30,22,64.9352,0.434848,review,transcription_not_human_verified,W001
W001_P003_0134,crops_raw/W001_P003_0134.png,page_003.png,W001,447,669,580,708,។,។,0.97,0.95,True,pending,,data/handwritten_external/W001/metadata.csv,498,/Users/macbookpro/Desktop/Development/khmer-handwritten-word-recognition/data/handwritten_external/W001/crops_processed/W001_P003_0134.png,។,1,True,133,39,50.5472,0.21149,review,transcription_not_human_verified,W001
W001_P003_0136,crops_raw/W001_P003_0136.png,page_003.png,W001,81,697,155,728,ចំណែក,ចំណែក,0.95,0.95,True,pending,,data/handwritten_external/W001/metadata.csv,500,/Users/macbookpro/Desktop/Development/khmer-handwritten-word-recognition/data/handwritten_external/W001/crops_processed/W001_P003_0136.png,ចំណែក,5,True,74,31,53.371,0.245423,review,transcription_not_human_verified,W001
W001_P003_0137,crops_raw/W001_P003_0137.png,page_003.png,W001,146,695,288,727,ឯគោលដៅ,ឯគោលដៅ,0.94,0.95,True,pending,,data/handwritten_external/W001/metadata.csv,501,/Users/macbookpro/Desktop/Development/khmer-handwritten-word-recognition/data/handwritten_external/W001/crops_processed/W001_P003_0137.png,ឯគោលដៅ,6,True,142,32,49.9207,0.197403,review,transcription_not_human_verified,W001
W001_P003_0138,crops_raw/W001_P003_0138.png,page_003.png,W001,277,693,370,736,របស់ព្រះពុទ្ធសាសនា,របស់ព្រះពុទ្ធសាសនា,0.94,0.95,True,pending,,data/handwritten_external/W001/metadata.csv,502,/Users/macbookpro/Desktop/Development/khmer-handwritten-word-recognition/data/handwritten_external/W001/crops_processed/W001_P003_0138.png,របស់ព្រះពុទ្ធសាសនា,18,True,93,43,41.4375,0.179045,review,transcription_not_human_verified,W001
W001_P003_0139,crops_raw/W001_P003_0139.png,page_003.png,W001,363,696,411,734,ទី២,ទី២,0.95,0.95,True,pending,,data/handwritten_external/W001/metadata.csv,503,/Users/macbookpro/Desktop/Development/khmer-handwritten-word-recognition/data/handwritten_external/W001/crops_processed/W001_P003_0139.png,ទី២,3,True,48,38,55.8849,0.285088,review,transcription_not_human_verified,W001
W001_P003_0140,crops_raw/W001_P003_0140.png,page_003.png,W001,401,691,570,727,នោះគឺ...,នោះគឺ...,0.94,0.95,True,pending,,data/handwritten_external/W001/metadata.csv,504,/Users/macbookpro/Desktop/Development/khmer-handwritten-word-recognition/data/handwritten_external/W001/crops_processed/W001_P003_0140.png,នោះគឺ...,8,True,169,36,55.8137,0.274162,review,transcription_not_human_verified,W001
W001_P003_0141,crops_raw/W001_P003_0141.png,page_003.png,W001,562,690,596,724,សេចក្តីឱ្យ,សេចក្តីឱ្យ,0.94,0.95,True,pending,,data/handwritten_external/W001/metadata.csv,505,/Users/macbookpro/Desktop/Development/khmer-handwritten-word-recognition/data/handwritten_external/W001/crops_processed/W001_P003_0141.png,សេចក្តីឱ្យ,10,True,34,34,60.4005,0.388408,review,transcription_not_human_verified,W001
W001_P003_0144,crops_raw/W001_P003_0144.png,page_003.png,W001,81,726,239,762,បានស្អាតស្អំ,បានស្អាតស្អំ,0.93,0.95,True,pending,,data/handwritten_external/W001/metadata.csv,508,/Users/macbookpro/Desktop/Development/khmer-handwritten-word-recognition/data/handwritten_external/W001/crops_processed/W001_P003_0144.png,បានស្អាតស្អំ,12,True,158,36,52.4135,0.286744,review,transcription_not_human_verified,W001
W001_P003_0145,crops_raw/W001_P003_0145.png,page_003.png,W001,228,721,325,752,ស្រស់បវរ...,ស្រស់បវរ...,0.93,0.85,True,pending,,data/handwritten_external/W001/metadata.csv,509,/Users/macbookpro/Desktop/Development/khmer-handwritten-word-recognition/data/handwritten_external/W001/crops_processed/W001_P003_0145.png,ស្រស់បវរ...,11,True,97,31,51.188,0.211174,review,transcription_not_human_verified,W001
W001_P003_0146,crops_raw/W001_P003_0146.png,page_003.png,W001,312,721,402,752,លើអំពើល្អទាំងឡាយ...,លើអំពើល្អទាំងឡាយ...,0.91,0.85,True,pending,,data/handwritten_external/W001/metadata.csv,510,/Users/macbookpro/Desktop/Development/khmer-handwritten-word-recognition/data/handwritten_external/W001/crops_processed/W001_P003_0146.png,លើអំពើល្អទាំងឡាយ...,19,True,90,31,53.9493,0.27491,review,transcription_not_human_verified,W001
W001_P003_0147,crops_raw/W001_P003_0147.png,page_003.png,W001,392,723,550,760,មានន័យថា,មានន័យថា,0.94,0.95,True,pending,,data/handwritten_external/W001/metadata.csv,511,/Users/macbookpro/Desktop/Development/khmer-handwritten-word-recognition/data/handwritten_external/W001/crops_processed/W001_P003_0147.png,មានន័យថា,8,True,158,37,53.0269,0.261033,review,transcription_not_human_verified,W001
W001_P003_0148,crops_raw/W001_P003_0148.png,page_003.png,W001,553,718,659,751,ការ,ការ,0.96,0.95,True,pending,,data/handwritten_external/W001/metadata.csv,512,/Users/macbookpro/Desktop/Development/khmer-handwritten-word-recognition/data/handwritten_external/W001/crops_processed/W001_P003_0148.png,ការ,3,True,106,33,40.1029,0.18239,review,transcription_not_human_verified,W001
W001_P003_0150,crops_raw/W001_P003_0150.png,page_003.png,W001,81,742,192,790,រៀបចំឱ្យស្គាល់នូវ,រៀបចំឱ្យស្គាល់នូវ,0.92,0.95,True,pending,,data/handwritten_external/W001/metadata.csv,514,/Users/macbookpro/Desktop/Development/khmer-handwritten-word-recognition/data/handwritten_external/W001/crops_processed/W001_P003_0150.png,រៀបចំឱ្យស្គាល់នូវ,17,True,111,48,54.5917,0.298048,review,transcription_not_human_verified,W001
W001_P003_0151,crops_raw/W001_P003_0151.png,page_003.png,W001,187,748,353,791,អំពើអបាយមុខ,អំពើអបាយមុខ,0.93,0.95,True,pending,,data/handwritten_external/W001/metadata.csv,515,/Users/macbookpro/Desktop/Development/khmer-handwritten-word-recognition/data/handwritten_external/W001/crops_processed/W001_P003_0151.png,អំពើអបាយមុខ,11,True,166,43,53.144,0.253713,review,transcription_not_human_verified,W001
W001_P003_0152,crops_raw/W001_P003_0152.png,page_003.png,W001,347,742,394,776,ទាំងនេះគឺ...,ទាំងនេះគឺ...,0.93,0.95,True,pending,,data/handwritten_external/W001/metadata.csv,516,/Users/macbookpro/Desktop/Development/khmer-handwritten-word-recognition/data/handwritten_external/W001/crops_processed/W001_P003_0152.png,ទាំងនេះគឺ...,12,True,47,34,57.8919,0.336671,review,transcription_not_human_verified,W001
W001_P003_0153,crops_raw/W001_P003_0153.png,page_003.png,W001,388,746,428,777,ល្បែងស៊ីសង,ល្បែងស៊ីសង,0.94,0.95,True,pending,,data/handwritten_external/W001/metadata.csv,517,/Users/macbookpro/Desktop/Development/khmer-handwritten-word-recognition/data/handwritten_external/W001/crops_processed/W001_P003_0153.png,ល្បែងស៊ីសង,10,True,40,31,51.6526,0.282258,review,transcription_not_human_verified,W001
W001_P003_0154,crops_raw/W001_P003_0154.png,page_003.png,W001,419,742,456,777,និង,និង,0.96,0.95,True,pending,,data/handwritten_external/W001/metadata.csv,518,/Users/macbookpro/Desktop/Development/khmer-handwritten-word-recognition/data/handwritten_external/W001/crops_processed/W001_P003_0154.png,និង,3,True,37,35,57.3176,0.343629,review,transcription_not_human_verified,W001
W001_P003_0158,crops_raw/W001_P003_0158.png,page_003.png,W001,81,772,149,810,ផ្សេងៗ,ផ្សេងៗ,0.96,0.95,True,pending,,data/handwritten_external/W001/metadata.csv,522,/Users/macbookpro/Desktop/Development/khmer-handwritten-word-recognition/data/handwritten_external/W001/crops_processed/W001_P003_0158.png,ផ្សេងៗ,6,True,68,38,49.6672,0.232585,review,transcription_not_human_verified,W001
W001_P003_0159,crops_raw/W001_P003_0159.png,page_003.png,W001,159,768,240,803,ជាដើម...,ជាដើម...,0.94,0.95,True,pending,,data/handwritten_external/W001/metadata.csv,523,/Users/macbookpro/Desktop/Development/khmer-handwritten-word-recognition/data/handwritten_external/W001/crops_processed/W001_P003_0159.png,ជាដើម...,8,True,81,35,50.8805,0.279718,review,transcription_not_human_verified,W001
W001_P003_0160,crops_raw/W001_P003_0160.png,page_003.png,W001,242,772,318,813,ផងដែរ,ផងដែរ,0.95,0.95,True,pending,,data/handwritten_external/W001/metadata.csv,524,/Users/macbookpro/Desktop/Development/khmer-handwritten-word-recognition/data/handwritten_external/W001/crops_processed/W001_P003_0160.png,ផងដែរ,5,True,76,41,43.5845,0.19095,review,transcription_not_human_verified,W001
W001_P003_0161,crops_raw/W001_P003_0161.png,page_003.png,W001,314,771,433,826,ន័យថា,ន័យថា,0.95,0.95,True,pending,,data/handwritten_external/W001/metadata.csv,525,/Users/macbookpro/Desktop/Development/khmer-handwritten-word-recognition/data/handwritten_external/W001/crops_processed/W001_P003_0161.png,ន័យថា,5,True,119,55,54.77,0.281742,review,transcription_not_human_verified,W001
W001_P003_0162,crops_raw/W001_P003_0162.png,page_003.png,W001,429,776,483,812,ត្រូវបោះបង់ចោល...,ត្រូវបោះបង់ចោល...,0.92,0.95,True,pending,,data/handwritten_external/W001/metadata.csv,526,/Users/macbookpro/Desktop/Development/khmer-handwritten-word-recognition/data/handwritten_external/W001/crops_processed/W001_P003_0162.png,ត្រូវបោះបង់ចោល...,17,True,54,36,46.5506,0.21142,review,transcription_not_human_verified,W001
W001_P003_0163,crops_raw/W001_P003_0163.png,page_003.png,W001,472,777,516,801,នូវគំនិត,នូវគំនិត,0.94,0.95,True,pending,,data/handwritten_external/W001/metadata.csv,527,/Users/macbookpro/Desktop/Development/khmer-handwritten-word-recognition/data/handwritten_external/W001/crops_processed/W001_P003_0163.png,នូវគំនិត,8,True,44,24,57.0479,0.372159,review,transcription_not_human_verified,W001
W001_P003_0164,crops_raw/W001_P003_0164.png,page_003.png,W001,509,776,577,801,ទុច្ចរិត,ទុច្ចរិត,0.94,0.95,True,pending,,data/handwritten_external/W001/metadata.csv,528,/Users/macbookpro/Desktop/Development/khmer-handwritten-word-recognition/data/handwritten_external/W001/crops_processed/W001_P003_0164.png,ទុច្ចរិត,8,True,68,25,57.2771,0.306471,review,transcription_not_human_verified,W001
W001_P003_0167,crops_raw/W001_P003_0167.png,page_003.png,W001,81,795,152,828,ការផឹកស៊ី...,ការផឹកស៊ី...,0.93,0.95,True,pending,,data/handwritten_external/W001/metadata.csv,531,/Users/macbookpro/Desktop/Development/khmer-handwritten-word-recognition/data/handwritten_external/W001/crops_processed/W001_P003_0167.png,ការផឹកស៊ី...,12,True,71,33,54.701,0.256509,review,transcription_not_human_verified,W001
W001_P003_0168,crops_raw/W001_P003_0168.png,page_003.png,W001,140,803,199,828,និង,និង,0.96,0.95,True,pending,,data/handwritten_external/W001/metadata.csv,532,/Users/macbookpro/Desktop/Development/khmer-handwritten-word-recognition/data/handwritten_external/W001/crops_processed/W001_P003_0168.png,និង,3,True,59,25,53.6796,0.296949,review,transcription_not_human_verified,W001
W001_P003_0169,crops_raw/W001_P003_0169.png,page_003.png,W001,201,795,248,827,ការលេងល្បែង...,ការលេងល្បែង...,0.93,0.95,True,pending,,data/handwritten_external/W001/metadata.csv,533,/Users/macbookpro/Desktop/Development/khmer-handwritten-word-recognition/data/handwritten_external/W001/crops_processed/W001_P003_0169.png,ការលេងល្បែង...,14,True,47,32,46.5168,0.232713,review,transcription_not_human_verified,W001
W001_P003_0170,crops_raw/W001_P003_0170.png,page_003.png,W001,244,793,390,832,អាបាយមុខ...,អាបាយមុខ...,0.93,0.95,True,pending,,data/handwritten_external/W001/metadata.csv,534,/Users/macbookpro/Desktop/Development/khmer-handwritten-word-recognition/data/handwritten_external/W001/crops_processed/W001_P003_0170.png,អាបាយមុខ...,11,True,146,39,50.6283,0.257288,review,transcription_not_human_verified,W001
W001_P003_0171,crops_raw/W001_P003_0171.png,page_003.png,W001,408,804,448,827,ជាដើមនោះ...,ជាដើមនោះ...,0.93,0.8,True,pending,narrow component,data/handwritten_external/W001/metadata.csv,535,/Users/macbookpro/Desktop/Development/khmer-handwritten-word-recognition/data/handwritten_external/W001/crops_processed/W001_P003_0171.png,ជាដើមនោះ...,11,True,40,23,60.9634,0.390217,review,transcription_not_human_verified,W001
W001_P003_0172,crops_raw/W001_P003_0172.png,page_003.png,W001,449,803,486,827,វាជា,វាជា,0.95,0.95,True,pending,,data/handwritten_external/W001/metadata.csv,536,/Users/macbookpro/Desktop/Development/khmer-handwritten-word-recognition/data/handwritten_external/W001/crops_processed/W001_P003_0172.png,វាជា,4,True,37,24,55.4599,0.347973,review,transcription_not_human_verified,W001
W001_P003_0177,crops_raw/W001_P003_0177.png,page_003.png,W001,81,824,142,855,អំពើអសីលធម៌មួយ,អំពើអសីលធម៌មួយ,0.92,0.85,True,pending,,data/handwritten_external/W001/metadata.csv,541,/Users/macbookpro/Desktop/Development/khmer-handwritten-word-recognition/data/handwritten_external/W001/crops_processed/W001_P003_0177.png,អំពើអសីលធម៌មួយ,14,True,61,31,56.4902,0.274458,review,transcription_not_human_verified,W001
W001_P003_0178,crops_raw/W001_P003_0178.png,page_003.png,W001,129,817,225,855,បើសិនណា,បើសិនណា,0.94,0.85,True,pending,,data/handwritten_external/W001/metadata.csv,542,/Users/macbookpro/Desktop/Development/khmer-handwritten-word-recognition/data/handwritten_external/W001/crops_processed/W001_P003_0178.png,បើសិនណា,7,True,96,38,50.48,0.259868,review,transcription_not_human_verified,W001
W001_P003_0179,crops_raw/W001_P003_0179.png,page_003.png,W001,249,819,377,853,យើងប្រព្រឹត្តនូវ...,យើងប្រព្រឹត្តនូវ...,0.92,0.95,True,pending,,data/handwritten_external/W001/metadata.csv,543,/Users/macbookpro/Desktop/Development/khmer-handwritten-word-recognition/data/handwritten_external/W001/crops_processed/W001_P003_0179.png,យើងប្រព្រឹត្តនូវ...,19,True,128,34,44.2645,0.216222,review,transcription_not_human_verified,W001
W001_P003_0180,crops_raw/W001_P003_0180.png,page_003.png,W001,367,820,510,858,អំពើបែបនោះ...,អំពើបែបនោះ...,0.92,0.95,True,pending,,data/handwritten_external/W001/metadata.csv,544,/Users/macbookpro/Desktop/Development/khmer-handwritten-word-recognition/data/handwritten_external/W001/crops_processed/W001_P003_0180.png,អំពើបែបនោះ...,13,True,143,38,47.3672,0.227273,review,transcription_not_human_verified,W001
W001_P003_0181,crops_raw/W001_P003_0181.png,page_003.png,W001,498,817,536,851,។,។,0.97,0.95,True,pending,,data/handwritten_external/W001/metadata.csv,545,/Users/macbookpro/Desktop/Development/khmer-handwritten-word-recognition/data/handwritten_external/W001/crops_processed/W001_P003_0181.png,។,1,True,38,34,50.6373,0.2887,review,transcription_not_human_verified,W001
W001_P003_0183,crops_raw/W001_P003_0183.png,page_003.png,W001,81,851,124,878,ការគ្មានចិត្ត,ការគ្មានចិត្ត,0.94,0.95,True,pending,,data/handwritten_external/W001/metadata.csv,547,/Users/macbookpro/Desktop/Development/khmer-handwritten-word-recognition/data/handwritten_external/W001/crops_processed/W001_P003_0183.png,ការគ្មានចិត្ត,13,True,43,27,59.3728,0.354866,review,transcription_not_human_verified,W001
W001_P003_0184,crops_raw/W001_P003_0184.png,page_003.png,W001,173,828,261,889,ចង់បំផ្លាញ,ចង់បំផ្លាញ,0.94,0.95,True,pending,,data/handwritten_external/W001/metadata.csv,548,/Users/macbookpro/Desktop/Development/khmer-handwritten-word-recognition/data/handwritten_external/W001/crops_processed/W001_P003_0184.png,ចង់បំផ្លាញ,10,True,88,61,56.7578,0.326751,review,transcription_not_human_verified,W001
W001_P003_0185,crops_raw/W001_P003_0185.png,page_003.png,W001,258,846,345,877,អ្នកដទៃឱ្យកើត,អ្នកដទៃឱ្យកើត,0.92,0.95,True,pending,,data/handwritten_external/W001/metadata.csv,549,/Users/macbookpro/Desktop/Development/khmer-handwritten-word-recognition/data/handwritten_external/W001/crops_processed/W001_P003_0185.png,អ្នកដទៃឱ្យកើត,13,True,87,31,51.5965,0.240267,review,transcription_not_human_verified,W001
W001_P003_0186,crops_raw/W001_P003_0186.png,page_003.png,W001,365,845,434,878,ទុក្ខសោកនោះ,ទុក្ខសោកនោះ,0.93,0.95,True,pending,,data/handwritten_external/W001/metadata.csv,550,/Users/macbookpro/Desktop/Development/khmer-handwritten-word-recognition/data/handwritten_external/W001/crops_processed/W001_P003_0186.png,ទុក្ខសោកនោះ,11,True,69,33,47.5881,0.209925,review,transcription_not_human_verified,W001
W001_P003_0187,crops_raw/W001_P003_0187.png,page_003.png,W001,430,850,527,889,នឹងនាំឆ្ពោះ,នឹងនាំឆ្ពោះ,0.93,0.95,True,pending,,data/handwritten_external/W001/metadata.csv,551,/Users/macbookpro/Desktop/Development/khmer-handwritten-word-recognition/data/handwritten_external/W001/crops_processed/W001_P003_0187.png,នឹងនាំឆ្ពោះ,11,True,97,39,46.0205,0.226804,review,transcription_not_human_verified,W001
W001_P003_0191,crops_raw/W001_P003_0191.png,page_003.png,W001,81,853,268,904,ទៅរកសេចក្តីស្ងប់...,ទៅរកសេចក្តីស្ងប់...,0.92,0.95,True,pending,,data/handwritten_external/W001/metadata.csv,555,/Users/macbookpro/Desktop/Development/khmer-handwritten-word-recognition/data/handwritten_external/W001/crops_processed/W001_P003_0191.png,ទៅរកសេចក្តីស្ងប់...,19,True,187,51,60.9482,0.335326,review,transcription_not_human_verified,W001
W001_P003_0192,crops_raw/W001_P003_0192.png,page_003.png,W001,260,866,288,892,។,។,0.97,0.8,True,pending,narrow component,data/handwritten_external/W001/metadata.csv,556,/Users/macbookpro/Desktop/Development/khmer-handwritten-word-recognition/data/handwritten_external/W001/crops_processed/W001_P003_0192.png,។,1,True,28,26,57.8245,0.346154,review,transcription_not_human_verified,W001
W001_P003_0193,crops_raw/W001_P003_0193.png,page_003.png,W001,289,878,314,902,ម្យ៉ាងទៀត,ម្យ៉ាងទៀត,0.95,0.8,True,pending,narrow component,data/handwritten_external/W001/metadata.csv,557,/Users/macbookpro/Desktop/Development/khmer-handwritten-word-recognition/data/handwritten_external/W001/crops_processed/W001_P003_0193.png,ម្យ៉ាងទៀត,9,True,25,24,50.4027,0.311667,review,transcription_not_human_verified,W001
W001_P003_0194,crops_raw/W001_P003_0194.png,page_003.png,W001,346,880,376,901,ព្រះពុទ្ធសាសនា,ព្រះពុទ្ធសាសនា,0.96,0.8,True,pending,narrow component,data/handwritten_external/W001/metadata.csv,558,/Users/macbookpro/Desktop/Development/khmer-handwritten-word-recognition/data/handwritten_external/W001/crops_processed/W001_P003_0194.png,ព្រះពុទ្ធសាសនា,14,True,30,21,64.7721,0.460317,review,transcription_not_human_verified,W001
W001_P003_0195,crops_raw/W001_P003_0195.png,page_003.png,W001,372,869,514,912,ដែលប,ដែលប,0.93,0.95,True,pending,,data/handwritten_external/W001/metadata.csv,559,/Users/macbookpro/Desktop/Development/khmer-handwritten-word-recognition/data/handwritten_external/W001/crops_processed/W001_P003_0195.png,ដែលប,4,True,142,43,54.9409,0.281526,review,transcription_not_human_verified,W001
W001_P003_0199,crops_raw/W001_P003_0199.png,page_003.png,W001,81,893,224,937,ង្កើតដោយ,ង្កើតដោយ,0.94,0.95,True,pending,,data/handwritten_external/W001/metadata.csv,563,/Users/macbookpro/Desktop/Development/khmer-handwritten-word-recognition/data/handwritten_external/W001/crops_processed/W001_P003_0199.png,ង្កើតដោយ,8,True,143,44,58.6966,0.301653,review,transcription_not_human_verified,W001
W001_P003_0200,crops_raw/W001_P003_0200.png,page_003.png,W001,224,892,318,932,ព្រះបរមគ្រូនៃយើង...,ព្រះបរមគ្រូនៃយើង...,0.92,0.95,True,pending,,data/handwritten_external/W001/metadata.csv,564,/Users/macbookpro/Desktop/Development/khmer-handwritten-word-recognition/data/handwritten_external/W001/crops_processed/W001_P003_0200.png,ព្រះបរមគ្រូនៃយើង...,19,True,94,40,43.8976,0.168351,review,transcription_not_human_verified,W001
W001_P003_0201,crops_raw/W001_P003_0201.png,page_003.png,W001,309,897,350,926,បានបញ្ញត្តិឱ្យ,បានបញ្ញត្តិឱ្យ,0.93,0.95,True,pending,,data/handwritten_external/W001/metadata.csv,565,/Users/macbookpro/Desktop/Development/khmer-handwritten-word-recognition/data/handwritten_external/W001/crops_processed/W001_P003_0201.png,បានបញ្ញត្តិឱ្យ,14,True,41,29,57.9604,0.312868,review,transcription_not_human_verified,W001
W001_P003_0202,crops_raw/W001_P003_0202.png,page_003.png,W001,339,896,408,926,បុគ្គលគ្រប់រូប,បុគ្គលគ្រប់រូប,0.94,0.95,True,pending,,data/handwritten_external/W001/metadata.csv,566,/Users/macbookpro/Desktop/Development/khmer-handwritten-word-recognition/data/handwritten_external/W001/crops_processed/W001_P003_0202.png,បុគ្គលគ្រប់រូប,14,True,69,30,51.332,0.263285,review,transcription_not_human_verified,W001
W001_P003_0206,crops_raw/W001_P003_0206.png,page_003.png,W001,81,916,176,953,ត្រូវតែរៀនរស់,ត្រូវតែរៀនរស់,0.93,0.95,True,pending,,data/handwritten_external/W001/metadata.csv,570,/Users/macbookpro/Desktop/Development/khmer-handwritten-word-recognition/data/handwritten_external/W001/crops_processed/W001_P003_0206.png,ត្រូវតែរៀនរស់,13,True,95,37,52.7748,0.267425,review,transcription_not_human_verified,W001
W001_P003_0207,crops_raw/W001_P003_0207.png,page_003.png,W001,172,928,202,964,រៀនសន្សំបុណ្យ,រៀនសន្សំបុណ្យ,0.93,0.8,True,pending,narrow component,data/handwritten_external/W001/metadata.csv,571,/Users/macbookpro/Desktop/Development/khmer-handwritten-word-recognition/data/handwritten_external/W001/crops_processed/W001_P003_0207.png,រៀនសន្សំបុណ្យ,13,True,30,36,57.0591,0.398148,review,transcription_not_human_verified,W001
W001_P003_0208,crops_raw/W001_P003_0208.png,page_003.png,W001,191,923,217,951,ឱ្យបានច្រើន...,ឱ្យបានច្រើន...,0.93,0.8,True,pending,narrow component,data/handwritten_external/W001/metadata.csv,572,/Users/macbookpro/Desktop/Development/khmer-handwritten-word-recognition/data/handwritten_external/W001/crops_processed/W001_P003_0208.png,ឱ្យបានច្រើន...,14,True,26,28,56.1252,0.403846,review,transcription_not_human_verified,W001
W001_P003_0209,crops_raw/W001_P003_0209.png,page_003.png,W001,225,915,386,966,ពោលគឺ,ពោលគឺ,0.95,0.95,True,pending,,data/handwritten_external/W001/metadata.csv,573,/Users/macbookpro/Desktop/Development/khmer-handwritten-word-recognition/data/handwritten_external/W001/crops_processed/W001_P003_0209.png,ពោលគឺ,5,True,161,51,60.7791,0.331872,review,transcription_not_human_verified,W001
W001_P003_0210,crops_raw/W001_P003_0210.png,page_003.png,W001,399,915,502,951,ត្រូវតែប្រព្រឹត្តអំពើ...,ត្រូវតែប្រព្រឹត្តអំពើ...,0.91,0.95,True,pending,,data/handwritten_external/W001/metadata.csv,574,/Users/macbookpro/Desktop/Development/khmer-handwritten-word-recognition/data/handwritten_external/W001/crops_processed/W001_P003_0210.png,ត្រូវតែប្រព្រឹត្តអំពើ...,24,True,103,36,48.226,0.248382,review,transcription_not_human_verified,W001
W001_P003_0213,crops_raw/W001_P003_0213.png,page_003.png,W001,81,942,113,988,ល្អ,ល្អ,0.96,0.8,True,pending,narrow component,data/handwritten_external/W001/metadata.csv,577,/Users/macbookpro/Desktop/Development/khmer-handwritten-word-recognition/data/handwritten_external/W001/crops_processed/W001_P003_0213.png,ល្អ,3,True,32,46,62.1706,0.383152,review,transcription_not_human_verified,W001
W001_P003_0214,crops_raw/W001_P003_0214.png,page_003.png,W001,119,949,202,980,ដែលជា,ដែលជា,0.96,0.95,True,pending,,data/handwritten_external/W001/metadata.csv,578,/Users/macbookpro/Desktop/Development/khmer-handwritten-word-recognition/data/handwritten_external/W001/crops_processed/W001_P003_0214.png,ដែលជា,5,True,83,31,53.3524,0.229304,review,transcription_not_human_verified,W001
W001_P003_0215,crops_raw/W001_P003_0215.png,page_003.png,W001,190,928,317,992,អំពើកុសល...,អំពើកុសល...,0.93,0.95,True,pending,,data/handwritten_external/W001/metadata.csv,579,/Users/macbookpro/Desktop/Development/khmer-handwritten-word-recognition/data/handwritten_external/W001/crops_processed/W001_P003_0215.png,អំពើកុសល...,11,True,127,64,60.3141,0.340551,review,transcription_not_human_verified,W001
W001_P003_0216,crops_raw/W001_P003_0216.png,page_003.png,W001,310,954,336,976,។,។,0.97,0.8,True,pending,narrow component,data/handwritten_external/W001/metadata.csv,580,/Users/macbookpro/Desktop/Development/khmer-handwritten-word-recognition/data/handwritten_external/W001/crops_processed/W001_P003_0216.png,។,1,True,26,22,49.1978,0.417832,review,transcription_not_human_verified,W001
W001_P003_0217,crops_raw/W001_P003_0217.png,page_003.png,W001,343,946,388,976,និង,និង,0.96,0.95,True,pending,,data/handwritten_external/W001/metadata.csv,581,/Users/macbookpro/Desktop/Development/khmer-handwritten-word-recognition/data/handwritten_external/W001/crops_processed/W001_P003_0217.png,និង,3,True,45,30,52.9093,0.279259,review,transcription_not_human_verified,W001
W001_P003_0218,crops_raw/W001_P003_0218.png,page_003.png,W001,383,947,455,988,ការធ្វើអំពើអាក្រក់,ការធ្វើអំពើអាក្រក់,0.92,0.95,True,pending,,data/handwritten_external/W001/metadata.csv,582,/Users/macbookpro/Desktop/Development/khmer-handwritten-word-recognition/data/handwritten_external/W001/crops_processed/W001_P003_0218.png,ការធ្វើអំពើអាក្រក់,18,True,72,41,44.559,0.189363,review,transcription_not_human_verified,W001
W001_P003_0219,crops_raw/W001_P003_0219.png,page_003.png,W001,448,950,502,976,ឬ,ឬ,0.96,0.95,True,pending,,data/handwritten_external/W001/metadata.csv,583,/Users/macbookpro/Desktop/Development/khmer-handwritten-word-recognition/data/handwritten_external/W001/crops_processed/W001_P003_0219.png,ឬ,1,True,54,26,56.8789,0.292735,review,transcription_not_human_verified,W001
W001_P003_0220,crops_raw/W001_P003_0220.png,page_003.png,W001,503,944,570,976,អំពើ,អំពើ,0.95,0.95,True,pending,,data/handwritten_external/W001/metadata.csv,584,/Users/macbookpro/Desktop/Development/khmer-handwritten-word-recognition/data/handwritten_external/W001/crops_processed/W001_P003_0220.png,អំពើ,4,True,67,32,55.7705,0.288713,review,transcription_not_human_verified,W001
W001_P003_0224,crops_raw/W001_P003_0224.png,page_003.png,W001,81,976,133,1013,បាប,បាប,0.96,0.95,True,pending,,data/handwritten_external/W001/metadata.csv,588,/Users/macbookpro/Desktop/Development/khmer-handwritten-word-recognition/data/handwritten_external/W001/crops_processed/W001_P003_0224.png,បាប,3,True,52,37,49.7044,0.18711,review,transcription_not_human_verified,W001
W001_P003_0225,crops_raw/W001_P003_0225.png,page_003.png,W001,127,973,339,1012,ដោយប្រការណាមួយ,ដោយប្រការណាមួយ,0.92,0.95,True,pending,,data/handwritten_external/W001/metadata.csv,589,/Users/macbookpro/Desktop/Development/khmer-handwritten-word-recognition/data/handwritten_external/W001/crops_processed/W001_P003_0225.png,ដោយប្រការណាមួយ,14,True,212,39,51.1891,0.205975,review,transcription_not_human_verified,W001
W001_P003_0226,crops_raw/W001_P003_0226.png,page_003.png,W001,332,978,366,1010,ឬទាំងស្រុងនោះគឺ,ឬទាំងស្រុងនោះគឺ,0.91,0.95,True,pending,,data/handwritten_external/W001/metadata.csv,590,/Users/macbookpro/Desktop/Development/khmer-handwritten-word-recognition/data/handwritten_external/W001/crops_processed/W001_P003_0226.png,ឬទាំងស្រុងនោះគឺ,15,True,34,32,50.6376,0.30239,review,transcription_not_human_verified,W001
W001_P003_0227,crops_raw/W001_P003_0227.png,page_003.png,W001,354,974,401,1002,មិនត្រូវធ្វើ,មិនត្រូវធ្វើ,0.94,0.95,True,pending,,data/handwritten_external/W001/metadata.csv,591,/Users/macbookpro/Desktop/Development/khmer-handwritten-word-recognition/data/handwritten_external/W001/crops_processed/W001_P003_0227.png,មិនត្រូវធ្វើ,12,True,47,28,52.7123,0.274316,review,transcription_not_human_verified,W001
W001_P003_0228,crops_raw/W001_P003_0228.png,page_003.png,W001,389,974,451,1001,ឡើយ,ឡើយ,0.96,0.95,True,pending,,data/handwritten_external/W001/metadata.csv,592,/Users/macbookpro/Desktop/Development/khmer-handwritten-word-recognition/data/handwritten_external/W001/crops_processed/W001_P003_0228.png,ឡើយ,3,True,62,27,56.3673,0.290323,review,transcription_not_human_verified,W001
W001_P004_0001,crops_raw/W001_P004_0001.png,page_004.png,W001,81,231,183,288,ព្រឹត្តិអំពើអាក្រក់នោះ,ព្រឹត្តិអំពើអាក្រក់នោះ,0.93,0.95,True,pending,,data/handwritten_external/W001/metadata.csv,598,/Users/macbookpro/Desktop/Development/khmer-handwritten-word-recognition/data/handwritten_external/W001/crops_processed/W001_P004_0001.png,ព្រឹត្តិអំពើអាក្រក់នោះ,22,True,102,57,55.4407,0.315789,review,transcription_not_human_verified,W001
W001_P004_0002,crops_raw/W001_P004_0002.png,page_004.png,W001,174,231,290,271,គឺវាស្មើនឹង,គឺវាស្មើនឹង,0.94,0.95,True,pending,,data/handwritten_external/W001/metadata.csv,599,/Users/macbookpro/Desktop/Development/khmer-handwritten-word-recognition/data/handwritten_external/W001/crops_processed/W001_P004_0002.png,គឺវាស្មើនឹង,11,True,116,40,40.6648,0.14569,review,transcription_not_human_verified,W001
W001_P004_0003,crops_raw/W001_P004_0003.png,page_004.png,W001,281,230,384,270,ការបាត់បង់នូវ,ការបាត់បង់នូវ,0.94,0.95,True,pending,,data/handwritten_external/W001/metadata.csv,600,/Users/macbookpro/Desktop/Development/khmer-handwritten-word-recognition/data/handwritten_external/W001/crops_processed/W001_P004_0003.png,ការបាត់បង់នូវ,13,True,103,40,40.5845,0.146602,review,transcription_not_human_verified,W001
W001_P004_0004,crops_raw/W001_P004_0004.png,page_004.png,W001,373,230,597,285,ភាពចលាចល...,ភាពចលាចល...,0.93,0.95,True,pending,,data/handwritten_external/W001/metadata.csv,601,/Users/macbookpro/Desktop/Development/khmer-handwritten-word-recognition/data/handwritten_external/W001/crops_processed/W001_P004_0004.png,ភាពចលាចល...,11,True,224,55,59.8724,0.303166,review,transcription_not_human_verified,W001
W001_P004_0005,crops_raw/W001_P004_0005.png,page_004.png,W001,601,239,629,264,។,។,0.97,0.8,True,pending,narrow component,data/handwritten_external/W001/metadata.csv,602,/Users/macbookpro/Desktop/Development/khmer-handwritten-word-recognition/data/handwritten_external/W001/crops_processed/W001_P004_0005.png,។,1,True,28,25,51.2267,0.292857,review,transcription_not_human_verified,W001
W001_P004_0006,crops_raw/W001_P004_0006.png,page_004.png,W001,626,234,688,268,បន្ថែម,បន្ថែម,0.95,0.95,True,pending,,data/handwritten_external/W001/metadata.csv,603,/Users/macbookpro/Desktop/Development/khmer-handwritten-word-recognition/data/handwritten_external/W001/crops_processed/W001_P004_0006.png,បន្ថែម,6,True,62,34,51.2772,0.246679,review,transcription_not_human_verified,W001
W001_P004_0007,crops_raw/W001_P004_0007.png,page_004.png,W001,124,265,146,288,ពីនេះ,ពីនេះ,0.96,0.7,True,pending,narrow component; compound word or continuous phrase,data/handwritten_external/W001/metadata.csv,604,/Users/macbookpro/Desktop/Development/khmer-handwritten-word-recognition/data/handwritten_external/W001/crops_processed/W001_P004_0007.png,ពីនេះ,5,True,22,23,56.8678,0.496047,review,transcription_not_human_verified,W001
W001_P004_0008,crops_raw/W001_P004_0008.png,page_004.png,W001,144,263,227,313,ព្រះពុទ្ធសាសនា,ព្រះពុទ្ធសាសនា,0.96,0.85,True,pending,,data/handwritten_external/W001/metadata.csv,605,/Users/macbookpro/Desktop/Development/khmer-handwritten-word-recognition/data/handwritten_external/W001/crops_processed/W001_P004_0008.png,ព្រះពុទ្ធសាសនា,14,True,83,50,45.396,0.231084,review,transcription_not_human_verified,W001
W001_P004_0009,crops_raw/W001_P004_0009.png,page_004.png,W001,215,264,294,290,បាន,បាន,0.96,0.85,True,pending,,data/handwritten_external/W001/metadata.csv,606,/Users/macbookpro/Desktop/Development/khmer-handwritten-word-recognition/data/handwritten_external/W001/crops_processed/W001_P004_0009.png,បាន,3,True,79,26,54.7003,0.269231,review,transcription_not_human_verified,W001
W001_P004_0010,crops_raw/W001_P004_0010.png,page_004.png,W001,291,261,383,295,រួមចំណែក,រួមចំណែក,0.95,0.85,True,pending,,data/handwritten_external/W001/metadata.csv,607,/Users/macbookpro/Desktop/Development/khmer-handwritten-word-recognition/data/handwritten_external/W001/crops_processed/W001_P004_0010.png,រួមចំណែក,8,True,92,34,42.7328,0.194054,review,transcription_not_human_verified,W001
W001_P004_0011,crops_raw/W001_P004_0011.png,page_004.png,W001,383,258,503,304,ធ្វើឱ្យ,ធ្វើឱ្យ,0.95,0.85,True,pending,,data/handwritten_external/W001/metadata.csv,608,/Users/macbookpro/Desktop/Development/khmer-handwritten-word-recognition/data/handwritten_external/W001/crops_processed/W001_P004_0011.png,ធ្វើឱ្យ,7,True,120,46,56.2302,0.31087,review,transcription_not_human_verified,W001
W001_P004_0012,crops_raw/W001_P004_0012.png,page_004.png,W001,498,258,596,301,អ្នកដឹកនាំ,អ្នកដឹកនាំ,0.95,0.75,True,pending,tight spacing with neighbor; compound word or continuous phrase,data/handwritten_external/W001/metadata.csv,609,/Users/macbookpro/Desktop/Development/khmer-handwritten-word-recognition/data/handwritten_external/W001/crops_processed/W001_P004_0012.png,អ្នកដឹកនាំ,10,True,98,43,47.6224,0.206692,review,transcription_not_human_verified,W001
W001_P004_0013,crops_raw/W001_P004_0013.png,page_004.png,W001,583,263,688,301,ប្រកប,ប្រកប,0.95,0.75,True,pending,tight spacing with neighbor; compound word or continuous phrase,data/handwritten_external/W001/metadata.csv,610,/Users/macbookpro/Desktop/Development/khmer-handwritten-word-recognition/data/handwritten_external/W001/crops_processed/W001_P004_0013.png,ប្រកប,5,True,105,38,44.8302,0.217293,review,transcription_not_human_verified,W001
W001_P004_0014,crops_raw/W001_P004_0014.png,page_004.png,W001,81,284,199,315,ទសពិធរាជធម៌,ទសពិធរាជធម៌,0.93,0.95,True,pending,,data/handwritten_external/W001/metadata.csv,611,/Users/macbookpro/Desktop/Development/khmer-handwritten-word-recognition/data/handwritten_external/W001/crops_processed/W001_P004_0014.png,ទសពិធរាជធម៌,11,True,118,31,50.5626,0.255604,review,transcription_not_human_verified,W001
W001_P004_0015,crops_raw/W001_P004_0015.png,page_004.png,W001,217,291,267,324,ឬ,ឬ,0.96,0.95,True,pending,,data/handwritten_external/W001/metadata.csv,612,/Users/macbookpro/Desktop/Development/khmer-handwritten-word-recognition/data/handwritten_external/W001/crops_processed/W001_P004_0015.png,ឬ,1,True,50,33,50.1276,0.239394,review,transcription_not_human_verified,W001
W001_P004_0016,crops_raw/W001_P004_0016.png,page_004.png,W001,257,290,305,314,ឧបាយ,ឧបាយ,0.95,0.95,True,pending,,data/handwritten_external/W001/metadata.csv,613,/Users/macbookpro/Desktop/Development/khmer-handwritten-word-recognition/data/handwritten_external/W001/crops_processed/W001_P004_0016.png,ឧបាយ,4,True,48,24,61.1402,0.324653,review,transcription_not_human_verified,W001
W001_P004_0017,crops_raw/W001_P004_0017.png,page_004.png,W001,313,277,357,314,ទាំង,ទាំង,0.96,0.95,True,pending,,data/handwritten_external/W001/metadata.csv,614,/Users/macbookpro/Desktop/Development/khmer-handwritten-word-recognition/data/handwritten_external/W001/crops_processed/W001_P004_0017.png,ទាំង,4,True,44,37,56.9072,0.317568,review,transcription_not_human_verified,W001
W001_P004_0018,crops_raw/W001_P004_0018.png,page_004.png,W001,357,282,454,321,ការធ្វើទាន...,ការធ្វើទាន...,0.93,0.95,True,pending,,data/handwritten_external/W001/metadata.csv,615,/Users/macbookpro/Desktop/Development/khmer-handwritten-word-recognition/data/handwritten_external/W001/crops_processed/W001_P004_0018.png,ការធ្វើទាន...,13,True,97,39,37.3844,0.159397,review,transcription_not_human_verified,W001
W001_P004_0019,crops_raw/W001_P004_0019.png,page_004.png,W001,472,283,536,314,និង,និង,0.96,0.95,True,pending,,data/handwritten_external/W001/metadata.csv,616,/Users/macbookpro/Desktop/Development/khmer-handwritten-word-recognition/data/handwritten_external/W001/crops_processed/W001_P004_0019.png,និង,3,True,64,31,60.2244,0.337198,review,transcription_not_human_verified,W001
W001_P004_0020,crops_raw/W001_P004_0020.png,page_004.png,W001,524,288,567,314,ការរក្សាសីល,ការរក្សាសីល,0.94,0.95,True,pending,,data/handwritten_external/W001/metadata.csv,617,/Users/macbookpro/Desktop/Development/khmer-handwritten-word-recognition/data/handwritten_external/W001/crops_processed/W001_P004_0020.png,ការរក្សាសីល,11,True,43,26,59.8514,0.328265,review,transcription_not_human_verified,W001
W001_P004_0021,crops_raw/W001_P004_0021.png,page_004.png,W001,629,281,688,314,ដែល,ដែល,0.96,0.95,True,pending,,data/handwritten_external/W001/metadata.csv,618,/Users/macbookpro/Desktop/Development/khmer-handwritten-word-recognition/data/handwritten_external/W001/crops_processed/W001_P004_0021.png,ដែល,3,True,59,33,55.0974,0.279918,review,transcription_not_human_verified,W001
W001_P004_0022,crops_raw/W001_P004_0022.png,page_004.png,W001,82,307,159,339,សរជាតិការផ្តល់អោយ,សរជាតិការផ្តល់អោយ,0.92,0.95,True,pending,,data/handwritten_external/W001/metadata.csv,619,/Users/macbookpro/Desktop/Development/khmer-handwritten-word-recognition/data/handwritten_external/W001/crops_processed/W001_P004_0022.png,សរជាតិការផ្តល់អោយ,17,True,77,32,47.6798,0.212662,review,transcription_not_human_verified,W001
W001_P004_0023,crops_raw/W001_P004_0023.png,page_004.png,W001,152,310,284,348,ការធ្វើទាន...,ការធ្វើទាន...,0.93,0.95,True,pending,,data/handwritten_external/W001/metadata.csv,620,/Users/macbookpro/Desktop/Development/khmer-handwritten-word-recognition/data/handwritten_external/W001/crops_processed/W001_P004_0023.png,ការធ្វើទាន...,13,True,132,38,50.4451,0.221093,review,transcription_not_human_verified,W001
W001_P004_0024,crops_raw/W001_P004_0024.png,page_004.png,W001,275,308,374,348,កិត្តិយស...,កិត្តិយស...,0.94,0.95,True,pending,,data/handwritten_external/W001/metadata.csv,621,/Users/macbookpro/Desktop/Development/khmer-handwritten-word-recognition/data/handwritten_external/W001/crops_processed/W001_P004_0024.png,កិត្តិយស...,11,True,99,40,41.3048,0.169192,review,transcription_not_human_verified,W001
W001_P004_0025,crops_raw/W001_P004_0025.png,page_004.png,W001,383,310,446,365,មានការស្ងប់ក្នុងចិត្ត...,មានការស្ងប់ក្នុងចិត្ត...,0.92,0.95,True,pending,,data/handwritten_external/W001/metadata.csv,622,/Users/macbookpro/Desktop/Development/khmer-handwritten-word-recognition/data/handwritten_external/W001/crops_processed/W001_P004_0025.png,មានការស្ងប់ក្នុងចិត្ត...,24,True,63,55,48.2446,0.238672,review,transcription_not_human_verified,W001
W001_P004_0026,crops_raw/W001_P004_0026.png,page_004.png,W001,442,287,662,348,ជីវិត,ជីវិត,0.96,0.95,True,pending,,data/handwritten_external/W001/metadata.csv,623,/Users/macbookpro/Desktop/Development/khmer-handwritten-word-recognition/data/handwritten_external/W001/crops_processed/W001_P004_0026.png,ជីវិត,5,True,220,61,60.174,0.30231,review,transcription_not_human_verified,W001
W001_P004_0028,crops_raw/W001_P004_0028.png,page_004.png,W001,81,329,145,373,មនុស្សគឺមានតម្លៃ,មនុស្សគឺមានតម្លៃ,0.93,0.95,True,pending,,data/handwritten_external/W001/metadata.csv,625,/Users/macbookpro/Desktop/Development/khmer-handwritten-word-recognition/data/handwritten_external/W001/crops_processed/W001_P004_0028.png,មនុស្សគឺមានតម្លៃ,16,True,64,44,55.4719,0.296165,review,transcription_not_human_verified,W001
W001_P004_0029,crops_raw/W001_P004_0029.png,page_004.png,W001,143,331,262,371,ចំណែកសីល,ចំណែកសីល,0.94,0.95,True,pending,,data/handwritten_external/W001/metadata.csv,626,/Users/macbookpro/Desktop/Development/khmer-handwritten-word-recognition/data/handwritten_external/W001/crops_processed/W001_P004_0029.png,ចំណែកសីល,8,True,119,40,50.6752,0.226891,review,transcription_not_human_verified,W001
W001_P004_0030,crops_raw/W001_P004_0030.png,page_004.png,W001,262,337,341,366,គឺការទុកដាក់,គឺការទុកដាក់,0.93,0.95,True,pending,,data/handwritten_external/W001/metadata.csv,627,/Users/macbookpro/Desktop/Development/khmer-handwritten-word-recognition/data/handwritten_external/W001/crops_processed/W001_P004_0030.png,គឺការទុកដាក់,12,True,79,29,52.5015,0.254474,review,transcription_not_human_verified,W001
W001_P004_0031,crops_raw/W001_P004_0031.png,page_004.png,W001,334,339,392,365,ការដើរផ្លូវអាក្រក់,ការដើរផ្លូវអាក្រក់,0.93,0.95,True,pending,,data/handwritten_external/W001/metadata.csv,628,/Users/macbookpro/Desktop/Development/khmer-handwritten-word-recognition/data/handwritten_external/W001/crops_processed/W001_P004_0031.png,ការដើរផ្លូវអាក្រក់,18,True,58,26,53.8095,0.27321,review,transcription_not_human_verified,W001
W001_P004_0034,crops_raw/W001_P004_0034.png,page_004.png,W001,81,362,175,391,ចំណែកការកត្តា,ចំណែកការកត្តា,0.93,0.95,True,pending,,data/handwritten_external/W001/metadata.csv,631,/Users/macbookpro/Desktop/Development/khmer-handwritten-word-recognition/data/handwritten_external/W001/crops_processed/W001_P004_0034.png,ចំណែកការកត្តា,13,True,94,29,49.4197,0.249817,review,transcription_not_human_verified,W001
W001_P004_0035,crops_raw/W001_P004_0035.png,page_004.png,W001,178,365,267,402,គឺភាពស្មោះត្រង់,គឺភាពស្មោះត្រង់,0.94,0.95,True,pending,,data/handwritten_external/W001/metadata.csv,632,/Users/macbookpro/Desktop/Development/khmer-handwritten-word-recognition/data/handwritten_external/W001/crops_processed/W001_P004_0035.png,គឺភាពស្មោះត្រង់,15,True,89,37,46.3806,0.212876,review,transcription_not_human_verified,W001
W001_P004_0036,crops_raw/W001_P004_0036.png,page_004.png,W001,271,356,466,402,ហើយការបរិច្ចាគ,ហើយការបរិច្ចាគ,0.93,0.95,True,pending,,data/handwritten_external/W001/metadata.csv,633,/Users/macbookpro/Desktop/Development/khmer-handwritten-word-recognition/data/handwritten_external/W001/crops_processed/W001_P004_0036.png,ហើយការបរិច្ចាគ,14,True,195,46,57.5811,0.284392,review,transcription_not_human_verified,W001
W001_P004_0037,crops_raw/W001_P004_0037.png,page_004.png,W001,464,359,538,391,ការមិន...,ការមិន...,0.94,0.95,True,pending,,data/handwritten_external/W001/metadata.csv,634,/Users/macbookpro/Desktop/Development/khmer-handwritten-word-recognition/data/handwritten_external/W001/crops_processed/W001_P004_0037.png,ការមិន...,9,True,74,32,49.7471,0.209459,review,transcription_not_human_verified,W001
W001_P004_0041,crops_raw/W001_P004_0041.png,page_004.png,W001,81,384,196,432,កេងប្រវ័ញ្ចអ្នកដទៃ,កេងប្រវ័ញ្ចអ្នកដទៃ,0.92,0.95,True,pending,,data/handwritten_external/W001/metadata.csv,638,/Users/macbookpro/Desktop/Development/khmer-handwritten-word-recognition/data/handwritten_external/W001/crops_processed/W001_P004_0041.png,កេងប្រវ័ញ្ចអ្នកដទៃ,18,True,115,48,49.8592,0.272826,review,transcription_not_human_verified,W001
W001_P004_0042,crops_raw/W001_P004_0042.png,page_004.png,W001,186,389,273,430,បន្ទាប់មកទៀត,បន្ទាប់មកទៀត,0.94,0.95,True,pending,,data/handwritten_external/W001/metadata.csv,639,/Users/macbookpro/Desktop/Development/khmer-handwritten-word-recognition/data/handwritten_external/W001/crops_processed/W001_P004_0042.png,បន្ទាប់មកទៀត,12,True,87,41,46.2654,0.258481,review,transcription_not_human_verified,W001
W001_P004_0043,crops_raw/W001_P004_0043.png,page_004.png,W001,282,385,386,429,ការមានសេចក្តីអត់ធ្មត់,ការមានសេចក្តីអត់ធ្មត់,0.93,0.95,True,pending,,data/handwritten_external/W001/metadata.csv,640,/Users/macbookpro/Desktop/Development/khmer-handwritten-word-recognition/data/handwritten_external/W001/crops_processed/W001_P004_0043.png,ការមានសេចក្តីអត់ធ្មត់,21,True,104,44,44.3208,0.182474,review,transcription_not_human_verified,W001
W001_P004_0044,crops_raw/W001_P004_0044.png,page_004.png,W001,391,384,437,429,និងមិន,និងមិន,0.95,0.95,True,pending,,data/handwritten_external/W001/metadata.csv,641,/Users/macbookpro/Desktop/Development/khmer-handwritten-word-recognition/data/handwritten_external/W001/crops_processed/W001_P004_0044.png,និងមិន,6,True,46,45,57.5054,0.317874,review,transcription_not_human_verified,W001
W001_P004_0047,crops_raw/W001_P004_0047.png,page_004.png,W001,81,416,148,450,ត្រូវបានគឺអំពើពាល,ត្រូវបានគឺអំពើពាល,0.92,0.95,True,pending,,data/handwritten_external/W001/metadata.csv,644,/Users/macbookpro/Desktop/Development/khmer-handwritten-word-recognition/data/handwritten_external/W001/crops_processed/W001_P004_0047.png,ត្រូវបានគឺអំពើពាល,17,True,67,34,55.3469,0.287094,review,transcription_not_human_verified,W001
W001_P004_0048,crops_raw/W001_P004_0048.png,page_004.png,W001,139,421,169,441,មានន័យថាការចេះបត់បែន...,មានន័យថាការចេះបត់បែន...,0.91,0.8,True,pending,narrow component,data/handwritten_external/W001/metadata.csv,645,/Users/macbookpro/Desktop/Development/khmer-handwritten-word-recognition/data/handwritten_external/W001/crops_processed/W001_P004_0048.png,មានន័យថាការចេះបត់បែន...,23,True,30,20,60.3296,0.428333,review,transcription_not_human_verified,W001
W001_P004_0049,crops_raw/W001_P004_0049.png,page_004.png,W001,185,409,278,442,និងអំពើ,និងអំពើ,0.95,0.95,True,pending,,data/handwritten_external/W001/metadata.csv,646,/Users/macbookpro/Desktop/Development/khmer-handwritten-word-recognition/data/handwritten_external/W001/crops_processed/W001_P004_0049.png,និងអំពើ,7,True,93,33,46.8068,0.230042,review,transcription_not_human_verified,W001
W001_P004_0050,crops_raw/W001_P004_0050.png,page_004.png,W001,287,409,543,467,បុគ្គល,បុគ្គល,0.95,0.95,True,pending,,data/handwritten_external/W001/metadata.csv,647,/Users/macbookpro/Desktop/Development/khmer-handwritten-word-recognition/data/handwritten_external/W001/crops_processed/W001_P004_0050.png,បុគ្គល,6,True,256,58,58.557,0.305294,review,transcription_not_human_verified,W001
W001_P004_0053,crops_raw/W001_P004_0053.png,page_004.png,W001,81,442,141,468,គ្រួសារនៅលើ,គ្រួសារនៅលើ,0.94,0.95,True,pending,,data/handwritten_external/W001/metadata.csv,650,/Users/macbookpro/Desktop/Development/khmer-handwritten-word-recognition/data/handwritten_external/W001/crops_processed/W001_P004_0053.png,គ្រួសារនៅលើ,11,True,60,26,59.745,0.366667,review,transcription_not_human_verified,W001
W001_P004_0054,crops_raw/W001_P004_0054.png,page_004.png,W001,136,436,276,478,ទុក្ខវេទនា,ទុក្ខវេទនា,0.95,0.95,True,pending,,data/handwritten_external/W001/metadata.csv,651,/Users/macbookpro/Desktop/Development/khmer-handwritten-word-recognition/data/handwritten_external/W001/crops_processed/W001_P004_0054.png,ទុក្ខវេទនា,10,True,140,42,51.3849,0.251701,review,transcription_not_human_verified,W001
W001_P004_0055,crops_raw/W001_P004_0055.png,page_004.png,W001,265,442,326,480,សង្គម,សង្គម,0.96,0.95,True,pending,,data/handwritten_external/W001/metadata.csv,652,/Users/macbookpro/Desktop/Development/khmer-handwritten-word-recognition/data/handwritten_external/W001/crops_processed/W001_P004_0055.png,សង្គម,5,True,61,38,55.9083,0.286885,review,transcription_not_human_verified,W001
W001_P004_0056,crops_raw/W001_P004_0056.png,page_004.png,W001,333,437,377,468,និងសីលធម៌,និងសីលធម៌,0.94,0.95,True,pending,,data/handwritten_external/W001/metadata.csv,653,/Users/macbookpro/Desktop/Development/khmer-handwritten-word-recognition/data/handwritten_external/W001/crops_processed/W001_P004_0056.png,និងសីលធម៌,9,True,44,31,49.9701,0.222874,review,transcription_not_human_verified,W001
W001_P004_0057,crops_raw/W001_P004_0057.png,page_004.png,W001,368,437,473,468,ជាដើម,ជាដើម,0.96,0.95,True,pending,,data/handwritten_external/W001/metadata.csv,654,/Users/macbookpro/Desktop/Development/khmer-handwritten-word-recognition/data/handwritten_external/W001/crops_processed/W001_P004_0057.png,ជាដើម,5,True,105,31,49.3611,0.219969,review,transcription_not_human_verified,W001
W001_P004_0058,crops_raw/W001_P004_0058.png,page_004.png,W001,525,443,552,466,។,។,0.97,0.8,True,pending,narrow component,data/handwritten_external/W001/metadata.csv,655,/Users/macbookpro/Desktop/Development/khmer-handwritten-word-recognition/data/handwritten_external/W001/crops_processed/W001_P004_0058.png,។,1,True,27,23,54.0764,0.444444,review,transcription_not_human_verified,W001
W001_P004_0059,crops_raw/W001_P004_0059.png,page_004.png,W001,563,441,640,466,ភាពនេះ,ភាពនេះ,0.95,0.95,True,pending,,data/handwritten_external/W001/metadata.csv,656,/Users/macbookpro/Desktop/Development/khmer-handwritten-word-recognition/data/handwritten_external/W001/crops_processed/W001_P004_0059.png,ភាពនេះ,6,True,77,25,56.0245,0.268571,review,transcription_not_human_verified,W001
W001_P004_0060,crops_raw/W001_P004_0060.png,page_004.png,W001,666,444,688,466,ទៅទៀត,ទៅទៀត,0.95,0.8,True,pending,narrow component,data/handwritten_external/W001/metadata.csv,657,/Users/macbookpro/Desktop/Development/khmer-handwritten-word-recognition/data/handwritten_external/W001/crops_processed/W001_P004_0060.png,ទៅទៀត,5,True,22,22,70.5913,0.613636,review,transcription_not_human_verified,W001
W001_P004_0061,crops_raw/W001_P004_0061.png,page_004.png,W001,81,456,124,517,នោះគឺការពារឱ្យស្រុកទេស,នោះគឺការពារឱ្យស្រុកទេស,0.92,0.95,True,pending,,data/handwritten_external/W001/metadata.csv,658,/Users/macbookpro/Desktop/Development/khmer-handwritten-word-recognition/data/handwritten_external/W001/crops_processed/W001_P004_0061.png,នោះគឺការពារឱ្យស្រុកទេស,22,True,43,61,57.4535,0.359893,review,transcription_not_human_verified,W001
W001_P004_0062,crops_raw/W001_P004_0062.png,page_004.png,W001,113,464,164,518,ប្រកបដោយសន្តិភាព,ប្រកបដោយសន្តិភាព,0.93,0.85,True,pending,,data/handwritten_external/W001/metadata.csv,659,/Users/macbookpro/Desktop/Development/khmer-handwritten-word-recognition/data/handwritten_external/W001/crops_processed/W001_P004_0062.png,ប្រកបដោយសន្តិភាព,16,True,51,54,46.2796,0.232389,review,transcription_not_human_verified,W001
W001_P004_0063,crops_raw/W001_P004_0063.png,page_004.png,W001,151,461,262,518,ក្នុងន័យ,ក្នុងន័យ,0.95,0.85,True,pending,,data/handwritten_external/W001/metadata.csv,660,/Users/macbookpro/Desktop/Development/khmer-handwritten-word-recognition/data/handwritten_external/W001/crops_processed/W001_P004_0063.png,ក្នុងន័យ,8,True,111,57,57.5551,0.314367,review,transcription_not_human_verified,W001
W001_P004_0064,crops_raw/W001_P004_0064.png,page_004.png,W001,253,463,323,500,កិត្តិយសនេះមាន,កិត្តិយសនេះមាន,0.93,0.85,True,pending,,data/handwritten_external/W001/metadata.csv,661,/Users/macbookpro/Desktop/Development/khmer-handwritten-word-recognition/data/handwritten_external/W001/crops_processed/W001_P004_0064.png,កិត្តិយសនេះមាន,14,True,70,37,50.4273,0.235135,review,transcription_not_human_verified,W001
W001_P004_0069,crops_raw/W001_P004_0069.png,page_004.png,W001,96,491,188,543,ន័យថាត្រូវមាន,ន័យថាត្រូវមាន,0.94,0.95,True,pending,,data/handwritten_external/W001/metadata.csv,666,/Users/macbookpro/Desktop/Development/khmer-handwritten-word-recognition/data/handwritten_external/W001/crops_processed/W001_P004_0069.png,ន័យថាត្រូវមាន,13,True,92,52,49.0064,0.244356,review,transcription_not_human_verified,W001
W001_P004_0070,crops_raw/W001_P004_0070.png,page_004.png,W001,191,493,282,531,មេត្តាករុណា,មេត្តាករុណា,0.95,0.95,True,pending,,data/handwritten_external/W001/metadata.csv,667,/Users/macbookpro/Desktop/Development/khmer-handwritten-word-recognition/data/handwritten_external/W001/crops_processed/W001_P004_0070.png,មេត្តាករុណា,11,True,91,38,47.253,0.244072,review,transcription_not_human_verified,W001
W001_P004_0071,crops_raw/W001_P004_0071.png,page_004.png,W001,285,492,320,518,មុទិតា,មុទិតា,0.96,0.95,True,pending,,data/handwritten_external/W001/metadata.csv,668,/Users/macbookpro/Desktop/Development/khmer-handwritten-word-recognition/data/handwritten_external/W001/crops_processed/W001_P004_0071.png,មុទិតា,6,True,35,26,59.6313,0.361538,review,transcription_not_human_verified,W001
W001_P004_0072,crops_raw/W001_P004_0072.png,page_004.png,W001,360,488,431,532,និង,និង,0.96,0.95,True,pending,,data/handwritten_external/W001/metadata.csv,669,/Users/macbookpro/Desktop/Development/khmer-handwritten-word-recognition/data/handwritten_external/W001/crops_processed/W001_P004_0072.png,និង,3,True,71,44,46.7652,0.214469,review,transcription_not_human_verified,W001
W001_P004_0073,crops_raw/W001_P004_0073.png,page_004.png,W001,428,490,474,520,ឧបេក្ខា,ឧបេក្ខា,0.96,0.95,True,pending,,data/handwritten_external/W001/metadata.csv,670,/Users/macbookpro/Desktop/Development/khmer-handwritten-word-recognition/data/handwritten_external/W001/crops_processed/W001_P004_0073.png,ឧបេក្ខា,7,True,46,30,56.0572,0.292029,review,transcription_not_human_verified,W001
W001_P004_0074,crops_raw/W001_P004_0074.png,page_004.png,W001,511,498,536,521,។,។,0.97,0.8,True,pending,narrow component,data/handwritten_external/W001/metadata.csv,671,/Users/macbookpro/Desktop/Development/khmer-handwritten-word-recognition/data/handwritten_external/W001/crops_processed/W001_P004_0074.png,។,1,True,25,23,52.3202,0.403478,review,transcription_not_human_verified,W001
W001_P004_0075,crops_raw/W001_P004_0075.png,page_004.png,W001,546,495,613,527,ព្រោះព្រះពុទ្ធសាសនា,ព្រោះព្រះពុទ្ធសាសនា,0.94,0.95,True,pending,,data/handwritten_external/W001/metadata.csv,672,/Users/macbookpro/Desktop/Development/khmer-handwritten-word-recognition/data/handwritten_external/W001/crops_processed/W001_P004_0075.png,ព្រោះព្រះពុទ្ធសាសនា,19,True,67,32,50.675,0.210354,review,transcription_not_human_verified,W001
W001_P004_0077,crops_raw/W001_P004_0077.png,page_004.png,W001,83,513,136,553,ក៏បានអប់រំមនុស្ស,ក៏បានអប់រំមនុស្ស,0.93,0.95,True,pending,,data/handwritten_external/W001/metadata.csv,674,/Users/macbookpro/Desktop/Development/khmer-handwritten-word-recognition/data/handwritten_external/W001/crops_processed/W001_P004_0077.png,ក៏បានអប់រំមនុស្ស,16,True,53,40,48.785,0.248585,review,transcription_not_human_verified,W001
W001_P004_0078,crops_raw/W001_P004_0078.png,page_004.png,W001,173,514,264,556,រាល់គ្នារួបរួមគ្នា,រាល់គ្នារួបរួមគ្នា,0.93,0.95,True,pending,,data/handwritten_external/W001/metadata.csv,675,/Users/macbookpro/Desktop/Development/khmer-handwritten-word-recognition/data/handwritten_external/W001/crops_processed/W001_P004_0078.png,រាល់គ្នារួបរួមគ្នា,18,True,91,42,45.8543,0.220042,review,transcription_not_human_verified,W001
W001_P004_0079,crops_raw/W001_P004_0079.png,page_004.png,W001,252,495,379,550,ទ្រទ្រង់បានសេចក្តីសុខ...,ទ្រទ្រង់បានសេចក្តីសុខ...,0.92,0.95,True,pending,,data/handwritten_external/W001/metadata.csv,676,/Users/macbookpro/Desktop/Development/khmer-handwritten-word-recognition/data/handwritten_external/W001/crops_processed/W001_P004_0079.png,ទ្រទ្រង់បានសេចក្តីសុខ...,24,True,127,55,55.5042,0.285755,review,transcription_not_human_verified,W001
W001_P004_0080,crops_raw/W001_P004_0080.png,page_004.png,W001,374,512,473,552,នេះហើយ...,នេះហើយ...,0.93,0.95,True,pending,,data/handwritten_external/W001/metadata.csv,677,/Users/macbookpro/Desktop/Development/khmer-handwritten-word-recognition/data/handwritten_external/W001/crops_processed/W001_P004_0080.png,នេះហើយ...,9,True,99,40,43.7631,0.193939,review,transcription_not_human_verified,W001
W001_P004_0081,crops_raw/W001_P004_0081.png,page_004.png,W001,502,517,553,545,។,។,0.97,0.95,True,pending,,data/handwritten_external/W001/metadata.csv,678,/Users/macbookpro/Desktop/Development/khmer-handwritten-word-recognition/data/handwritten_external/W001/crops_processed/W001_P004_0081.png,។,1,True,51,28,57.7787,0.317227,review,transcription_not_human_verified,W001
W001_P004_0084,crops_raw/W001_P004_0084.png,page_004.png,W001,82,537,273,571,បើយើងនិយាយពី,បើយើងនិយាយពី,0.94,0.95,True,pending,,data/handwritten_external/W001/metadata.csv,681,/Users/macbookpro/Desktop/Development/khmer-handwritten-word-recognition/data/handwritten_external/W001/crops_processed/W001_P004_0084.png,បើយើងនិយាយពី,12,True,191,34,52.3351,0.245765,review,transcription_not_human_verified,W001
W001_P004_0087,crops_raw/W001_P004_0087.png,page_004.png,W001,437,540,577,577,វិញនោះ...,វិញនោះ...,0.94,0.85,True,pending,,data/handwritten_external/W001/metadata.csv,684,/Users/macbookpro/Desktop/Development/khmer-handwritten-word-recognition/data/handwritten_external/W001/crops_processed/W001_P004_0087.png,វិញនោះ...,9,True,140,37,49.7499,0.225097,review,transcription_not_human_verified,W001
W001_P004_0088,crops_raw/W001_P004_0088.png,page_004.png,W001,578,541,658,577,ព្រះ,ព្រះ,0.96,0.95,True,pending,,data/handwritten_external/W001/metadata.csv,685,/Users/macbookpro/Desktop/Development/khmer-handwritten-word-recognition/data/handwritten_external/W001/crops_processed/W001_P004_0088.png,ព្រះ,4,True,80,36,48.9013,0.206597,review,transcription_not_human_verified,W001
W001_P004_0090,crops_raw/W001_P004_0090.png,page_004.png,W001,127,563,165,610,ពុទ្ធឱ្យយើងយល់ដឹង,ពុទ្ធឱ្យយើងយល់ដឹង,0.93,0.95,True,pending,,data/handwritten_external/W001/metadata.csv,687,/Users/macbookpro/Desktop/Development/khmer-handwritten-word-recognition/data/handwritten_external/W001/crops_processed/W001_P004_0090.png,ពុទ្ធឱ្យយើងយល់ដឹង,17,True,38,47,57.3774,0.334267,review,transcription_not_human_verified,W001
W001_P004_0091,crops_raw/W001_P004_0091.png,page_004.png,W001,155,564,300,604,គឺយើងត្រូវ,គឺយើងត្រូវ,0.95,0.95,True,pending,,data/handwritten_external/W001/metadata.csv,688,/Users/macbookpro/Desktop/Development/khmer-handwritten-word-recognition/data/handwritten_external/W001/crops_processed/W001_P004_0091.png,គឺយើងត្រូវ,10,True,145,40,50.6992,0.248276,review,transcription_not_human_verified,W001
W001_P004_0092,crops_raw/W001_P004_0092.png,page_004.png,W001,298,559,413,621,ស្គាល់អំពើអាក្រក់,ស្គាល់អំពើអាក្រក់,0.93,0.95,True,pending,,data/handwritten_external/W001/metadata.csv,689,/Users/macbookpro/Desktop/Development/khmer-handwritten-word-recognition/data/handwritten_external/W001/crops_processed/W001_P004_0092.png,ស្គាល់អំពើអាក្រក់,17,True,115,62,59.191,0.320617,review,transcription_not_human_verified,W001
W001_P004_0093,crops_raw/W001_P004_0093.png,page_004.png,W001,403,564,465,620,ដោយការ,ដោយការ,0.95,0.95,True,pending,,data/handwritten_external/W001/metadata.csv,690,/Users/macbookpro/Desktop/Development/khmer-handwritten-word-recognition/data/handwritten_external/W001/crops_processed/W001_P004_0093.png,ដោយការ,6,True,62,56,48.486,0.251728,review,transcription_not_human_verified,W001
W001_P004_0097,crops_raw/W001_P004_0097.png,page_004.png,W001,107,596,135,631,ត្រិះរិះពិចារណា,ត្រិះរិះពិចារណា,0.94,0.8,True,pending,narrow component,data/handwritten_external/W001/metadata.csv,694,/Users/macbookpro/Desktop/Development/khmer-handwritten-word-recognition/data/handwritten_external/W001/crops_processed/W001_P004_0097.png,ត្រិះរិះពិចារណា,15,True,28,35,65.7094,0.542857,review,transcription_not_human_verified,W001
W001_P004_0098,crops_raw/W001_P004_0098.png,page_004.png,W001,124,597,156,619,ការគិតឱ្យជ្រៅ,ការគិតឱ្យជ្រៅ,0.93,0.8,True,pending,narrow component,data/handwritten_external/W001/metadata.csv,695,/Users/macbookpro/Desktop/Development/khmer-handwritten-word-recognition/data/handwritten_external/W001/crops_processed/W001_P004_0098.png,ការគិតឱ្យជ្រៅ,13,True,32,22,64.7378,0.515625,review,transcription_not_human_verified,W001
W001_P004_0099,crops_raw/W001_P004_0099.png,page_004.png,W001,144,589,211,629,ដោយអំពើល្អ,ដោយអំពើល្អ,0.94,0.95,True,pending,,data/handwritten_external/W001/metadata.csv,696,/Users/macbookpro/Desktop/Development/khmer-handwritten-word-recognition/data/handwritten_external/W001/crops_processed/W001_P004_0099.png,ដោយអំពើល្អ,10,True,67,40,51.1048,0.259328,review,transcription_not_human_verified,W001
W001_P004_0100,crops_raw/W001_P004_0100.png,page_004.png,W001,207,588,332,635,របស់ដែល,របស់ដែល,0.95,0.95,True,pending,,data/handwritten_external/W001/metadata.csv,697,/Users/macbookpro/Desktop/Development/khmer-handwritten-word-recognition/data/handwritten_external/W001/crops_processed/W001_P004_0100.png,របស់ដែល,7,True,125,47,56.5066,0.334979,review,transcription_not_human_verified,W001
W001_P004_0101,crops_raw/W001_P004_0101.png,page_004.png,W001,322,593,360,620,ប្រជាជន,ប្រជាជន,0.96,0.95,True,pending,,data/handwritten_external/W001/metadata.csv,698,/Users/macbookpro/Desktop/Development/khmer-handwritten-word-recognition/data/handwritten_external/W001/crops_processed/W001_P004_0101.png,ប្រជាជន,7,True,38,27,56.7936,0.369396,review,transcription_not_human_verified,W001
W001_P004_0102,crops_raw/W001_P004_0102.png,page_004.png,W001,388,594,420,621,ត្រូវការ,ត្រូវការ,0.95,0.8,True,pending,narrow component,data/handwritten_external/W001/metadata.csv,699,/Users/macbookpro/Desktop/Development/khmer-handwritten-word-recognition/data/handwritten_external/W001/crops_processed/W001_P004_0102.png,ត្រូវការ,8,True,32,27,57.4428,0.393519,review,transcription_not_human_verified,W001
W001_P004_0105,crops_raw/W001_P004_0105.png,page_004.png,W001,117,634,147,654,សរុបមកគឺ,សរុបមកគឺ,0.94,0.8,True,pending,narrow component,data/handwritten_external/W001/metadata.csv,702,/Users/macbookpro/Desktop/Development/khmer-handwritten-word-recognition/data/handwritten_external/W001/crops_processed/W001_P004_0105.png,សរុបមកគឺ,8,True,30,20,64.6487,0.573333,review,transcription_not_human_verified,W001
W001_P004_0108,crops_raw/W001_P004_0108.png,page_004.png,W001,480,620,507,641,។,។,0.97,0.8,True,pending,narrow component,data/handwritten_external/W001/metadata.csv,705,/Users/macbookpro/Desktop/Development/khmer-handwritten-word-recognition/data/handwritten_external/W001/crops_processed/W001_P004_0108.png,។,1,True,27,21,59.3323,0.467372,review,transcription_not_human_verified,W001
W001_P004_0109,crops_raw/W001_P004_0109.png,page_004.png,W001,523,616,688,653,អ្វីដែលពិសេសជាង,អ្វីដែលពិសេសជាង,0.93,0.95,True,pending,,data/handwritten_external/W001/metadata.csv,706,/Users/macbookpro/Desktop/Development/khmer-handwritten-word-recognition/data/handwritten_external/W001/crops_processed/W001_P004_0109.png,អ្វីដែលពិសេសជាង,15,True,165,37,55.5971,0.239803,review,transcription_not_human_verified,W001
W001_P004_0110,crops_raw/W001_P004_0110.png,page_004.png,W001,81,646,128,670,នោះគឺ,នោះគឺ,0.95,0.95,True,pending,,data/handwritten_external/W001/metadata.csv,707,/Users/macbookpro/Desktop/Development/khmer-handwritten-word-recognition/data/handwritten_external/W001/crops_processed/W001_P004_0110.png,នោះគឺ,5,True,47,24,60.5284,0.423759,review,transcription_not_human_verified,W001
W001_P004_0111,crops_raw/W001_P004_0111.png,page_004.png,W001,128,637,203,679,ព្រះបរមគ្រូ,ព្រះបរមគ្រូ,0.95,0.95,True,pending,,data/handwritten_external/W001/metadata.csv,708,/Users/macbookpro/Desktop/Development/khmer-handwritten-word-recognition/data/handwritten_external/W001/crops_processed/W001_P004_0111.png,ព្រះបរមគ្រូ,11,True,75,42,42.0716,0.193651,review,transcription_not_human_verified,W001
W001_P004_0112,crops_raw/W001_P004_0112.png,page_004.png,W001,193,638,332,696,នៃយើង,នៃយើង,0.96,0.95,True,pending,,data/handwritten_external/W001/metadata.csv,709,/Users/macbookpro/Desktop/Development/khmer-handwritten-word-recognition/data/handwritten_external/W001/crops_processed/W001_P004_0112.png,នៃយើង,5,True,139,58,58.5081,0.309104,review,transcription_not_human_verified,W001
W001_P004_0113,crops_raw/W001_P004_0113.png,page_004.png,W001,320,641,392,680,បង្រៀនអប់រំមនុស្ស,បង្រៀនអប់រំមនុស្ស,0.93,0.95,True,pending,,data/handwritten_external/W001/metadata.csv,710,/Users/macbookpro/Desktop/Development/khmer-handwritten-word-recognition/data/handwritten_external/W001/crops_processed/W001_P004_0113.png,បង្រៀនអប់រំមនុស្ស,17,True,72,39,48.6794,0.22792,review,transcription_not_human_verified,W001
W001_P004_0114,crops_raw/W001_P004_0114.png,page_004.png,W001,395,641,523,685,ឱ្យចេះឱ្យមាន,ឱ្យចេះឱ្យមាន,0.93,0.95,True,pending,,data/handwritten_external/W001/metadata.csv,711,/Users/macbookpro/Desktop/Development/khmer-handwritten-word-recognition/data/handwritten_external/W001/crops_processed/W001_P004_0114.png,ឱ្យចេះឱ្យមាន,12,True,128,44,55.7113,0.263672,review,transcription_not_human_verified,W001
W001_P004_0115,crops_raw/W001_P004_0115.png,page_004.png,W001,513,643,556,686,គំនិតទៅ,គំនិតទៅ,0.94,0.95,True,pending,,data/handwritten_external/W001/metadata.csv,712,/Users/macbookpro/Desktop/Development/khmer-handwritten-word-recognition/data/handwritten_external/W001/crops_processed/W001_P004_0115.png,គំនិតទៅ,7,True,43,43,54.8283,0.277447,review,transcription_not_human_verified,W001
W001_P004_0119,crops_raw/W001_P004_0119.png,page_004.png,W001,81,664,131,695,លើទស្សនៈ,លើទស្សនៈ,0.95,0.95,True,pending,,data/handwritten_external/W001/metadata.csv,716,/Users/macbookpro/Desktop/Development/khmer-handwritten-word-recognition/data/handwritten_external/W001/crops_processed/W001_P004_0119.png,លើទស្សនៈ,8,True,50,31,50.7423,0.312258,review,transcription_not_human_verified,W001
W001_P004_0120,crops_raw/W001_P004_0120.png,page_004.png,W001,121,672,200,706,កម្មផល,កម្មផល,0.95,0.95,True,pending,,data/handwritten_external/W001/metadata.csv,717,/Users/macbookpro/Desktop/Development/khmer-handwritten-word-recognition/data/handwritten_external/W001/crops_processed/W001_P004_0120.png,កម្មផល,6,True,79,34,46.9241,0.230827,review,transcription_not_human_verified,W001
W001_P004_0121,crops_raw/W001_P004_0121.png,page_004.png,W001,189,670,241,708,ពោលគឺ,ពោលគឺ,0.95,0.95,True,pending,,data/handwritten_external/W001/metadata.csv,718,/Users/macbookpro/Desktop/Development/khmer-handwritten-word-recognition/data/handwritten_external/W001/crops_processed/W001_P004_0121.png,ពោលគឺ,5,True,52,38,53.1992,0.256579,review,transcription_not_human_verified,W001
W001_P004_0122,crops_raw/W001_P004_0122.png,page_004.png,W001,273,666,361,697,អ្នកធ្វើល្អបានល្អ,អ្នកធ្វើល្អបានល្អ,0.93,0.95,True,pending,,data/handwritten_external/W001/metadata.csv,719,/Users/macbookpro/Desktop/Development/khmer-handwritten-word-recognition/data/handwritten_external/W001/crops_processed/W001_P004_0122.png,អ្នកធ្វើល្អបានល្អ,17,True,88,31,47.371,0.217742,review,transcription_not_human_verified,W001
W001_P004_0123,crops_raw/W001_P004_0123.png,page_004.png,W001,375,665,477,709,អ្នកធ្វើអាក្រក់បាន,អ្នកធ្វើអាក្រក់បាន,0.93,0.95,True,pending,,data/handwritten_external/W001/metadata.csv,720,/Users/macbookpro/Desktop/Development/khmer-handwritten-word-recognition/data/handwritten_external/W001/crops_processed/W001_P004_0123.png,អ្នកធ្វើអាក្រក់បាន,18,True,102,44,52.717,0.235963,review,transcription_not_human_verified,W001
W001_P004_0127,crops_raw/W001_P004_0127.png,page_004.png,W001,81,691,182,727,ផលអាក្រក់,ផលអាក្រក់,0.95,0.95,True,pending,,data/handwritten_external/W001/metadata.csv,724,/Users/macbookpro/Desktop/Development/khmer-handwritten-word-recognition/data/handwritten_external/W001/crops_processed/W001_P004_0127.png,ផលអាក្រក់,9,True,101,36,40.9667,0.182893,review,transcription_not_human_verified,W001
W001_P004_0128,crops_raw/W001_P004_0128.png,page_004.png,W001,188,697,274,745,អ្នកពោលប្រព្រឹត្ត,អ្នកពោលប្រព្រឹត្ត,0.93,0.95,True,pending,,data/handwritten_external/W001/metadata.csv,725,/Users/macbookpro/Desktop/Development/khmer-handwritten-word-recognition/data/handwritten_external/W001/crops_processed/W001_P004_0128.png,អ្នកពោលប្រព្រឹត្ត,17,True,86,48,52.12,0.255814,review,transcription_not_human_verified,W001
W001_P004_0129,crops_raw/W001_P004_0129.png,page_004.png,W001,271,692,336,728,ដែលនាំឱ្យលោភលន់,ដែលនាំឱ្យលោភលន់,0.92,0.95,True,pending,,data/handwritten_external/W001/metadata.csv,726,/Users/macbookpro/Desktop/Development/khmer-handwritten-word-recognition/data/handwritten_external/W001/crops_processed/W001_P004_0129.png,ដែលនាំឱ្យលោភលន់,15,True,65,36,52.6929,0.298718,review,transcription_not_human_verified,W001
W001_P004_0130,crops_raw/W001_P004_0130.png,page_004.png,W001,334,688,523,735,វាជាផល...,វាជាផល...,0.93,0.95,True,pending,,data/handwritten_external/W001/metadata.csv,727,/Users/macbookpro/Desktop/Development/khmer-handwritten-word-recognition/data/handwritten_external/W001/crops_processed/W001_P004_0130.png,វាជាផល...,9,True,189,47,59.5806,0.309017,review,transcription_not_human_verified,W001
W001_P004_0131,crops_raw/W001_P004_0131.png,page_004.png,W001,515,697,629,724,វាពិត,វាពិត,0.95,0.95,True,pending,,data/handwritten_external/W001/metadata.csv,728,/Users/macbookpro/Desktop/Development/khmer-handwritten-word-recognition/data/handwritten_external/W001/crops_processed/W001_P004_0131.png,វាពិត,5,True,114,27,52.9148,0.225146,review,transcription_not_human_verified,W001
W001_P004_0133,crops_raw/W001_P004_0133.png,page_004.png,W001,81,718,144,756,ណាស់,ណាស់,0.96,0.95,True,pending,,data/handwritten_external/W001/metadata.csv,730,/Users/macbookpro/Desktop/Development/khmer-handwritten-word-recognition/data/handwritten_external/W001/crops_processed/W001_P004_0133.png,ណាស់,4,True,63,38,47.9127,0.220551,review,transcription_not_human_verified,W001
W001_P004_0134,crops_raw/W001_P004_0134.png,page_004.png,W001,136,720,164,744,។,។,0.97,0.8,True,pending,narrow component,data/handwritten_external/W001/metadata.csv,731,/Users/macbookpro/Desktop/Development/khmer-handwritten-word-recognition/data/handwritten_external/W001/crops_processed/W001_P004_0134.png,។,1,True,28,24,52.0619,0.44494,review,transcription_not_human_verified,W001
W001_P004_0135,crops_raw/W001_P004_0135.png,page_004.png,W001,174,723,201,747,រាល់អំពើអាក្រក់,រាល់អំពើអាក្រក់,0.93,0.8,True,pending,narrow component,data/handwritten_external/W001/metadata.csv,732,/Users/macbookpro/Desktop/Development/khmer-handwritten-word-recognition/data/handwritten_external/W001/crops_processed/W001_P004_0135.png,រាល់អំពើអាក្រក់,15,True,27,24,58.297,0.444444,review,transcription_not_human_verified,W001
W001_P004_0136,crops_raw/W001_P004_0136.png,page_004.png,W001,215,695,391,754,ដែលអ្នកណាបានប្រព្រឹត្ត,ដែលអ្នកណាបានប្រព្រឹត្ត,0.92,0.95,True,pending,,data/handwritten_external/W001/metadata.csv,733,/Users/macbookpro/Desktop/Development/khmer-handwritten-word-recognition/data/handwritten_external/W001/crops_processed/W001_P004_0136.png,ដែលអ្នកណាបានប្រព្រឹត្ត,22,True,176,59,58.056,0.313367,review,transcription_not_human_verified,W001
W001_P004_0137,crops_raw/W001_P004_0137.png,page_004.png,W001,398,723,464,748,ហើយនោះគឺ,ហើយនោះគឺ,0.94,0.95,True,pending,,data/handwritten_external/W001/metadata.csv,734,/Users/macbookpro/Desktop/Development/khmer-handwritten-word-recognition/data/handwritten_external/W001/crops_processed/W001_P004_0137.png,ហើយនោះគឺ,8,True,66,25,60.6243,0.302424,review,transcription_not_human_verified,W001
W001_P004_0141,crops_raw/W001_P004_0141.png,page_004.png,W001,81,740,262,798,អាបាយមុខ,អាបាយមុខ,0.95,0.95,True,pending,,data/handwritten_external/W001/metadata.csv,738,/Users/macbookpro/Desktop/Development/khmer-handwritten-word-recognition/data/handwritten_external/W001/crops_processed/W001_P004_0141.png,អាបាយមុខ,8,True,181,58,59.4242,0.314346,review,transcription_not_human_verified,W001
W001_P004_0142,crops_raw/W001_P004_0142.png,page_004.png,W001,251,742,318,771,សន្តិសុខ,សន្តិសុខ,0.95,0.95,True,pending,,data/handwritten_external/W001/metadata.csv,739,/Users/macbookpro/Desktop/Development/khmer-handwritten-word-recognition/data/handwritten_external/W001/crops_processed/W001_P004_0142.png,សន្តិសុខ,8,True,67,29,55.7681,0.291817,review,transcription_not_human_verified,W001
W001_P004_0143,crops_raw/W001_P004_0143.png,page_004.png,W001,307,748,344,781,និង,និង,0.96,0.95,True,pending,,data/handwritten_external/W001/metadata.csv,740,/Users/macbookpro/Desktop/Development/khmer-handwritten-word-recognition/data/handwritten_external/W001/crops_processed/W001_P004_0143.png,និង,3,True,37,33,56.6575,0.361998,review,transcription_not_human_verified,W001
W001_P004_0144,crops_raw/W001_P004_0144.png,page_004.png,W001,334,723,451,779,អំពើល្អ,អំពើល្អ,0.95,0.95,True,pending,,data/handwritten_external/W001/metadata.csv,741,/Users/macbookpro/Desktop/Development/khmer-handwritten-word-recognition/data/handwritten_external/W001/crops_processed/W001_P004_0144.png,អំពើល្អ,7,True,117,56,56.7833,0.27793,review,transcription_not_human_verified,W001
W001_P004_0145,crops_raw/W001_P004_0145.png,page_004.png,W001,453,747,507,795,បានឡើយ,បានឡើយ,0.95,0.95,True,pending,,data/handwritten_external/W001/metadata.csv,742,/Users/macbookpro/Desktop/Development/khmer-handwritten-word-recognition/data/handwritten_external/W001/crops_processed/W001_P004_0145.png,បានឡើយ,6,True,54,48,57.2486,0.298611,review,transcription_not_human_verified,W001
W001_P004_0146,crops_raw/W001_P004_0146.png,page_004.png,W001,514,745,588,796,។,។,0.97,0.95,True,pending,,data/handwritten_external/W001/metadata.csv,743,/Users/macbookpro/Desktop/Development/khmer-handwritten-word-recognition/data/handwritten_external/W001/crops_processed/W001_P004_0146.png,។,1,True,74,51,51.65,0.284579,review,transcription_not_human_verified,W001
W001_P004_0147,crops_raw/W001_P004_0147.png,page_004.png,W001,578,741,688,773,ក្នុងចំណុចនេះដែល,ក្នុងចំណុចនេះដែល,0.93,0.95,True,pending,,data/handwritten_external/W001/metadata.csv,744,/Users/macbookpro/Desktop/Development/khmer-handwritten-word-recognition/data/handwritten_external/W001/crops_processed/W001_P004_0147.png,ក្នុងចំណុចនេះដែល,16,True,110,32,48.8273,0.204545,review,transcription_not_human_verified,W001
W001_P004_0148,crops_raw/W001_P004_0148.png,page_004.png,W001,81,770,167,821,ព្រះពុទ្ធសាសនា,ព្រះពុទ្ធសាសនា,0.96,0.95,True,pending,,data/handwritten_external/W001/metadata.csv,745,/Users/macbookpro/Desktop/Development/khmer-handwritten-word-recognition/data/handwritten_external/W001/crops_processed/W001_P004_0148.png,ព្រះពុទ្ធសាសនា,14,True,86,51,53.5906,0.25969,review,transcription_not_human_verified,W001
W001_P004_0149,crops_raw/W001_P004_0149.png,page_004.png,W001,235,771,275,795,បានអប់រំឱ្យ,បានអប់រំឱ្យ,0.94,0.95,True,pending,,data/handwritten_external/W001/metadata.csv,746,/Users/macbookpro/Desktop/Development/khmer-handwritten-word-recognition/data/handwritten_external/W001/crops_processed/W001_P004_0149.png,បានអប់រំឱ្យ,11,True,40,24,61.1971,0.405208,review,transcription_not_human_verified,W001
W001_P004_0150,crops_raw/W001_P004_0150.png,page_004.png,W001,264,764,457,821,មនុស្សរៀនពី,មនុស្សរៀនពី,0.94,0.95,True,pending,,data/handwritten_external/W001/metadata.csv,747,/Users/macbookpro/Desktop/Development/khmer-handwritten-word-recognition/data/handwritten_external/W001/crops_processed/W001_P004_0150.png,មនុស្សរៀនពី,11,True,193,57,60.3857,0.332606,review,transcription_not_human_verified,W001
W001_P004_0151,crops_raw/W001_P004_0151.png,page_004.png,W001,467,761,551,820,អំពើល្អ,អំពើល្អ,0.95,0.95,True,pending,,data/handwritten_external/W001/metadata.csv,748,/Users/macbookpro/Desktop/Development/khmer-handwritten-word-recognition/data/handwritten_external/W001/crops_processed/W001_P004_0151.png,អំពើល្អ,7,True,84,59,59.7949,0.305488,review,transcription_not_human_verified,W001
W001_P004_0152,crops_raw/W001_P004_0152.png,page_004.png,W001,577,769,688,821,កាត់បន្ថយកាល,កាត់បន្ថយកាល,0.93,0.95,True,pending,,data/handwritten_external/W001/metadata.csv,749,/Users/macbookpro/Desktop/Development/khmer-handwritten-word-recognition/data/handwritten_external/W001/crops_processed/W001_P004_0152.png,កាត់បន្ថយកាល,12,True,111,52,58.8405,0.304747,review,transcription_not_human_verified,W001
W001_P004_0153,crops_raw/W001_P004_0153.png,page_004.png,W001,81,792,123,829,ទុច្ចរិត,ទុច្ចរិត,0.95,0.95,True,pending,,data/handwritten_external/W001/metadata.csv,750,/Users/macbookpro/Desktop/Development/khmer-handwritten-word-recognition/data/handwritten_external/W001/crops_processed/W001_P004_0153.png,ទុច្ចរិត,8,True,42,37,61.3688,0.390605,review,transcription_not_human_verified,W001
W001_P004_0154,crops_raw/W001_P004_0154.png,page_004.png,W001,147,776,259,847,និង,និង,0.96,0.95,True,pending,,data/handwritten_external/W001/metadata.csv,751,/Users/macbookpro/Desktop/Development/khmer-handwritten-word-recognition/data/handwritten_external/W001/crops_processed/W001_P004_0154.png,និង,3,True,112,71,63.8935,0.367832,review,transcription_not_human_verified,W001
W001_P004_0155,crops_raw/W001_P004_0155.png,page_004.png,W001,264,788,319,821,ទុច្ចរិតចិត្ត,ទុច្ចរិតចិត្ត,0.94,0.95,True,pending,,data/handwritten_external/W001/metadata.csv,752,/Users/macbookpro/Desktop/Development/khmer-handwritten-word-recognition/data/handwritten_external/W001/crops_processed/W001_P004_0155.png,ទុច្ចរិតចិត្ត,13,True,55,33,55.0973,0.272727,review,transcription_not_human_verified,W001
W001_P004_0156,crops_raw/W001_P004_0156.png,page_004.png,W001,332,796,395,824,ហើយ,ហើយ,0.96,0.95,True,pending,,data/handwritten_external/W001/metadata.csv,753,/Users/macbookpro/Desktop/Development/khmer-handwritten-word-recognition/data/handwritten_external/W001/crops_processed/W001_P004_0156.png,ហើយ,3,True,63,28,59.2854,0.314059,review,transcription_not_human_verified,W001
W001_P004_0157,crops_raw/W001_P004_0157.png,page_004.png,W001,387,790,475,830,ចំណែក,ចំណែក,0.95,0.95,True,pending,,data/handwritten_external/W001/metadata.csv,754,/Users/macbookpro/Desktop/Development/khmer-handwritten-word-recognition/data/handwritten_external/W001/crops_processed/W001_P004_0157.png,ចំណែក,5,True,88,40,51.0488,0.273011,review,transcription_not_human_verified,W001
W001_P004_0158,crops_raw/W001_P004_0158.png,page_004.png,W001,466,792,504,822,ការរស់នៅល្អ,ការរស់នៅល្អ,0.93,0.95,True,pending,,data/handwritten_external/W001/metadata.csv,755,/Users/macbookpro/Desktop/Development/khmer-handwritten-word-recognition/data/handwritten_external/W001/crops_processed/W001_P004_0158.png,ការរស់នៅល្អ,11,True,38,30,54.1022,0.311404,review,transcription_not_human_verified,W001
W001_P004_0159,crops_raw/W001_P004_0159.png,page_004.png,W001,520,797,560,827,ការធ្វើកុសល...,ការធ្វើកុសល...,0.93,0.95,True,pending,,data/handwritten_external/W001/metadata.csv,756,/Users/macbookpro/Desktop/Development/khmer-handwritten-word-recognition/data/handwritten_external/W001/crops_processed/W001_P004_0159.png,ការធ្វើកុសល...,14,True,40,30,60.1584,0.326667,review,transcription_not_human_verified,W001
W001_P004_0162,crops_raw/W001_P004_0162.png,page_004.png,W001,81,815,172,877,ចំណែកនោះគឺ,ចំណែកនោះគឺ,0.94,0.95,True,pending,,data/handwritten_external/W001/metadata.csv,759,/Users/macbookpro/Desktop/Development/khmer-handwritten-word-recognition/data/handwritten_external/W001/crops_processed/W001_P004_0162.png,ចំណែកនោះគឺ,10,True,91,62,53.641,0.289436,review,transcription_not_human_verified,W001
W001_P004_0163,crops_raw/W001_P004_0163.png,page_004.png,W001,194,815,287,847,លោកពិត,លោកពិត,0.95,0.95,True,pending,,data/handwritten_external/W001/metadata.csv,760,/Users/macbookpro/Desktop/Development/khmer-handwritten-word-recognition/data/handwritten_external/W001/crops_processed/W001_P004_0163.png,លោកពិត,6,True,93,32,47.9866,0.245296,review,transcription_not_human_verified,W001
W001_P004_0164,crops_raw/W001_P004_0164.png,page_004.png,W001,280,813,343,854,គឺធ្វើកុសល,គឺធ្វើកុសល,0.93,0.95,True,pending,,data/handwritten_external/W001/metadata.csv,761,/Users/macbookpro/Desktop/Development/khmer-handwritten-word-recognition/data/handwritten_external/W001/crops_processed/W001_P004_0164.png,គឺធ្វើកុសល,10,True,63,41,54.0097,0.273326,review,transcription_not_human_verified,W001
W001_P004_0165,crops_raw/W001_P004_0165.png,page_004.png,W001,331,820,417,859,គឺបានន័យថា,គឺបានន័យថា,0.94,0.95,True,pending,,data/handwritten_external/W001/metadata.csv,762,/Users/macbookpro/Desktop/Development/khmer-handwritten-word-recognition/data/handwritten_external/W001/crops_processed/W001_P004_0165.png,គឺបានន័យថា,10,True,86,39,52.1314,0.272212,review,transcription_not_human_verified,W001
W001_P004_0166,crops_raw/W001_P004_0166.png,page_004.png,W001,413,811,545,848,ស៊ីល្អបានល្អ,ស៊ីល្អបានល្អ,0.93,0.95,True,pending,,data/handwritten_external/W001/metadata.csv,763,/Users/macbookpro/Desktop/Development/khmer-handwritten-word-recognition/data/handwritten_external/W001/crops_processed/W001_P004_0166.png,ស៊ីល្អបានល្អ,12,True,132,37,54.1998,0.250819,review,transcription_not_human_verified,W001
W001_P004_0167,crops_raw/W001_P004_0167.png,page_004.png,W001,548,816,614,856,ស៊ី,ស៊ី,0.96,0.95,True,pending,,data/handwritten_external/W001/metadata.csv,764,/Users/macbookpro/Desktop/Development/khmer-handwritten-word-recognition/data/handwritten_external/W001/crops_processed/W001_P004_0167.png,ស៊ី,3,True,66,40,50.6168,0.233712,review,transcription_not_human_verified,W001
W001_P004_0170,crops_raw/W001_P004_0170.png,page_004.png,W001,113,835,246,879,អាក្រក់បានអាក្រក់,អាក្រក់បានអាក្រក់,0.93,0.95,True,pending,,data/handwritten_external/W001/metadata.csv,767,/Users/macbookpro/Desktop/Development/khmer-handwritten-word-recognition/data/handwritten_external/W001/crops_processed/W001_P004_0170.png,អាក្រក់បានអាក្រក់,17,True,133,44,55.452,0.28093,review,transcription_not_human_verified,W001
W001_P004_0171,crops_raw/W001_P004_0171.png,page_004.png,W001,237,839,304,880,អ្វីទាំងឡាយ,អ្វីទាំងឡាយ,0.95,0.95,True,pending,,data/handwritten_external/W001/metadata.csv,768,/Users/macbookpro/Desktop/Development/khmer-handwritten-word-recognition/data/handwritten_external/W001/crops_processed/W001_P004_0171.png,អ្វីទាំងឡាយ,11,True,67,41,46.0641,0.216236,review,transcription_not_human_verified,W001
W001_P004_0172,crops_raw/W001_P004_0172.png,page_004.png,W001,293,839,436,878,កើតឡើងដោយការ,កើតឡើងដោយការ,0.93,0.95,True,pending,,data/handwritten_external/W001/metadata.csv,769,/Users/macbookpro/Desktop/Development/khmer-handwritten-word-recognition/data/handwritten_external/W001/crops_processed/W001_P004_0172.png,កើតឡើងដោយការ,12,True,143,39,51.4378,0.250134,review,transcription_not_human_verified,W001
W001_P004_0173,crops_raw/W001_P004_0173.png,page_004.png,W001,424,843,497,872,ស្វែងរកកុសល,ស្វែងរកកុសល,0.94,0.95,True,pending,,data/handwritten_external/W001/metadata.csv,770,/Users/macbookpro/Desktop/Development/khmer-handwritten-word-recognition/data/handwritten_external/W001/crops_processed/W001_P004_0173.png,ស្វែងរកកុសល,11,True,73,29,52.3163,0.224846,review,transcription_not_human_verified,W001
W001_P004_0174,crops_raw/W001_P004_0174.png,page_004.png,W001,488,842,582,880,សាង,សាង,0.96,0.95,True,pending,,data/handwritten_external/W001/metadata.csv,771,/Users/macbookpro/Desktop/Development/khmer-handwritten-word-recognition/data/handwritten_external/W001/crops_processed/W001_P004_0174.png,សាង,3,True,94,38,45.5929,0.192609,review,transcription_not_human_verified,W001
W001_P004_0177,crops_raw/W001_P004_0177.png,page_004.png,W001,81,865,199,920,បុគ្គលម្នាក់ៗ,បុគ្គលម្នាក់ៗ,0.95,0.95,True,pending,,data/handwritten_external/W001/metadata.csv,774,/Users/macbookpro/Desktop/Development/khmer-handwritten-word-recognition/data/handwritten_external/W001/crops_processed/W001_P004_0177.png,បុគ្គលម្នាក់ៗ,13,True,118,55,59.0338,0.329584,review,transcription_not_human_verified,W001
W001_P004_0178,crops_raw/W001_P004_0178.png,page_004.png,W001,191,865,300,905,សាសនិកជន,សាសនិកជន,0.95,0.95,True,pending,,data/handwritten_external/W001/metadata.csv,775,/Users/macbookpro/Desktop/Development/khmer-handwritten-word-recognition/data/handwritten_external/W001/crops_processed/W001_P004_0178.png,សាសនិកជន,8,True,109,40,48.9614,0.207339,review,transcription_not_human_verified,W001
W001_P004_0179,crops_raw/W001_P004_0179.png,page_004.png,W001,317,871,343,895,។,។,0.97,0.8,True,pending,narrow component,data/handwritten_external/W001/metadata.csv,776,/Users/macbookpro/Desktop/Development/khmer-handwritten-word-recognition/data/handwritten_external/W001/crops_processed/W001_P004_0179.png,។,1,True,26,24,50.9395,0.403846,review,transcription_not_human_verified,W001
W001_P004_0180,crops_raw/W001_P004_0180.png,page_004.png,W001,353,866,459,908,ក្រៅពីនេះ,ក្រៅពីនេះ,0.95,0.95,True,pending,,data/handwritten_external/W001/metadata.csv,777,/Users/macbookpro/Desktop/Development/khmer-handwritten-word-recognition/data/handwritten_external/W001/crops_processed/W001_P004_0180.png,ក្រៅពីនេះ,9,True,106,42,48.8482,0.205975,review,transcription_not_human_verified,W001
W001_P004_0181,crops_raw/W001_P004_0181.png,page_004.png,W001,463,872,515,906,ព្រះពុទ្ធសាសនា,ព្រះពុទ្ធសាសនា,0.96,0.95,True,pending,,data/handwritten_external/W001/metadata.csv,778,/Users/macbookpro/Desktop/Development/khmer-handwritten-word-recognition/data/handwritten_external/W001/crops_processed/W001_P004_0181.png,ព្រះពុទ្ធសាសនា,14,True,52,34,51.4034,0.24095,review,transcription_not_human_verified,W001
W001_P004_0182,crops_raw/W001_P004_0182.png,page_004.png,W001,504,872,551,908,បានឱ្យរៀន,បានឱ្យរៀន,0.94,0.95,True,pending,,data/handwritten_external/W001/metadata.csv,779,/Users/macbookpro/Desktop/Development/khmer-handwritten-word-recognition/data/handwritten_external/W001/crops_processed/W001_P004_0182.png,បានឱ្យរៀន,9,True,47,36,57.5947,0.314421,review,transcription_not_human_verified,W001
W001_P004_0185,crops_raw/W001_P004_0185.png,page_004.png,W001,88,895,168,921,សរសេរ,សរសេរ,0.95,0.95,True,pending,,data/handwritten_external/W001/metadata.csv,782,/Users/macbookpro/Desktop/Development/khmer-handwritten-word-recognition/data/handwritten_external/W001/crops_processed/W001_P004_0185.png,សរសេរ,5,True,80,26,60.3965,0.342788,review,transcription_not_human_verified,W001
W001_P004_0186,crops_raw/W001_P004_0186.png,page_004.png,W001,156,887,377,934,ប្រជាជន,ប្រជាជន,0.96,0.95,True,pending,,data/handwritten_external/W001/metadata.csv,783,/Users/macbookpro/Desktop/Development/khmer-handwritten-word-recognition/data/handwritten_external/W001/crops_processed/W001_P004_0186.png,ប្រជាជន,7,True,221,47,58.6785,0.324059,review,transcription_not_human_verified,W001
W001_P004_0187,crops_raw/W001_P004_0187.png,page_004.png,W001,376,891,466,922,ត្រូវរៀនចេះអាន,ត្រូវរៀនចេះអាន,0.93,0.95,True,pending,,data/handwritten_external/W001/metadata.csv,784,/Users/macbookpro/Desktop/Development/khmer-handwritten-word-recognition/data/handwritten_external/W001/crops_processed/W001_P004_0187.png,ត្រូវរៀនចេះអាន,14,True,90,31,50.4763,0.221505,review,transcription_not_human_verified,W001
W001_P004_0188,crops_raw/W001_P004_0188.png,page_004.png,W001,454,893,511,920,គិត,គិត,0.96,0.95,True,pending,,data/handwritten_external/W001/metadata.csv,785,/Users/macbookpro/Desktop/Development/khmer-handwritten-word-recognition/data/handwritten_external/W001/crops_processed/W001_P004_0188.png,គិត,3,True,57,27,59.573,0.319038,review,transcription_not_human_verified,W001
W001_P004_0189,crops_raw/W001_P004_0189.png,page_004.png,W001,500,896,569,928,លើសលប់,លើសលប់,0.94,0.95,True,pending,,data/handwritten_external/W001/metadata.csv,786,/Users/macbookpro/Desktop/Development/khmer-handwritten-word-recognition/data/handwritten_external/W001/crops_processed/W001_P004_0189.png,លើសលប់,6,True,69,32,51.8597,0.21875,review,transcription_not_human_verified,W001
W001_P004_0190,crops_raw/W001_P004_0190.png,page_004.png,W001,559,896,610,923,ភាពស្គាល់,ភាពស្គាល់,0.94,0.95,True,pending,,data/handwritten_external/W001/metadata.csv,787,/Users/macbookpro/Desktop/Development/khmer-handwritten-word-recognition/data/handwritten_external/W001/crops_processed/W001_P004_0190.png,ភាពស្គាល់,9,True,51,27,55.1806,0.276688,review,transcription_not_human_verified,W001
W001_P004_0192,crops_raw/W001_P004_0192.png,page_004.png,W001,81,917,186,947,ដោយសារការគិត,ដោយសារការគិត,0.93,0.95,True,pending,,data/handwritten_external/W001/metadata.csv,789,/Users/macbookpro/Desktop/Development/khmer-handwritten-word-recognition/data/handwritten_external/W001/crops_processed/W001_P004_0192.png,ដោយសារការគិត,12,True,105,30,52.0056,0.233968,review,transcription_not_human_verified,W001
W001_P004_0193,crops_raw/W001_P004_0193.png,page_004.png,W001,181,916,263,957,ព្យាយាមបំពេញ,ព្យាយាមបំពេញ,0.94,0.95,True,pending,,data/handwritten_external/W001/metadata.csv,790,/Users/macbookpro/Desktop/Development/khmer-handwritten-word-recognition/data/handwritten_external/W001/crops_processed/W001_P004_0193.png,ព្យាយាមបំពេញ,12,True,82,41,44.1506,0.23141,review,transcription_not_human_verified,W001
W001_P004_0194,crops_raw/W001_P004_0194.png,page_004.png,W001,279,921,372,954,ការងារនោះ,ការងារនោះ,0.95,0.95,True,pending,,data/handwritten_external/W001/metadata.csv,791,/Users/macbookpro/Desktop/Development/khmer-handwritten-word-recognition/data/handwritten_external/W001/crops_processed/W001_P004_0194.png,ការងារនោះ,9,True,93,33,45.4302,0.22711,review,transcription_not_human_verified,W001
W001_P004_0195,crops_raw/W001_P004_0195.png,page_004.png,W001,360,917,485,971,មិនចោលកាល...,មិនចោលកាល...,0.93,0.95,True,pending,,data/handwritten_external/W001/metadata.csv,792,/Users/macbookpro/Desktop/Development/khmer-handwritten-word-recognition/data/handwritten_external/W001/crops_processed/W001_P004_0195.png,មិនចោលកាល...,12,True,125,54,56.3739,0.276889,review,transcription_not_human_verified,W001
W001_P004_0198,crops_raw/W001_P004_0198.png,page_004.png,W001,81,943,191,980,កាយកម្លាំង,កាយកម្លាំង,0.94,0.85,True,pending,,data/handwritten_external/W001/metadata.csv,795,/Users/macbookpro/Desktop/Development/khmer-handwritten-word-recognition/data/handwritten_external/W001/crops_processed/W001_P004_0198.png,កាយកម្លាំង,10,True,110,37,45.2139,0.206388,review,transcription_not_human_verified,W001
W001_P004_0199,crops_raw/W001_P004_0199.png,page_004.png,W001,178,939,241,980,ចិត្តកម្លាំង,ចិត្តកម្លាំង,0.94,0.85,True,pending,,data/handwritten_external/W001/metadata.csv,796,/Users/macbookpro/Desktop/Development/khmer-handwritten-word-recognition/data/handwritten_external/W001/crops_processed/W001_P004_0199.png,ចិត្តកម្លាំង,12,True,63,41,54.3849,0.302749,review,transcription_not_human_verified,W001
W001_P004_0200,crops_raw/W001_P004_0200.png,page_004.png,W001,253,944,411,984,ប្រាជ្ញាកើតឡើង,ប្រាជ្ញាកើតឡើង,0.93,0.95,True,pending,,data/handwritten_external/W001/metadata.csv,797,/Users/macbookpro/Desktop/Development/khmer-handwritten-word-recognition/data/handwritten_external/W001/crops_processed/W001_P004_0200.png,ប្រាជ្ញាកើតឡើង,14,True,158,40,57.8346,0.308861,review,transcription_not_human_verified,W001
W001_P004_0201,crops_raw/W001_P004_0201.png,page_004.png,W001,467,940,555,984,ឱ្យស័ក្តិសម,ឱ្យស័ក្តិសម,0.94,0.95,True,pending,,data/handwritten_external/W001/metadata.csv,798,/Users/macbookpro/Desktop/Development/khmer-handwritten-word-recognition/data/handwritten_external/W001/crops_processed/W001_P004_0201.png,ឱ្យស័ក្តិសម,11,True,88,44,48.8358,0.203512,review,transcription_not_human_verified,W001
W001_P004_0202,crops_raw/W001_P004_0202.png,page_004.png,W001,544,943,617,973,និងគុណតម្លៃ,និងគុណតម្លៃ,0.94,0.95,True,pending,,data/handwritten_external/W001/metadata.csv,799,/Users/macbookpro/Desktop/Development/khmer-handwritten-word-recognition/data/handwritten_external/W001/crops_processed/W001_P004_0202.png,និងគុណតម្លៃ,11,True,73,30,53.6865,0.240639,review,transcription_not_human_verified,W001
W001_P004_0203,crops_raw/W001_P004_0203.png,page_004.png,W001,605,941,667,980,ការ,ការ,0.96,0.95,True,pending,,data/handwritten_external/W001/metadata.csv,800,/Users/macbookpro/Desktop/Development/khmer-handwritten-word-recognition/data/handwritten_external/W001/crops_processed/W001_P004_0203.png,ការ,3,True,62,39,50.4033,0.212986,review,transcription_not_human_verified,W001
W001_P004_0205,crops_raw/W001_P004_0205.png,page_004.png,W001,83,965,204,1001,រលត់បាត់បង់,រលត់បាត់បង់,0.94,0.95,True,pending,,data/handwritten_external/W001/metadata.csv,802,/Users/macbookpro/Desktop/Development/khmer-handwritten-word-recognition/data/handwritten_external/W001/crops_processed/W001_P004_0205.png,រលត់បាត់បង់,11,True,121,36,48.3061,0.182966,review,transcription_not_human_verified,W001
W001_P004_0206,crops_raw/W001_P004_0206.png,page_004.png,W001,193,960,247,996,។,។,0.97,0.95,True,pending,,data/handwritten_external/W001/metadata.csv,803,/Users/macbookpro/Desktop/Development/khmer-handwritten-word-recognition/data/handwritten_external/W001/crops_processed/W001_P004_0206.png,។,1,True,54,36,62.4235,0.361626,review,transcription_not_human_verified,W001
W001_P004_0207,crops_raw/W001_P004_0207.png,page_004.png,W001,243,971,270,997,ក្នុងការស្ថាបនា,ក្នុងការស្ថាបនា,0.94,0.8,True,pending,narrow component,data/handwritten_external/W001/metadata.csv,804,/Users/macbookpro/Desktop/Development/khmer-handwritten-word-recognition/data/handwritten_external/W001/crops_processed/W001_P004_0207.png,ក្នុងការស្ថាបនា,15,True,27,26,50.0585,0.35755,review,transcription_not_human_verified,W001
W001_P004_0208,crops_raw/W001_P004_0208.png,page_004.png,W001,266,960,457,1003,ទស្សនៈ,ទស្សនៈ,0.96,0.95,True,pending,,data/handwritten_external/W001/metadata.csv,805,/Users/macbookpro/Desktop/Development/khmer-handwritten-word-recognition/data/handwritten_external/W001/crops_processed/W001_P004_0208.png,ទស្សនៈ,6,True,191,43,59.5285,0.302934,review,transcription_not_human_verified,W001
W001_P004_0209,crops_raw/W001_P004_0209.png,page_004.png,W001,445,971,524,997,នៃការយល់ដឹងនេះ,នៃការយល់ដឹងនេះ,0.93,0.95,True,pending,,data/handwritten_external/W001/metadata.csv,806,/Users/macbookpro/Desktop/Development/khmer-handwritten-word-recognition/data/handwritten_external/W001/crops_processed/W001_P004_0209.png,នៃការយល់ដឹងនេះ,14,True,79,26,55.529,0.296495,review,transcription_not_human_verified,W001
W001_P005_0001,crops_raw/W001_P005_0001.png,page_005.png,W001,105,227,267,261,ឱ្យតែជាការស្វែងរក,ឱ្យតែជាការស្វែងរក,0.93,0.95,True,pending,,data/handwritten_external/W001/metadata.csv,808,/Users/macbookpro/Desktop/Development/khmer-handwritten-word-recognition/data/handwritten_external/W001/crops_processed/W001_P005_0001.png,ឱ្យតែជាការស្វែងរក,17,True,162,34,54.1864,0.264161,review,transcription_not_human_verified,W001
W001_P005_0002,crops_raw/W001_P005_0002.png,page_005.png,W001,257,223,324,265,ចំណេះដឹង,ចំណេះដឹង,0.95,0.95,True,pending,,data/handwritten_external/W001/metadata.csv,809,/Users/macbookpro/Desktop/Development/khmer-handwritten-word-recognition/data/handwritten_external/W001/crops_processed/W001_P005_0002.png,ចំណេះដឹង,8,True,67,42,51.362,0.213575,review,transcription_not_human_verified,W001
W001_P005_0003,crops_raw/W001_P005_0003.png,page_005.png,W001,312,232,373,254,ដែលចេញពី,ដែលចេញពី,0.94,0.8,True,pending,narrow component,data/handwritten_external/W001/metadata.csv,810,/Users/macbookpro/Desktop/Development/khmer-handwritten-word-recognition/data/handwritten_external/W001/crops_processed/W001_P005_0003.png,ដែលចេញពី,8,True,61,22,63.2186,0.390462,review,transcription_not_human_verified,W001
W001_P005_0004,crops_raw/W001_P005_0004.png,page_005.png,W001,377,226,449,264,គំនិត,គំនិត,0.95,0.85,True,pending,,data/handwritten_external/W001/metadata.csv,811,/Users/macbookpro/Desktop/Development/khmer-handwritten-word-recognition/data/handwritten_external/W001/crops_processed/W001_P005_0004.png,គំនិត,5,True,72,38,54.5003,0.24598,review,transcription_not_human_verified,W001
W001_P005_0005,crops_raw/W001_P005_0005.png,page_005.png,W001,436,221,577,264,របស់,របស់,0.96,0.85,True,pending,,data/handwritten_external/W001/metadata.csv,812,/Users/macbookpro/Desktop/Development/khmer-handwritten-word-recognition/data/handwritten_external/W001/crops_processed/W001_P005_0005.png,របស់,4,True,141,43,58.5978,0.272637,review,transcription_not_human_verified,W001
W001_P005_0006,crops_raw/W001_P005_0006.png,page_005.png,W001,570,222,688,272,មនុស្ស,មនុស្ស,0.96,0.95,True,pending,,data/handwritten_external/W001/metadata.csv,813,/Users/macbookpro/Desktop/Development/khmer-handwritten-word-recognition/data/handwritten_external/W001/crops_processed/W001_P005_0006.png,មនុស្ស,6,True,118,50,58.3924,0.281186,review,transcription_not_human_verified,W001
W001_P005_0007,crops_raw/W001_P005_0007.png,page_005.png,W001,83,226,138,289,ត្រូវជួយ,ត្រូវជួយ,0.94,0.95,True,pending,,data/handwritten_external/W001/metadata.csv,814,/Users/macbookpro/Desktop/Development/khmer-handwritten-word-recognition/data/handwritten_external/W001/crops_processed/W001_P005_0007.png,ត្រូវជួយ,8,True,55,63,57.5789,0.306494,review,transcription_not_human_verified,W001
W001_P005_0008,crops_raw/W001_P005_0008.png,page_005.png,W001,127,260,160,282,សង្គ្រោះ,សង្គ្រោះ,0.95,0.8,True,pending,narrow component,data/handwritten_external/W001/metadata.csv,815,/Users/macbookpro/Desktop/Development/khmer-handwritten-word-recognition/data/handwritten_external/W001/crops_processed/W001_P005_0008.png,សង្គ្រោះ,8,True,33,22,67.6544,0.490358,review,transcription_not_human_verified,W001
W001_P005_0009,crops_raw/W001_P005_0009.png,page_005.png,W001,148,257,234,294,មនុស្សជាតិ,មនុស្សជាតិ,0.95,0.95,True,pending,,data/handwritten_external/W001/metadata.csv,816,/Users/macbookpro/Desktop/Development/khmer-handwritten-word-recognition/data/handwritten_external/W001/crops_processed/W001_P005_0009.png,មនុស្សជាតិ,10,True,86,37,54.0388,0.225644,review,transcription_not_human_verified,W001
W001_P005_0010,crops_raw/W001_P005_0010.png,page_005.png,W001,224,251,327,293,គ្រប់ៗគ្នា...,គ្រប់ៗគ្នា...,0.94,0.95,True,pending,,data/handwritten_external/W001/metadata.csv,817,/Users/macbookpro/Desktop/Development/khmer-handwritten-word-recognition/data/handwritten_external/W001/crops_processed/W001_P005_0010.png,គ្រប់ៗគ្នា...,13,True,103,42,51.8554,0.205039,review,transcription_not_human_verified,W001
W001_P005_0011,crops_raw/W001_P005_0011.png,page_005.png,W001,315,249,363,287,អត្ថន័យ,អត្ថន័យ,0.95,0.95,True,pending,,data/handwritten_external/W001/metadata.csv,818,/Users/macbookpro/Desktop/Development/khmer-handwritten-word-recognition/data/handwritten_external/W001/crops_processed/W001_P005_0011.png,អត្ថន័យ,7,True,48,38,55.6988,0.264254,review,transcription_not_human_verified,W001
W001_P005_0012,crops_raw/W001_P005_0012.png,page_005.png,W001,351,249,435,286,ជាដើម...,ជាដើម...,0.94,0.95,True,pending,,data/handwritten_external/W001/metadata.csv,819,/Users/macbookpro/Desktop/Development/khmer-handwritten-word-recognition/data/handwritten_external/W001/crops_processed/W001_P005_0012.png,ជាដើម...,8,True,84,37,51.4189,0.207851,review,transcription_not_human_verified,W001
W001_P005_0016,crops_raw/W001_P005_0016.png,page_005.png,W001,84,260,164,308,ជាដើម,ជាដើម,0.96,0.95,True,pending,,data/handwritten_external/W001/metadata.csv,823,/Users/macbookpro/Desktop/Development/khmer-handwritten-word-recognition/data/handwritten_external/W001/crops_processed/W001_P005_0016.png,ជាដើម,5,True,80,48,56.0039,0.285417,review,transcription_not_human_verified,W001
W001_P005_0017,crops_raw/W001_P005_0017.png,page_005.png,W001,155,283,181,306,។,។,0.97,0.8,True,pending,narrow component,data/handwritten_external/W001/metadata.csv,824,/Users/macbookpro/Desktop/Development/khmer-handwritten-word-recognition/data/handwritten_external/W001/crops_processed/W001_P005_0017.png,។,1,True,26,23,52.4228,0.580268,review,transcription_not_human_verified,W001
W001_P005_0018,crops_raw/W001_P005_0018.png,page_005.png,W001,186,278,273,319,អ្វីដែលសបញ្ជាក់,អ្វីដែលសបញ្ជាក់,0.93,0.95,True,pending,,data/handwritten_external/W001/metadata.csv,825,/Users/macbookpro/Desktop/Development/khmer-handwritten-word-recognition/data/handwritten_external/W001/crops_processed/W001_P005_0018.png,អ្វីដែលសបញ្ជាក់,15,True,87,41,56.0227,0.255677,review,transcription_not_human_verified,W001
W001_P005_0019,crops_raw/W001_P005_0019.png,page_005.png,W001,263,283,318,306,បន្ថែមគឺ,បន្ថែមគឺ,0.94,0.8,True,pending,narrow component,data/handwritten_external/W001/metadata.csv,826,/Users/macbookpro/Desktop/Development/khmer-handwritten-word-recognition/data/handwritten_external/W001/crops_processed/W001_P005_0019.png,បន្ថែមគឺ,8,True,55,23,63.9028,0.418972,review,transcription_not_human_verified,W001
W001_P005_0020,crops_raw/W001_P005_0020.png,page_005.png,W001,324,282,345,304,ព្រះពុទ្ធសាសនា,ព្រះពុទ្ធសាសនា,0.96,0.8,True,pending,narrow component,data/handwritten_external/W001/metadata.csv,827,/Users/macbookpro/Desktop/Development/khmer-handwritten-word-recognition/data/handwritten_external/W001/crops_processed/W001_P005_0020.png,ព្រះពុទ្ធសាសនា,14,True,21,22,57.764,0.614719,review,transcription_not_human_verified,W001
W001_P005_0021,crops_raw/W001_P005_0021.png,page_005.png,W001,341,280,422,331,បានអប់រំឱ្យ,បានអប់រំឱ្យ,0.94,0.95,True,pending,,data/handwritten_external/W001/metadata.csv,828,/Users/macbookpro/Desktop/Development/khmer-handwritten-word-recognition/data/handwritten_external/W001/crops_processed/W001_P005_0021.png,បានអប់រំឱ្យ,11,True,81,51,56.7719,0.242798,review,transcription_not_human_verified,W001
W001_P005_0025,crops_raw/W001_P005_0025.png,page_005.png,W001,82,302,253,349,ដើរតាម,ដើរតាម,0.95,0.95,True,pending,,data/handwritten_external/W001/metadata.csv,832,/Users/macbookpro/Desktop/Development/khmer-handwritten-word-recognition/data/handwritten_external/W001/crops_processed/W001_P005_0025.png,ដើរតាម,6,True,171,47,63.5355,0.348638,review,transcription_not_human_verified,W001
W001_P005_0026,crops_raw/W001_P005_0026.png,page_005.png,W001,247,298,299,333,ផ្លូវកណ្តាល,ផ្លូវកណ្តាល,0.94,0.95,True,pending,,data/handwritten_external/W001/metadata.csv,833,/Users/macbookpro/Desktop/Development/khmer-handwritten-word-recognition/data/handwritten_external/W001/crops_processed/W001_P005_0026.png,ផ្លូវកណ្តាល,11,True,52,35,56.6223,0.297253,review,transcription_not_human_verified,W001
W001_P005_0027,crops_raw/W001_P005_0027.png,page_005.png,W001,290,283,392,343,គឺសច្ចធម៌,គឺសច្ចធម៌,0.93,0.95,True,pending,,data/handwritten_external/W001/metadata.csv,834,/Users/macbookpro/Desktop/Development/khmer-handwritten-word-recognition/data/handwritten_external/W001/crops_processed/W001_P005_0027.png,គឺសច្ចធម៌,9,True,102,60,64.2983,0.339216,review,transcription_not_human_verified,W001
W001_P005_0028,crops_raw/W001_P005_0028.png,page_005.png,W001,394,299,475,330,មិនលំអៀង,មិនលំអៀង,0.94,0.95,True,pending,,data/handwritten_external/W001/metadata.csv,835,/Users/macbookpro/Desktop/Development/khmer-handwritten-word-recognition/data/handwritten_external/W001/crops_processed/W001_P005_0028.png,មិនលំអៀង,8,True,81,31,60.4321,0.298288,review,transcription_not_human_verified,W001
W001_P005_0029,crops_raw/W001_P005_0029.png,page_005.png,W001,486,294,561,328,និងការប្រកាន់យក,និងការប្រកាន់យក,0.93,0.95,True,pending,,data/handwritten_external/W001/metadata.csv,836,/Users/macbookpro/Desktop/Development/khmer-handwritten-word-recognition/data/handwritten_external/W001/crops_processed/W001_P005_0029.png,និងការប្រកាន់យក,15,True,75,34,62.6962,0.330196,review,transcription_not_human_verified,W001
W001_P005_0030,crops_raw/W001_P005_0030.png,page_005.png,W001,550,298,622,337,អត្ត,អត្ត,0.95,0.95,True,pending,,data/handwritten_external/W001/metadata.csv,837,/Users/macbookpro/Desktop/Development/khmer-handwritten-word-recognition/data/handwritten_external/W001/crops_processed/W001_P005_0030.png,អត្ត,4,True,72,39,53.4076,0.20584,review,transcription_not_human_verified,W001
W001_P005_0032,crops_raw/W001_P005_0032.png,page_005.png,W001,84,330,163,367,មានច្រើនដូចជា,មានច្រើនដូចជា,0.93,0.95,True,pending,,data/handwritten_external/W001/metadata.csv,839,/Users/macbookpro/Desktop/Development/khmer-handwritten-word-recognition/data/handwritten_external/W001/crops_processed/W001_P005_0032.png,មានច្រើនដូចជា,13,True,79,37,52.9779,0.25077,review,transcription_not_human_verified,W001
W001_P005_0033,crops_raw/W001_P005_0033.png,page_005.png,W001,156,326,260,367,សម្បទាទាំង៤...,សម្បទាទាំង៤...,0.93,0.95,True,pending,,data/handwritten_external/W001/metadata.csv,840,/Users/macbookpro/Desktop/Development/khmer-handwritten-word-recognition/data/handwritten_external/W001/crops_processed/W001_P005_0033.png,សម្បទាទាំង៤...,14,True,104,41,54.1483,0.219747,review,transcription_not_human_verified,W001
W001_P005_0034,crops_raw/W001_P005_0034.png,page_005.png,W001,264,333,325,370,សម្បទាទី១...,សម្បទាទី១...,0.94,0.95,True,pending,,data/handwritten_external/W001/metadata.csv,841,/Users/macbookpro/Desktop/Development/khmer-handwritten-word-recognition/data/handwritten_external/W001/crops_processed/W001_P005_0034.png,សម្បទាទី១...,12,True,61,37,58.4669,0.29331,review,transcription_not_human_verified,W001
W001_P005_0035,crops_raw/W001_P005_0035.png,page_005.png,W001,313,327,354,365,សម្បទាទី២...,សម្បទាទី២...,0.94,0.95,True,pending,,data/handwritten_external/W001/metadata.csv,842,/Users/macbookpro/Desktop/Development/khmer-handwritten-word-recognition/data/handwritten_external/W001/crops_processed/W001_P005_0035.png,សម្បទាទី២...,12,True,41,38,62.4982,0.389602,review,transcription_not_human_verified,W001
W001_P005_0036,crops_raw/W001_P005_0036.png,page_005.png,W001,375,329,505,367,សម្បទាទី៣,សម្បទាទី៣,0.94,0.95,True,pending,,data/handwritten_external/W001/metadata.csv,843,/Users/macbookpro/Desktop/Development/khmer-handwritten-word-recognition/data/handwritten_external/W001/crops_processed/W001_P005_0036.png,សម្បទាទី៣,9,True,130,38,56.2722,0.24251,review,transcription_not_human_verified,W001
W001_P005_0039,crops_raw/W001_P005_0039.png,page_005.png,W001,83,352,189,397,សម្បទាទី៤...,សម្បទាទី៤...,0.94,0.95,True,pending,,data/handwritten_external/W001/metadata.csv,846,/Users/macbookpro/Desktop/Development/khmer-handwritten-word-recognition/data/handwritten_external/W001/crops_processed/W001_P005_0039.png,សម្បទាទី៤...,12,True,106,45,58.8719,0.264361,review,transcription_not_human_verified,W001
W001_P005_0040,crops_raw/W001_P005_0040.png,page_005.png,W001,201,356,317,394,សម្បទាដោយសីលធម៌,សម្បទាដោយសីលធម៌,0.92,0.95,True,pending,,data/handwritten_external/W001/metadata.csv,847,/Users/macbookpro/Desktop/Development/khmer-handwritten-word-recognition/data/handwritten_external/W001/crops_processed/W001_P005_0040.png,សម្បទាដោយសីលធម៌,15,True,116,38,53.3422,0.22686,review,transcription_not_human_verified,W001
W001_P005_0041,crops_raw/W001_P005_0041.png,page_005.png,W001,331,352,425,382,សម្បទាដែល,សម្បទាដែល,0.94,0.95,True,pending,,data/handwritten_external/W001/metadata.csv,848,/Users/macbookpro/Desktop/Development/khmer-handwritten-word-recognition/data/handwritten_external/W001/crops_processed/W001_P005_0041.png,សម្បទាដែល,9,True,94,30,59.4717,0.26773,review,transcription_not_human_verified,W001
W001_P005_0042,crops_raw/W001_P005_0042.png,page_005.png,W001,441,349,553,383,និយាយអំពី,និយាយអំពី,0.94,0.95,True,pending,,data/handwritten_external/W001/metadata.csv,849,/Users/macbookpro/Desktop/Development/khmer-handwritten-word-recognition/data/handwritten_external/W001/crops_processed/W001_P005_0042.png,និយាយអំពី,9,True,112,34,53.8513,0.226891,review,transcription_not_human_verified,W001
W001_P005_0044,crops_raw/W001_P005_0044.png,page_005.png,W001,83,385,128,420,ក្នុងការធ្វើសកម្មភាព,ក្នុងការធ្វើសកម្មភាព,0.92,0.95,True,pending,,data/handwritten_external/W001/metadata.csv,851,/Users/macbookpro/Desktop/Development/khmer-handwritten-word-recognition/data/handwritten_external/W001/crops_processed/W001_P005_0044.png,ក្នុងការធ្វើសកម្មភាព,20,True,45,35,62.8408,0.467937,review,transcription_not_human_verified,W001
W001_P005_0045,crops_raw/W001_P005_0045.png,page_005.png,W001,118,378,249,417,ក្នុងការរស់នៅ,ក្នុងការរស់នៅ,0.93,0.95,True,pending,,data/handwritten_external/W001/metadata.csv,852,/Users/macbookpro/Desktop/Development/khmer-handwritten-word-recognition/data/handwritten_external/W001/crops_processed/W001_P005_0045.png,ក្នុងការរស់នៅ,13,True,131,39,57.3801,0.228812,review,transcription_not_human_verified,W001
W001_P005_0046,crops_raw/W001_P005_0046.png,page_005.png,W001,237,377,445,425,បានល្អ,បានល្អ,0.95,0.95,True,pending,,data/handwritten_external/W001/metadata.csv,853,/Users/macbookpro/Desktop/Development/khmer-handwritten-word-recognition/data/handwritten_external/W001/crops_processed/W001_P005_0046.png,បានល្អ,6,True,208,48,64.8805,0.320513,review,transcription_not_human_verified,W001
W001_P005_0047,crops_raw/W001_P005_0047.png,page_005.png,W001,438,374,477,405,។,។,0.97,0.95,True,pending,,data/handwritten_external/W001/metadata.csv,854,/Users/macbookpro/Desktop/Development/khmer-handwritten-word-recognition/data/handwritten_external/W001/crops_processed/W001_P005_0047.png,។,1,True,39,31,54.3497,0.353184,review,transcription_not_human_verified,W001
W001_P005_0048,crops_raw/W001_P005_0048.png,page_005.png,W001,469,382,494,405,លើសពីនេះទៀត,លើសពីនេះទៀត,0.93,0.8,True,pending,narrow component,data/handwritten_external/W001/metadata.csv,855,/Users/macbookpro/Desktop/Development/khmer-handwritten-word-recognition/data/handwritten_external/W001/crops_processed/W001_P005_0048.png,លើសពីនេះទៀត,11,True,25,23,54.8428,0.417391,review,transcription_not_human_verified,W001
W001_P005_0051,crops_raw/W001_P005_0051.png,page_005.png,W001,82,411,130,444,ព្រះពុទ្ធសាសនា,ព្រះពុទ្ធសាសនា,0.96,0.85,True,pending,,data/handwritten_external/W001/metadata.csv,858,/Users/macbookpro/Desktop/Development/khmer-handwritten-word-recognition/data/handwritten_external/W001/crops_processed/W001_P005_0051.png,ព្រះពុទ្ធសាសនា,14,True,48,33,62.6955,0.436869,review,transcription_not_human_verified,W001
W001_P005_0052,crops_raw/W001_P005_0052.png,page_005.png,W001,117,409,232,444,គឺ,គឺ,0.97,0.85,True,pending,,data/handwritten_external/W001/metadata.csv,859,/Users/macbookpro/Desktop/Development/khmer-handwritten-word-recognition/data/handwritten_external/W001/crops_processed/W001_P005_0052.png,គឺ,2,True,115,35,58.0613,0.24323,review,transcription_not_human_verified,W001
W001_P005_0053,crops_raw/W001_P005_0053.png,page_005.png,W001,230,403,288,434,ជា,ជា,0.96,0.95,True,pending,,data/handwritten_external/W001/metadata.csv,860,/Users/macbookpro/Desktop/Development/khmer-handwritten-word-recognition/data/handwritten_external/W001/crops_processed/W001_P005_0053.png,ជា,2,True,58,31,58.5421,0.332036,review,transcription_not_human_verified,W001
W001_P005_0054,crops_raw/W001_P005_0054.png,page_005.png,W001,290,401,380,433,ទីពឹងដ៏ជ្រក,ទីពឹងដ៏ជ្រក,0.93,0.95,True,pending,,data/handwritten_external/W001/metadata.csv,861,/Users/macbookpro/Desktop/Development/khmer-handwritten-word-recognition/data/handwritten_external/W001/crops_processed/W001_P005_0054.png,ទីពឹងដ៏ជ្រក,11,True,90,32,59.2877,0.273611,review,transcription_not_human_verified,W001
W001_P005_0055,crops_raw/W001_P005_0055.png,page_005.png,W001,375,408,441,433,នៃមនុស្ស,នៃមនុស្ស,0.95,0.95,True,pending,,data/handwritten_external/W001/metadata.csv,862,/Users/macbookpro/Desktop/Development/khmer-handwritten-word-recognition/data/handwritten_external/W001/crops_processed/W001_P005_0055.png,នៃមនុស្ស,8,True,66,25,58.3779,0.326061,review,transcription_not_human_verified,W001
W001_P005_0056,crops_raw/W001_P005_0056.png,page_005.png,W001,432,402,535,443,អាច,អាច,0.96,0.95,True,pending,,data/handwritten_external/W001/metadata.csv,863,/Users/macbookpro/Desktop/Development/khmer-handwritten-word-recognition/data/handwritten_external/W001/crops_processed/W001_P005_0056.png,អាច,3,True,103,41,54.7043,0.23964,review,transcription_not_human_verified,W001
W001_P005_0060,crops_raw/W001_P005_0060.png,page_005.png,W001,84,420,199,469,ព្យាបាលផ្លូវចិត្ត,ព្យាបាលផ្លូវចិត្ត,0.93,0.95,True,pending,,data/handwritten_external/W001/metadata.csv,867,/Users/macbookpro/Desktop/Development/khmer-handwritten-word-recognition/data/handwritten_external/W001/crops_processed/W001_P005_0060.png,ព្យាបាលផ្លូវចិត្ត,17,True,115,49,62.1799,0.375865,review,transcription_not_human_verified,W001
W001_P005_0062,crops_raw/W001_P005_0062.png,page_005.png,W001,227,422,382,460,វប្បធម៌ប្រពៃណី,វប្បធម៌ប្រពៃណី,0.93,0.95,True,pending,,data/handwritten_external/W001/metadata.csv,869,/Users/macbookpro/Desktop/Development/khmer-handwritten-word-recognition/data/handwritten_external/W001/crops_processed/W001_P005_0062.png,វប្បធម៌ប្រពៃណី,14,True,155,38,62.1609,0.342445,review,transcription_not_human_verified,W001
W001_P005_0063,crops_raw/W001_P005_0063.png,page_005.png,W001,379,419,641,482,និងសីលធម៌,និងសីលធម៌,0.94,0.95,True,pending,,data/handwritten_external/W001/metadata.csv,870,/Users/macbookpro/Desktop/Development/khmer-handwritten-word-recognition/data/handwritten_external/W001/crops_processed/W001_P005_0063.png,និងសីលធម៌,9,True,262,63,66.395,0.389919,review,transcription_not_human_verified,W001
W001_P005_0066,crops_raw/W001_P005_0066.png,page_005.png,W001,82,447,187,502,ដើម្បីឱ្យមនុស្ស,ដើម្បីឱ្យមនុស្ស,0.93,0.95,True,pending,,data/handwritten_external/W001/metadata.csv,873,/Users/macbookpro/Desktop/Development/khmer-handwritten-word-recognition/data/handwritten_external/W001/crops_processed/W001_P005_0066.png,ដើម្បីឱ្យមនុស្ស,15,True,105,55,61.244,0.364848,review,transcription_not_human_verified,W001
W001_P005_0067,crops_raw/W001_P005_0067.png,page_005.png,W001,177,456,259,486,មានសេចក្តីសុខសាន្ត...,មានសេចក្តីសុខសាន្ត...,0.92,0.95,True,pending,,data/handwritten_external/W001/metadata.csv,874,/Users/macbookpro/Desktop/Development/khmer-handwritten-word-recognition/data/handwritten_external/W001/crops_processed/W001_P005_0067.png,មានសេចក្តីសុខសាន្ត...,21,True,82,30,58.2307,0.293902,review,transcription_not_human_verified,W001
W001_P005_0068,crops_raw/W001_P005_0068.png,page_005.png,W001,247,448,271,474,ពោលគឺ,ពោលគឺ,0.95,0.8,True,pending,narrow component,data/handwritten_external/W001/metadata.csv,875,/Users/macbookpro/Desktop/Development/khmer-handwritten-word-recognition/data/handwritten_external/W001/crops_processed/W001_P005_0068.png,ពោលគឺ,5,True,24,26,61.1123,0.472756,review,transcription_not_human_verified,W001
W001_P005_0069,crops_raw/W001_P005_0069.png,page_005.png,W001,261,447,380,485,លុបបំបាត់,លុបបំបាត់,0.95,0.95,True,pending,,data/handwritten_external/W001/metadata.csv,876,/Users/macbookpro/Desktop/Development/khmer-handwritten-word-recognition/data/handwritten_external/W001/crops_processed/W001_P005_0069.png,លុបបំបាត់,9,True,119,38,55.9017,0.274436,review,transcription_not_human_verified,W001
W001_P005_0074,crops_raw/W001_P005_0074.png,page_005.png,W001,85,487,139,511,លុបបំបាត់,លុបបំបាត់,0.95,0.95,True,pending,,data/handwritten_external/W001/metadata.csv,881,/Users/macbookpro/Desktop/Development/khmer-handwritten-word-recognition/data/handwritten_external/W001/crops_processed/W001_P005_0074.png,លុបបំបាត់,9,True,54,24,60.6671,0.386574,review,transcription_not_human_verified,W001
W001_P005_0075,crops_raw/W001_P005_0075.png,page_005.png,W001,146,479,339,524,ការរើសអើងសង្គម,ការរើសអើងសង្គម,0.93,0.95,True,pending,,data/handwritten_external/W001/metadata.csv,882,/Users/macbookpro/Desktop/Development/khmer-handwritten-word-recognition/data/handwritten_external/W001/crops_processed/W001_P005_0075.png,ការរើសអើងសង្គម,14,True,193,45,60.4593,0.317789,review,transcription_not_human_verified,W001
W001_P005_0076,crops_raw/W001_P005_0076.png,page_005.png,W001,330,472,457,515,រវាងមនុស្សជាតិ,រវាងមនុស្សជាតិ,0.94,0.95,True,pending,,data/handwritten_external/W001/metadata.csv,883,/Users/macbookpro/Desktop/Development/khmer-handwritten-word-recognition/data/handwritten_external/W001/crops_processed/W001_P005_0076.png,រវាងមនុស្សជាតិ,14,True,127,43,58.7454,0.342794,review,transcription_not_human_verified,W001
W001_P005_0077,crops_raw/W001_P005_0077.png,page_005.png,W001,446,482,470,507,។,។,0.97,0.8,True,pending,narrow component,data/handwritten_external/W001/metadata.csv,884,/Users/macbookpro/Desktop/Development/khmer-handwritten-word-recognition/data/handwritten_external/W001/crops_processed/W001_P005_0077.png,។,1,True,24,25,56.0853,0.401667,review,transcription_not_human_verified,W001
W001_P005_0078,crops_raw/W001_P005_0078.png,page_005.png,W001,485,477,573,507,ពេលនោះហើយ,ពេលនោះហើយ,0.93,0.85,True,pending,,data/handwritten_external/W001/metadata.csv,885,/Users/macbookpro/Desktop/Development/khmer-handwritten-word-recognition/data/handwritten_external/W001/crops_processed/W001_P005_0078.png,ពេលនោះហើយ,9,True,88,30,55.7981,0.239015,review,transcription_not_human_verified,W001
W001_P005_0081,crops_raw/W001_P005_0081.png,page_005.png,W001,85,507,143,546,ទៀត,ទៀត,0.95,0.95,True,pending,,data/handwritten_external/W001/metadata.csv,888,/Users/macbookpro/Desktop/Development/khmer-handwritten-word-recognition/data/handwritten_external/W001/crops_processed/W001_P005_0081.png,ទៀត,3,True,58,39,55.9214,0.284704,review,transcription_not_human_verified,W001
W001_P005_0082,crops_raw/W001_P005_0082.png,page_005.png,W001,145,503,238,541,ត្រូវរក្សាចិត្ត,ត្រូវរក្សាចិត្ត,0.94,0.95,True,pending,,data/handwritten_external/W001/metadata.csv,889,/Users/macbookpro/Desktop/Development/khmer-handwritten-word-recognition/data/handwritten_external/W001/crops_processed/W001_P005_0082.png,ត្រូវរក្សាចិត្ត,15,True,93,38,51.2509,0.25382,review,transcription_not_human_verified,W001
W001_P005_0083,crops_raw/W001_P005_0083.png,page_005.png,W001,237,504,269,535,ឱ្យស្អាតបរិសុទ្ធ,ឱ្យស្អាតបរិសុទ្ធ,0.93,0.8,True,pending,narrow component,data/handwritten_external/W001/metadata.csv,890,/Users/macbookpro/Desktop/Development/khmer-handwritten-word-recognition/data/handwritten_external/W001/crops_processed/W001_P005_0083.png,ឱ្យស្អាតបរិសុទ្ធ,16,True,32,31,66.0531,0.452621,review,transcription_not_human_verified,W001
W001_P005_0084,crops_raw/W001_P005_0084.png,page_005.png,W001,267,503,350,563,យើងត្រូវ,យើងត្រូវ,0.95,0.95,True,pending,,data/handwritten_external/W001/metadata.csv,891,/Users/macbookpro/Desktop/Development/khmer-handwritten-word-recognition/data/handwritten_external/W001/crops_processed/W001_P005_0084.png,យើងត្រូវ,8,True,83,60,58.6429,0.253815,review,transcription_not_human_verified,W001
W001_P005_0085,crops_raw/W001_P005_0085.png,page_005.png,W001,338,505,381,535,ប្រកាន់យកនូវ,ប្រកាន់យកនូវ,0.93,0.95,True,pending,,data/handwritten_external/W001/metadata.csv,892,/Users/macbookpro/Desktop/Development/khmer-handwritten-word-recognition/data/handwritten_external/W001/crops_processed/W001_P005_0085.png,ប្រកាន់យកនូវ,12,True,43,30,61.3621,0.44186,review,transcription_not_human_verified,W001
W001_P005_0086,crops_raw/W001_P005_0086.png,page_005.png,W001,384,501,453,533,សាមគ្គី,សាមគ្គី,0.95,0.95,True,pending,,data/handwritten_external/W001/metadata.csv,893,/Users/macbookpro/Desktop/Development/khmer-handwritten-word-recognition/data/handwritten_external/W001/crops_processed/W001_P005_0086.png,សាមគ្គី,7,True,69,32,53.6473,0.223279,review,transcription_not_human_verified,W001
W001_P005_0090,crops_raw/W001_P005_0090.png,page_005.png,W001,87,511,281,577,ពោលគឺរាល់ការគិត,ពោលគឺរាល់ការគិត,0.92,0.95,True,pending,,data/handwritten_external/W001/metadata.csv,897,/Users/macbookpro/Desktop/Development/khmer-handwritten-word-recognition/data/handwritten_external/W001/crops_processed/W001_P005_0090.png,ពោលគឺរាល់ការគិត,15,True,194,66,65.8613,0.385192,review,transcription_not_human_verified,W001
W001_P005_0091,crops_raw/W001_P005_0091.png,page_005.png,W001,296,534,382,562,និងការគិតដ៏ខ្ពង់ខ្ពស់,និងការគិតដ៏ខ្ពង់ខ្ពស់,0.92,0.95,True,pending,,data/handwritten_external/W001/metadata.csv,898,/Users/macbookpro/Desktop/Development/khmer-handwritten-word-recognition/data/handwritten_external/W001/crops_processed/W001_P005_0091.png,និងការគិតដ៏ខ្ពង់ខ្ពស់,21,True,86,28,60.7432,0.328904,review,transcription_not_human_verified,W001
W001_P005_0092,crops_raw/W001_P005_0092.png,page_005.png,W001,395,536,426,568,ជួយសង្គមជាតិ,ជួយសង្គមជាតិ,0.94,0.8,True,pending,narrow component,data/handwritten_external/W001/metadata.csv,899,/Users/macbookpro/Desktop/Development/khmer-handwritten-word-recognition/data/handwritten_external/W001/crops_processed/W001_P005_0092.png,ជួយសង្គមជាតិ,12,True,31,32,65.6675,0.541331,review,transcription_not_human_verified,W001
W001_P005_0093,crops_raw/W001_P005_0093.png,page_005.png,W001,499,530,553,559,។,។,0.97,0.95,True,pending,,data/handwritten_external/W001/metadata.csv,900,/Users/macbookpro/Desktop/Development/khmer-handwritten-word-recognition/data/handwritten_external/W001/crops_processed/W001_P005_0093.png,។,1,True,54,29,66.1362,0.379949,review,transcription_not_human_verified,W001
W001_P005_0094,crops_raw/W001_P005_0094.png,page_005.png,W001,555,535,583,561,រាល់បញ្ហា,រាល់បញ្ហា,0.94,0.8,True,pending,narrow component,data/handwritten_external/W001/metadata.csv,901,/Users/macbookpro/Desktop/Development/khmer-handwritten-word-recognition/data/handwritten_external/W001/crops_processed/W001_P005_0094.png,រាល់បញ្ហា,9,True,28,26,54.3325,0.403846,review,transcription_not_human_verified,W001
W001_P005_0096,crops_raw/W001_P005_0096.png,page_005.png,W001,90,560,124,588,ទាំងអស់,ទាំងអស់,0.95,0.95,True,pending,,data/handwritten_external/W001/metadata.csv,903,/Users/macbookpro/Desktop/Development/khmer-handwritten-word-recognition/data/handwritten_external/W001/crops_processed/W001_P005_0096.png,ទាំងអស់,7,True,34,28,64.2778,0.461134,review,transcription_not_human_verified,W001
W001_P005_0097,crops_raw/W001_P005_0097.png,page_005.png,W001,128,556,193,588,រវាង,រវាង,0.96,0.95,True,pending,,data/handwritten_external/W001/metadata.csv,904,/Users/macbookpro/Desktop/Development/khmer-handwritten-word-recognition/data/handwritten_external/W001/crops_processed/W001_P005_0097.png,រវាង,4,True,65,32,56.1285,0.281731,review,transcription_not_human_verified,W001
W001_P005_0098,crops_raw/W001_P005_0098.png,page_005.png,W001,182,563,216,586,មនុស្សនេះ,មនុស្សនេះ,0.95,0.8,True,pending,narrow component,data/handwritten_external/W001/metadata.csv,905,/Users/macbookpro/Desktop/Development/khmer-handwritten-word-recognition/data/handwritten_external/W001/crops_processed/W001_P005_0098.png,មនុស្សនេះ,9,True,34,23,67.3777,0.590793,review,transcription_not_human_verified,W001
W001_P005_0099,crops_raw/W001_P005_0099.png,page_005.png,W001,204,551,301,588,គឺ,គឺ,0.97,0.95,True,pending,,data/handwritten_external/W001/metadata.csv,906,/Users/macbookpro/Desktop/Development/khmer-handwritten-word-recognition/data/handwritten_external/W001/crops_processed/W001_P005_0099.png,គឺ,2,True,97,37,59.2051,0.282251,review,transcription_not_human_verified,W001
W001_P005_0100,crops_raw/W001_P005_0100.png,page_005.png,W001,297,555,347,589,ជាទ្រឹស្តី,ជាទ្រឹស្តី,0.94,0.95,True,pending,,data/handwritten_external/W001/metadata.csv,907,/Users/macbookpro/Desktop/Development/khmer-handwritten-word-recognition/data/handwritten_external/W001/crops_processed/W001_P005_0100.png,ជាទ្រឹស្តី,10,True,50,34,60.8705,0.328824,review,transcription_not_human_verified,W001
W001_P005_0101,crops_raw/W001_P005_0101.png,page_005.png,W001,342,556,371,585,ដ៏ធំនៃការពិត,ដ៏ធំនៃការពិត,0.93,0.8,True,pending,narrow component,data/handwritten_external/W001/metadata.csv,908,/Users/macbookpro/Desktop/Development/khmer-handwritten-word-recognition/data/handwritten_external/W001/crops_processed/W001_P005_0101.png,ដ៏ធំនៃការពិត,12,True,29,29,66.7909,0.574316,review,transcription_not_human_verified,W001
W001_P005_0102,crops_raw/W001_P005_0102.png,page_005.png,W001,394,555,447,596,នៃជីវិត,នៃជីវិត,0.95,0.95,True,pending,,data/handwritten_external/W001/metadata.csv,909,/Users/macbookpro/Desktop/Development/khmer-handwritten-word-recognition/data/handwritten_external/W001/crops_processed/W001_P005_0102.png,នៃជីវិត,7,True,53,41,60.7429,0.325817,review,transcription_not_human_verified,W001
W001_P005_0108,crops_raw/W001_P005_0108.png,page_005.png,W001,89,567,263,624,ព្រះសមណគោតម,ព្រះសមណគោតម,0.93,0.95,True,pending,,data/handwritten_external/W001/metadata.csv,915,/Users/macbookpro/Desktop/Development/khmer-handwritten-word-recognition/data/handwritten_external/W001/crops_processed/W001_P005_0108.png,ព្រះសមណគោតម,11,True,174,57,66.3369,0.362674,review,transcription_not_human_verified,W001
W001_P005_0109,crops_raw/W001_P005_0109.png,page_005.png,W001,267,560,364,620,សម្រេច,សម្រេច,0.95,0.95,True,pending,,data/handwritten_external/W001/metadata.csv,916,/Users/macbookpro/Desktop/Development/khmer-handwritten-word-recognition/data/handwritten_external/W001/crops_processed/W001_P005_0109.png,សម្រេច,6,True,97,60,61.5875,0.324055,review,transcription_not_human_verified,W001
W001_P005_0110,crops_raw/W001_P005_0110.png,page_005.png,W001,381,580,474,611,ពុទ្ធសាសនិក,ពុទ្ធសាសនិក,0.95,0.95,True,pending,,data/handwritten_external/W001/metadata.csv,917,/Users/macbookpro/Desktop/Development/khmer-handwritten-word-recognition/data/handwritten_external/W001/crops_processed/W001_P005_0110.png,ពុទ្ធសាសនិក,11,True,93,31,57.4459,0.273326,review,transcription_not_human_verified,W001
W001_P005_0111,crops_raw/W001_P005_0111.png,page_005.png,W001,468,587,495,613,។,។,0.97,0.8,True,pending,narrow component,data/handwritten_external/W001/metadata.csv,918,/Users/macbookpro/Desktop/Development/khmer-handwritten-word-recognition/data/handwritten_external/W001/crops_processed/W001_P005_0111.png,។,1,True,27,26,53.4459,0.408832,review,transcription_not_human_verified,W001
W001_P005_0112,crops_raw/W001_P005_0112.png,page_005.png,W001,489,576,631,609,បើយើងនិយាយពី,បើយើងនិយាយពី,0.94,0.95,True,pending,,data/handwritten_external/W001/metadata.csv,919,/Users/macbookpro/Desktop/Development/khmer-handwritten-word-recognition/data/handwritten_external/W001/crops_processed/W001_P005_0112.png,បើយើងនិយាយពី,12,True,142,33,57.4261,0.243064,review,transcription_not_human_verified,W001
W001_P005_0114,crops_raw/W001_P005_0114.png,page_005.png,W001,88,606,163,640,លក្ខខណ្ឌ,លក្ខខណ្ឌ,0.95,0.95,True,pending,,data/handwritten_external/W001/metadata.csv,921,/Users/macbookpro/Desktop/Development/khmer-handwritten-word-recognition/data/handwritten_external/W001/crops_processed/W001_P005_0114.png,លក្ខខណ្ឌ,8,True,75,34,61.5973,0.281569,review,transcription_not_human_verified,W001
W001_P005_0115,crops_raw/W001_P005_0115.png,page_005.png,W001,151,605,324,648,ការរស់នៅនោះគឺ,ការរស់នៅនោះគឺ,0.92,0.95,True,pending,,data/handwritten_external/W001/metadata.csv,922,/Users/macbookpro/Desktop/Development/khmer-handwritten-word-recognition/data/handwritten_external/W001/crops_processed/W001_P005_0115.png,ការរស់នៅនោះគឺ,13,True,173,43,58.0891,0.259578,review,transcription_not_human_verified,W001
W001_P005_0116,crops_raw/W001_P005_0116.png,page_005.png,W001,313,602,351,636,ធ្វើឱ្យមនុស្ស,ធ្វើឱ្យមនុស្ស,0.94,0.95,True,pending,,data/handwritten_external/W001/metadata.csv,923,/Users/macbookpro/Desktop/Development/khmer-handwritten-word-recognition/data/handwritten_external/W001/crops_processed/W001_P005_0116.png,ធ្វើឱ្យមនុស្ស,13,True,38,34,62.0026,0.391641,review,transcription_not_human_verified,W001
W001_P005_0117,crops_raw/W001_P005_0117.png,page_005.png,W001,382,605,423,660,មានចិត្តស្ងប់,មានចិត្តស្ងប់,0.94,0.95,True,pending,,data/handwritten_external/W001/metadata.csv,924,/Users/macbookpro/Desktop/Development/khmer-handwritten-word-recognition/data/handwritten_external/W001/crops_processed/W001_P005_0117.png,មានចិត្តស្ងប់,13,True,41,55,62.9443,0.338803,review,transcription_not_human_verified,W001
W001_P005_0118,crops_raw/W001_P005_0118.png,page_005.png,W001,414,610,458,647,មានសេច,មានសេច,0.94,0.95,True,pending,,data/handwritten_external/W001/metadata.csv,925,/Users/macbookpro/Desktop/Development/khmer-handwritten-word-recognition/data/handwritten_external/W001/crops_processed/W001_P005_0118.png,មានសេច,6,True,44,37,61.4409,0.327396,review,transcription_not_human_verified,W001
W001_P005_0123,crops_raw/W001_P005_0123.png,page_005.png,W001,161,637,243,675,ក្តីសុខ,ក្តីសុខ,0.95,0.95,True,pending,,data/handwritten_external/W001/metadata.csv,930,/Users/macbookpro/Desktop/Development/khmer-handwritten-word-recognition/data/handwritten_external/W001/crops_processed/W001_P005_0123.png,ក្តីសុខ,7,True,82,38,58.4238,0.254814,review,transcription_not_human_verified,W001
W001_P005_0124,crops_raw/W001_P005_0124.png,page_005.png,W001,231,637,312,663,ព្យាយាមស្វែងរកចំណេះដឹង,ព្យាយាមស្វែងរកចំណេះដឹង,0.92,0.95,True,pending,,data/handwritten_external/W001/metadata.csv,931,/Users/macbookpro/Desktop/Development/khmer-handwritten-word-recognition/data/handwritten_external/W001/crops_processed/W001_P005_0124.png,ព្យាយាមស្វែងរកចំណេះដឹង,22,True,81,26,61.8626,0.318139,review,transcription_not_human_verified,W001
W001_P005_0125,crops_raw/W001_P005_0125.png,page_005.png,W001,314,638,363,664,ស្រឡាញ់សន្តិភាព,ស្រឡាញ់សន្តិភាព,0.94,0.95,True,pending,,data/handwritten_external/W001/metadata.csv,932,/Users/macbookpro/Desktop/Development/khmer-handwritten-word-recognition/data/handwritten_external/W001/crops_processed/W001_P005_0125.png,ស្រឡាញ់សន្តិភាព,15,True,49,26,58.5035,0.358713,review,transcription_not_human_verified,W001
W001_P005_0126,crops_raw/W001_P005_0126.png,page_005.png,W001,355,636,396,661,លុបបំបាត់,លុបបំបាត់,0.95,0.95,True,pending,,data/handwritten_external/W001/metadata.csv,933,/Users/macbookpro/Desktop/Development/khmer-handwritten-word-recognition/data/handwritten_external/W001/crops_processed/W001_P005_0126.png,លុបបំបាត់,9,True,41,25,63.8379,0.452683,review,transcription_not_human_verified,W001
W001_P005_0130,crops_raw/W001_P005_0130.png,page_005.png,W001,87,639,210,696,ភាពរើសអើង...,ភាពរើសអើង...,0.93,0.95,True,pending,,data/handwritten_external/W001/metadata.csv,937,/Users/macbookpro/Desktop/Development/khmer-handwritten-word-recognition/data/handwritten_external/W001/crops_processed/W001_P005_0130.png,ភាពរើសអើង...,12,True,123,57,63.6149,0.342177,review,transcription_not_human_verified,W001
W001_P005_0131,crops_raw/W001_P005_0131.png,page_005.png,W001,209,658,280,688,កសាងសង្គមមួយ,កសាងសង្គមមួយ,0.93,0.95,True,pending,,data/handwritten_external/W001/metadata.csv,938,/Users/macbookpro/Desktop/Development/khmer-handwritten-word-recognition/data/handwritten_external/W001/crops_processed/W001_P005_0131.png,កសាងសង្គមមួយ,12,True,71,30,59.1432,0.255869,review,transcription_not_human_verified,W001
W001_P005_0132,crops_raw/W001_P005_0132.png,page_005.png,W001,272,662,343,695,ពោរពេញដោយការចែករំលែក...,ពោរពេញដោយការចែករំលែក...,0.9,0.95,True,pending,,data/handwritten_external/W001/metadata.csv,939,/Users/macbookpro/Desktop/Development/khmer-handwritten-word-recognition/data/handwritten_external/W001/crops_processed/W001_P005_0132.png,ពោរពេញដោយការចែករំលែក...,23,True,71,33,56.6832,0.263338,review,transcription_not_human_verified,W001
W001_P005_0133,crops_raw/W001_P005_0133.png,page_005.png,W001,331,662,441,686,ប្រជាជនរស់នៅ,ប្រជាជនរស់នៅ,0.93,0.95,True,pending,,data/handwritten_external/W001/metadata.csv,940,/Users/macbookpro/Desktop/Development/khmer-handwritten-word-recognition/data/handwritten_external/W001/crops_processed/W001_P005_0133.png,ប្រជាជនរស់នៅ,12,True,110,24,60.9949,0.279167,review,transcription_not_human_verified,W001
W001_P005_0136,crops_raw/W001_P005_0136.png,page_005.png,W001,86,687,174,722,ប្រកបដោយ,ប្រកបដោយ,0.94,0.95,True,pending,,data/handwritten_external/W001/metadata.csv,943,/Users/macbookpro/Desktop/Development/khmer-handwritten-word-recognition/data/handwritten_external/W001/crops_processed/W001_P005_0136.png,ប្រកបដោយ,8,True,88,35,53.7009,0.248052,review,transcription_not_human_verified,W001
W001_P005_0137,crops_raw/W001_P005_0137.png,page_005.png,W001,162,682,236,713,សេចក្តីសុខ...,សេចក្តីសុខ...,0.93,0.95,True,pending,,data/handwritten_external/W001/metadata.csv,944,/Users/macbookpro/Desktop/Development/khmer-handwritten-word-recognition/data/handwritten_external/W001/crops_processed/W001_P005_0137.png,សេចក្តីសុខ...,13,True,74,31,60.4565,0.316914,review,transcription_not_human_verified,W001
W001_P005_0138,crops_raw/W001_P005_0138.png,page_005.png,W001,227,686,307,714,ស្មើគ្នា,ស្មើគ្នា,0.95,0.95,True,pending,,data/handwritten_external/W001/metadata.csv,945,/Users/macbookpro/Desktop/Development/khmer-handwritten-word-recognition/data/handwritten_external/W001/crops_processed/W001_P005_0138.png,ស្មើគ្នា,8,True,80,28,58.9416,0.289732,review,transcription_not_human_verified,W001
W001_P005_0139,crops_raw/W001_P005_0139.png,page_005.png,W001,297,684,438,735,។,។,0.97,0.95,True,pending,,data/handwritten_external/W001/metadata.csv,946,/Users/macbookpro/Desktop/Development/khmer-handwritten-word-recognition/data/handwritten_external/W001/crops_processed/W001_P005_0139.png,។,1,True,141,51,63.066,0.314699,review,transcription_not_human_verified,W001
W001_P005_0140,crops_raw/W001_P005_0140.png,page_005.png,W001,447,684,475,709,ចំណែកក្នុងការជ្រើស,ចំណែកក្នុងការជ្រើស,0.92,0.8,True,pending,narrow component,data/handwritten_external/W001/metadata.csv,947,/Users/macbookpro/Desktop/Development/khmer-handwritten-word-recognition/data/handwritten_external/W001/crops_processed/W001_P005_0140.png,ចំណែកក្នុងការជ្រើស,18,True,28,25,53.485,0.4,review,transcription_not_human_verified,W001
W001_P005_0143,crops_raw/W001_P005_0143.png,page_005.png,W001,90,711,198,739,រើសយក,រើសយក,0.95,0.95,True,pending,,data/handwritten_external/W001/metadata.csv,950,/Users/macbookpro/Desktop/Development/khmer-handwritten-word-recognition/data/handwritten_external/W001/crops_processed/W001_P005_0143.png,រើសយក,5,True,108,28,59.6067,0.267857,review,transcription_not_human_verified,W001
W001_P005_0144,crops_raw/W001_P005_0144.png,page_005.png,W001,206,704,318,750,គឺមានន័យថា,គឺមានន័យថា,0.93,0.95,True,pending,,data/handwritten_external/W001/metadata.csv,951,/Users/macbookpro/Desktop/Development/khmer-handwritten-word-recognition/data/handwritten_external/W001/crops_processed/W001_P005_0144.png,គឺមានន័យថា,10,True,112,46,61.34,0.322205,review,transcription_not_human_verified,W001
W001_P005_0145,crops_raw/W001_P005_0145.png,page_005.png,W001,353,706,410,759,ក៏ដូចជាការធ្វើទាន...,ក៏ដូចជាការធ្វើទាន...,0.92,0.95,True,pending,,data/handwritten_external/W001/metadata.csv,952,/Users/macbookpro/Desktop/Development/khmer-handwritten-word-recognition/data/handwritten_external/W001/crops_processed/W001_P005_0145.png,ក៏ដូចជាការធ្វើទាន...,20,True,57,53,56.501,0.284343,review,transcription_not_human_verified,W001
W001_P005_0146,crops_raw/W001_P005_0146.png,page_005.png,W001,401,705,518,746,ក្នុងបំណងស្វែងរក,ក្នុងបំណងស្វែងរក,0.92,0.95,True,pending,,data/handwritten_external/W001/metadata.csv,953,/Users/macbookpro/Desktop/Development/khmer-handwritten-word-recognition/data/handwritten_external/W001/crops_processed/W001_P005_0146.png,ក្នុងបំណងស្វែងរក,16,True,117,41,57.6742,0.225766,review,transcription_not_human_verified,W001
W001_P005_0149,crops_raw/W001_P005_0149.png,page_005.png,W001,86,731,183,770,ការសប្បាយ,ការសប្បាយ,0.94,0.95,True,pending,,data/handwritten_external/W001/metadata.csv,956,/Users/macbookpro/Desktop/Development/khmer-handwritten-word-recognition/data/handwritten_external/W001/crops_processed/W001_P005_0149.png,ការសប្បាយ,9,True,97,39,48.0269,0.176579,review,transcription_not_human_verified,W001
W001_P005_0150,crops_raw/W001_P005_0150.png,page_005.png,W001,195,729,335,763,អ្វីដែលសំខាន់,អ្វីដែលសំខាន់,0.93,0.95,True,pending,,data/handwritten_external/W001/metadata.csv,957,/Users/macbookpro/Desktop/Development/khmer-handwritten-word-recognition/data/handwritten_external/W001/crops_processed/W001_P005_0150.png,អ្វីដែលសំខាន់,13,True,140,34,55.9091,0.236134,review,transcription_not_human_verified,W001
W001_P005_0151,crops_raw/W001_P005_0151.png,page_005.png,W001,325,733,391,761,នាំឆ្ពោះទៅរកសន្តិភាព...,នាំឆ្ពោះទៅរកសន្តិភាព...,0.91,0.95,True,pending,,data/handwritten_external/W001/metadata.csv,958,/Users/macbookpro/Desktop/Development/khmer-handwritten-word-recognition/data/handwritten_external/W001/crops_processed/W001_P005_0151.png,នាំឆ្ពោះទៅរកសន្តិភាព...,23,True,66,28,64.409,0.368506,review,transcription_not_human_verified,W001
W001_P005_0152,crops_raw/W001_P005_0152.png,page_005.png,W001,399,729,471,761,ក៏ប៉ុន្តែដើម្បី,ក៏ប៉ុន្តែដើម្បី,0.93,0.95,True,pending,,data/handwritten_external/W001/metadata.csv,959,/Users/macbookpro/Desktop/Development/khmer-handwritten-word-recognition/data/handwritten_external/W001/crops_processed/W001_P005_0152.png,ក៏ប៉ុន្តែដើម្បី,15,True,72,32,57.8156,0.268663,review,transcription_not_human_verified,W001
W001_P005_0157,crops_raw/W001_P005_0157.png,page_005.png,W001,87,752,229,796,ផលប្រយោជន៍,ផលប្រយោជន៍,0.94,0.95,True,pending,,data/handwritten_external/W001/metadata.csv,964,/Users/macbookpro/Desktop/Development/khmer-handwritten-word-recognition/data/handwritten_external/W001/crops_processed/W001_P005_0157.png,ផលប្រយោជន៍,10,True,142,44,62.5684,0.317542,review,transcription_not_human_verified,W001
W001_P005_0158,crops_raw/W001_P005_0158.png,page_005.png,W001,219,757,267,787,ទាំងអស់នេះ,ទាំងអស់នេះ,0.95,0.95,True,pending,,data/handwritten_external/W001/metadata.csv,965,/Users/macbookpro/Desktop/Development/khmer-handwritten-word-recognition/data/handwritten_external/W001/crops_processed/W001_P005_0158.png,ទាំងអស់នេះ,10,True,48,30,57.9988,0.335417,review,transcription_not_human_verified,W001
W001_P005_0159,crops_raw/W001_P005_0159.png,page_005.png,W001,258,754,313,787,នោះត្រូវតែមាន,នោះត្រូវតែមាន,0.93,0.95,True,pending,,data/handwritten_external/W001/metadata.csv,966,/Users/macbookpro/Desktop/Development/khmer-handwritten-word-recognition/data/handwritten_external/W001/crops_processed/W001_P005_0159.png,នោះត្រូវតែមាន,13,True,55,33,58.6957,0.287603,review,transcription_not_human_verified,W001
W001_P005_0160,crops_raw/W001_P005_0160.png,page_005.png,W001,301,759,348,786,វិស័យ,វិស័យ,0.95,0.95,True,pending,,data/handwritten_external/W001/metadata.csv,967,/Users/macbookpro/Desktop/Development/khmer-handwritten-word-recognition/data/handwritten_external/W001/crops_processed/W001_P005_0160.png,វិស័យ,5,True,47,27,60.8265,0.379039,review,transcription_not_human_verified,W001
W001_P005_0161,crops_raw/W001_P005_0161.png,page_005.png,W001,339,749,421,786,ក្នុងការ,ក្នុងការ,0.95,0.95,True,pending,,data/handwritten_external/W001/metadata.csv,968,/Users/macbookpro/Desktop/Development/khmer-handwritten-word-recognition/data/handwritten_external/W001/crops_processed/W001_P005_0161.png,ក្នុងការ,8,True,82,37,59.9842,0.293342,review,transcription_not_human_verified,W001
W001_P005_0166,crops_raw/W001_P005_0166.png,page_005.png,W001,86,778,187,824,បង្ហាត់បង្រៀន,បង្ហាត់បង្រៀន,0.94,0.85,True,pending,,data/handwritten_external/W001/metadata.csv,973,/Users/macbookpro/Desktop/Development/khmer-handwritten-word-recognition/data/handwritten_external/W001/crops_processed/W001_P005_0166.png,បង្ហាត់បង្រៀន,13,True,101,46,60.896,0.261946,review,transcription_not_human_verified,W001
W001_P005_0167,crops_raw/W001_P005_0167.png,page_005.png,W001,174,778,362,824,ឱ្យមានចំណេះដឹង...,ឱ្យមានចំណេះដឹង...,0.92,0.85,True,pending,,data/handwritten_external/W001/metadata.csv,974,/Users/macbookpro/Desktop/Development/khmer-handwritten-word-recognition/data/handwritten_external/W001/crops_processed/W001_P005_0167.png,ឱ្យមានចំណេះដឹង...,17,True,188,46,62.1278,0.320768,review,transcription_not_human_verified,W001
W001_P005_0168,crops_raw/W001_P005_0168.png,page_005.png,W001,349,780,415,824,នោះគឺវត្តអារាម,នោះគឺវត្តអារាម,0.93,0.85,True,pending,,data/handwritten_external/W001/metadata.csv,975,/Users/macbookpro/Desktop/Development/khmer-handwritten-word-recognition/data/handwritten_external/W001/crops_processed/W001_P005_0168.png,នោះគឺវត្តអារាម,14,True,66,44,53.7537,0.21522,review,transcription_not_human_verified,W001
W001_P005_0169,crops_raw/W001_P005_0169.png,page_005.png,W001,414,786,467,813,ដែលជាទី,ដែលជាទី,0.94,0.95,True,pending,,data/handwritten_external/W001/metadata.csv,976,/Users/macbookpro/Desktop/Development/khmer-handwritten-word-recognition/data/handwritten_external/W001/crops_processed/W001_P005_0169.png,ដែលជាទី,7,True,53,27,61.1952,0.355695,review,transcription_not_human_verified,W001
W001_P005_0173,crops_raw/W001_P005_0173.png,page_005.png,W001,86,813,169,845,អាស្រ័យ,អាស្រ័យ,0.95,0.85,True,pending,,data/handwritten_external/W001/metadata.csv,980,/Users/macbookpro/Desktop/Development/khmer-handwritten-word-recognition/data/handwritten_external/W001/crops_processed/W001_P005_0173.png,អាស្រ័យ,7,True,83,32,54.8479,0.269578,review,transcription_not_human_verified,W001
W001_P005_0174,crops_raw/W001_P005_0174.png,page_005.png,W001,156,813,242,845,បណ្តុះចំណេះដឹង...,បណ្តុះចំណេះដឹង...,0.92,0.85,True,pending,,data/handwritten_external/W001/metadata.csv,981,/Users/macbookpro/Desktop/Development/khmer-handwritten-word-recognition/data/handwritten_external/W001/crops_processed/W001_P005_0174.png,បណ្តុះចំណេះដឹង...,17,True,86,32,57.8144,0.284884,review,transcription_not_human_verified,W001
W001_P005_0175,crops_raw/W001_P005_0175.png,page_005.png,W001,235,808,319,848,ព្រោះកាលពីសម័យបុរាណ,ព្រោះកាលពីសម័យបុរាណ,0.92,0.95,True,pending,,data/handwritten_external/W001/metadata.csv,982,/Users/macbookpro/Desktop/Development/khmer-handwritten-word-recognition/data/handwritten_external/W001/crops_processed/W001_P005_0175.png,ព្រោះកាលពីសម័យបុរាណ,19,True,84,40,57.285,0.256845,review,transcription_not_human_verified,W001
W001_P005_0176,crops_raw/W001_P005_0176.png,page_005.png,W001,401,803,450,835,វត្តអារាម,វត្តអារាម,0.95,0.95,True,pending,,data/handwritten_external/W001/metadata.csv,983,/Users/macbookpro/Desktop/Development/khmer-handwritten-word-recognition/data/handwritten_external/W001/crops_processed/W001_P005_0176.png,វត្តអារាម,9,True,49,32,60.6128,0.339923,review,transcription_not_human_verified,W001
W001_P005_0181,crops_raw/W001_P005_0181.png,page_005.png,W001,90,831,146,863,របស់សង្គមលោក,របស់សង្គមលោក,0.93,0.95,True,pending,,data/handwritten_external/W001/metadata.csv,988,/Users/macbookpro/Desktop/Development/khmer-handwritten-word-recognition/data/handwritten_external/W001/crops_processed/W001_P005_0181.png,របស់សង្គមលោក,12,True,56,32,58.0371,0.324219,review,transcription_not_human_verified,W001
W001_P005_0182,crops_raw/W001_P005_0182.png,page_005.png,W001,177,824,242,862,គឺជាផ្នែកមួយ,គឺជាផ្នែកមួយ,0.93,0.95,True,pending,,data/handwritten_external/W001/metadata.csv,989,/Users/macbookpro/Desktop/Development/khmer-handwritten-word-recognition/data/handwritten_external/W001/crops_processed/W001_P005_0182.png,គឺជាផ្នែកមួយ,12,True,65,38,63.3771,0.342915,review,transcription_not_human_verified,W001
W001_P005_0183,crops_raw/W001_P005_0183.png,page_005.png,W001,243,836,282,862,រៀនសូត្រ,រៀនសូត្រ,0.94,0.95,True,pending,,data/handwritten_external/W001/metadata.csv,990,/Users/macbookpro/Desktop/Development/khmer-handwritten-word-recognition/data/handwritten_external/W001/crops_processed/W001_P005_0183.png,រៀនសូត្រ,8,True,39,26,57.8512,0.439842,review,transcription_not_human_verified,W001
W001_P005_0184,crops_raw/W001_P005_0184.png,page_005.png,W001,273,833,349,885,របស់កូនចៅខ្មែរ,របស់កូនចៅខ្មែរ,0.93,0.95,True,pending,,data/handwritten_external/W001/metadata.csv,991,/Users/macbookpro/Desktop/Development/khmer-handwritten-word-recognition/data/handwritten_external/W001/crops_processed/W001_P005_0184.png,របស់កូនចៅខ្មែរ,14,True,76,52,52.4765,0.236842,review,transcription_not_human_verified,W001
W001_P005_0191,crops_raw/W001_P005_0191.png,page_005.png,W001,89,863,128,891,ជាកន្លែង,ជាកន្លែង,0.95,0.95,True,pending,,data/handwritten_external/W001/metadata.csv,998,/Users/macbookpro/Desktop/Development/khmer-handwritten-word-recognition/data/handwritten_external/W001/crops_processed/W001_P005_0191.png,ជាកន្លែង,8,True,39,28,58.4142,0.435897,review,transcription_not_human_verified,W001
W001_P005_0192,crops_raw/W001_P005_0192.png,page_005.png,W001,118,838,189,888,បណ្តុះបណ្តាល,បណ្តុះបណ្តាល,0.94,0.95,True,pending,,data/handwritten_external/W001/metadata.csv,999,/Users/macbookpro/Desktop/Development/khmer-handwritten-word-recognition/data/handwritten_external/W001/crops_processed/W001_P005_0192.png,បណ្តុះបណ្តាល,12,True,71,50,54.5513,0.275211,review,transcription_not_human_verified,W001
W001_P005_0193,crops_raw/W001_P005_0193.png,page_005.png,W001,177,860,259,897,ជាបណ្ណាល័យ,ជាបណ្ណាល័យ,0.94,0.95,True,pending,,data/handwritten_external/W001/metadata.csv,1000,/Users/macbookpro/Desktop/Development/khmer-handwritten-word-recognition/data/handwritten_external/W001/crops_processed/W001_P005_0193.png,ជាបណ្ណាល័យ,10,True,82,37,58.7753,0.265985,review,transcription_not_human_verified,W001
W001_P005_0194,crops_raw/W001_P005_0194.png,page_005.png,W001,264,861,302,889,ជាមន្ទីរពេទ្យ,ជាមន្ទីរពេទ្យ,0.94,0.95,True,pending,,data/handwritten_external/W001/metadata.csv,1001,/Users/macbookpro/Desktop/Development/khmer-handwritten-word-recognition/data/handwritten_external/W001/crops_processed/W001_P005_0194.png,ជាមន្ទីរពេទ្យ,13,True,38,28,60.0589,0.351504,review,transcription_not_human_verified,W001
W001_P005_0195,crops_raw/W001_P005_0195.png,page_005.png,W001,318,862,379,888,ព្យាបាលជំងឺ,ព្យាបាលជំងឺ,0.94,0.95,True,pending,,data/handwritten_external/W001/metadata.csv,1002,/Users/macbookpro/Desktop/Development/khmer-handwritten-word-recognition/data/handwritten_external/W001/crops_processed/W001_P005_0195.png,ព្យាបាលជំងឺ,11,True,61,26,61.8852,0.322825,review,transcription_not_human_verified,W001
W001_P005_0202,crops_raw/W001_P005_0202.png,page_005.png,W001,90,880,161,912,សីលធម៌,សីលធម៌,0.95,0.95,True,pending,,data/handwritten_external/W001/metadata.csv,1009,/Users/macbookpro/Desktop/Development/khmer-handwritten-word-recognition/data/handwritten_external/W001/crops_processed/W001_P005_0202.png,សីលធម៌,6,True,71,32,58.756,0.272007,review,transcription_not_human_verified,W001
W001_P005_0203,crops_raw/W001_P005_0203.png,page_005.png,W001,153,880,199,910,ពិនិត្យវត្តអារាម,ពិនិត្យវត្តអារាម,0.93,0.95,True,pending,,data/handwritten_external/W001/metadata.csv,1010,/Users/macbookpro/Desktop/Development/khmer-handwritten-word-recognition/data/handwritten_external/W001/crops_processed/W001_P005_0203.png,ពិនិត្យវត្តអារាម,16,True,46,30,64.8615,0.458696,review,transcription_not_human_verified,W001
W001_P005_0204,crops_raw/W001_P005_0204.png,page_005.png,W001,231,884,258,912,ជាមណ្ឌល,ជាមណ្ឌល,0.95,0.8,True,pending,narrow component,data/handwritten_external/W001/metadata.csv,1011,/Users/macbookpro/Desktop/Development/khmer-handwritten-word-recognition/data/handwritten_external/W001/crops_processed/W001_P005_0204.png,ជាមណ្ឌល,7,True,27,28,63.2131,0.546296,review,transcription_not_human_verified,W001
W001_P005_0205,crops_raw/W001_P005_0205.png,page_005.png,W001,267,885,357,911,វិទ្យាសាស្ត្រ,វិទ្យាសាស្ត្រ,0.95,0.95,True,pending,,data/handwritten_external/W001/metadata.csv,1012,/Users/macbookpro/Desktop/Development/khmer-handwritten-word-recognition/data/handwritten_external/W001/crops_processed/W001_P005_0205.png,វិទ្យាសាស្ត្រ,13,True,90,26,60.0432,0.278632,review,transcription_not_human_verified,W001
W001_P005_0206,crops_raw/W001_P005_0206.png,page_005.png,W001,346,881,448,933,និងវប្បធម៌ខ្មែរ,និងវប្បធម៌ខ្មែរ,0.93,0.95,True,pending,,data/handwritten_external/W001/metadata.csv,1013,/Users/macbookpro/Desktop/Development/khmer-handwritten-word-recognition/data/handwritten_external/W001/crops_processed/W001_P005_0206.png,និងវប្បធម៌ខ្មែរ,15,True,102,52,62.2894,0.321644,review,transcription_not_human_verified,W001
W001_P005_0211,crops_raw/W001_P005_0211.png,page_005.png,W001,90,885,218,939,ដោយសារ,ដោយសារ,0.95,0.95,True,pending,,data/handwritten_external/W001/metadata.csv,1018,/Users/macbookpro/Desktop/Development/khmer-handwritten-word-recognition/data/handwritten_external/W001/crops_processed/W001_P005_0211.png,ដោយសារ,6,True,128,54,63.4993,0.315394,review,transcription_not_human_verified,W001
W001_P005_0212,crops_raw/W001_P005_0212.png,page_005.png,W001,207,911,236,943,វត្តអារាម,វត្តអារាម,0.95,0.8,True,pending,narrow component,data/handwritten_external/W001/metadata.csv,1019,/Users/macbookpro/Desktop/Development/khmer-handwritten-word-recognition/data/handwritten_external/W001/crops_processed/W001_P005_0212.png,វត្តអារាម,9,True,29,32,65.2439,0.507543,review,transcription_not_human_verified,W001
W001_P005_0213,crops_raw/W001_P005_0213.png,page_005.png,W001,234,886,274,938,ពោរពេញដោយ,ពោរពេញដោយ,0.93,0.95,True,pending,,data/handwritten_external/W001/metadata.csv,1020,/Users/macbookpro/Desktop/Development/khmer-handwritten-word-recognition/data/handwritten_external/W001/crops_processed/W001_P005_0213.png,ពោរពេញដោយ,9,True,40,52,62.0034,0.357212,review,transcription_not_human_verified,W001
W001_P005_0214,crops_raw/W001_P005_0214.png,page_005.png,W001,262,909,321,936,ទីកន្លែងស្រាវជ្រាវ,ទីកន្លែងស្រាវជ្រាវ,0.93,0.95,True,pending,,data/handwritten_external/W001/metadata.csv,1021,/Users/macbookpro/Desktop/Development/khmer-handwritten-word-recognition/data/handwritten_external/W001/crops_processed/W001_P005_0214.png,ទីកន្លែងស្រាវជ្រាវ,18,True,59,27,63.1476,0.338983,review,transcription_not_human_verified,W001
W001_P005_0215,crops_raw/W001_P005_0215.png,page_005.png,W001,315,909,391,937,ការរៀនសូត្រ,ការរៀនសូត្រ,0.94,0.95,True,pending,,data/handwritten_external/W001/metadata.csv,1022,/Users/macbookpro/Desktop/Development/khmer-handwritten-word-recognition/data/handwritten_external/W001/crops_processed/W001_P005_0215.png,ការរៀនសូត្រ,11,True,76,28,62.5252,0.304041,review,transcription_not_human_verified,W001
W001_P005_0219,crops_raw/W001_P005_0219.png,page_005.png,W001,88,935,140,970,អក្សរសាស្ត្រជាដើម,អក្សរសាស្ត្រជាដើម,0.93,0.95,True,pending,,data/handwritten_external/W001/metadata.csv,1026,/Users/macbookpro/Desktop/Development/khmer-handwritten-word-recognition/data/handwritten_external/W001/crops_processed/W001_P005_0219.png,អក្សរសាស្ត្រជាដើម,17,True,52,35,60.899,0.312088,review,transcription_not_human_verified,W001
W001_P005_0220,crops_raw/W001_P005_0220.png,page_005.png,W001,151,911,246,974,។,។,0.97,0.95,True,pending,,data/handwritten_external/W001/metadata.csv,1027,/Users/macbookpro/Desktop/Development/khmer-handwritten-word-recognition/data/handwritten_external/W001/crops_processed/W001_P005_0220.png,។,1,True,95,63,61.103,0.311947,review,transcription_not_human_verified,W001
W001_P005_0221,crops_raw/W001_P005_0221.png,page_005.png,W001,244,929,335,962,ធាតុផ្សំទាំងមូល,ធាតុផ្សំទាំងមូល,0.93,0.95,True,pending,,data/handwritten_external/W001/metadata.csv,1028,/Users/macbookpro/Desktop/Development/khmer-handwritten-word-recognition/data/handwritten_external/W001/crops_processed/W001_P005_0221.png,ធាតុផ្សំទាំងមូល,15,True,91,33,54.1393,0.222111,review,transcription_not_human_verified,W001
W001_P005_0222,crops_raw/W001_P005_0222.png,page_005.png,W001,341,934,497,973,កសាងសីលធម៌,កសាងសីលធម៌,0.94,0.95,True,pending,,data/handwritten_external/W001/metadata.csv,1029,/Users/macbookpro/Desktop/Development/khmer-handwritten-word-recognition/data/handwritten_external/W001/crops_processed/W001_P005_0222.png,កសាងសីលធម៌,10,True,156,39,62.1504,0.32643,review,transcription_not_human_verified,W001
W001_P005_0223,crops_raw/W001_P005_0223.png,page_005.png,W001,487,935,519,959,កុសល,កុសល,0.95,0.8,True,pending,narrow component,data/handwritten_external/W001/metadata.csv,1030,/Users/macbookpro/Desktop/Development/khmer-handwritten-word-recognition/data/handwritten_external/W001/crops_processed/W001_P005_0223.png,កុសល,4,True,32,24,66.6993,0.550781,review,transcription_not_human_verified,W001
W001_P005_0227,crops_raw/W001_P005_0227.png,page_005.png,W001,86,960,160,997,ផ្សេងៗ,ផ្សេងៗ,0.96,0.95,True,pending,,data/handwritten_external/W001/metadata.csv,1034,/Users/macbookpro/Desktop/Development/khmer-handwritten-word-recognition/data/handwritten_external/W001/crops_processed/W001_P005_0227.png,ផ្សេងៗ,6,True,74,37,55.0884,0.219503,review,transcription_not_human_verified,W001
W001_P005_0228,crops_raw/W001_P005_0228.png,page_005.png,W001,169,960,230,995,ព្រោះកាលពី,ព្រោះកាលពី,0.94,0.95,True,pending,,data/handwritten_external/W001/metadata.csv,1035,/Users/macbookpro/Desktop/Development/khmer-handwritten-word-recognition/data/handwritten_external/W001/crops_processed/W001_P005_0228.png,ព្រោះកាលពី,10,True,61,35,59.3139,0.264169,review,transcription_not_human_verified,W001
W001_P005_0229,crops_raw/W001_P005_0229.png,page_005.png,W001,223,955,271,985,សម័យសកលលោក...,សម័យសកលលោក...,0.92,0.95,True,pending,,data/handwritten_external/W001/metadata.csv,1036,/Users/macbookpro/Desktop/Development/khmer-handwritten-word-recognition/data/handwritten_external/W001/crops_processed/W001_P005_0229.png,សម័យសកលលោក...,13,True,48,30,58.0199,0.377778,review,transcription_not_human_verified,W001
W001_P005_0230,crops_raw/W001_P005_0230.png,page_005.png,W001,263,956,313,985,ព្រះពុទ្ធ,ព្រះពុទ្ធ,0.96,0.95,True,pending,,data/handwritten_external/W001/metadata.csv,1037,/Users/macbookpro/Desktop/Development/khmer-handwritten-word-recognition/data/handwritten_external/W001/crops_processed/W001_P005_0230.png,ព្រះពុទ្ធ,9,True,50,29,60.3866,0.347586,review,transcription_not_human_verified,W001
W001_P005_0231,crops_raw/W001_P005_0231.png,page_005.png,W001,302,952,365,990,ព្រះធម៌,ព្រះធម៌,0.96,0.95,True,pending,,data/handwritten_external/W001/metadata.csv,1038,/Users/macbookpro/Desktop/Development/khmer-handwritten-word-recognition/data/handwritten_external/W001/crops_processed/W001_P005_0231.png,ព្រះធម៌,7,True,63,38,59.8696,0.288221,review,transcription_not_human_verified,W001
W001_P006_0001,crops_raw/W001_P006_0001.png,page_006.png,W001,81,232,167,265,ព្រះសង្ឃ,ព្រះសង្ឃ,0.96,0.95,True,pending,,data/handwritten_external/W001/metadata.csv,1045,/Users/macbookpro/Desktop/Development/khmer-handwritten-word-recognition/data/handwritten_external/W001/crops_processed/W001_P006_0001.png,ព្រះសង្ឃ,8,True,86,33,50.191,0.273432,review,transcription_not_human_verified,W001
W001_P006_0003,crops_raw/W001_P006_0003.png,page_006.png,W001,190,224,295,281,ជាទីសក្ការៈ,ជាទីសក្ការៈ,0.94,0.95,True,pending,,data/handwritten_external/W001/metadata.csv,1047,/Users/macbookpro/Desktop/Development/khmer-handwritten-word-recognition/data/handwritten_external/W001/crops_processed/W001_P006_0003.png,ជាទីសក្ការៈ,11,True,105,57,56.9867,0.276023,review,transcription_not_human_verified,W001
W001_P006_0004,crops_raw/W001_P006_0004.png,page_006.png,W001,283,228,370,268,និងប្រាថ្នា,និងប្រាថ្នា,0.94,0.95,True,pending,,data/handwritten_external/W001/metadata.csv,1048,/Users/macbookpro/Desktop/Development/khmer-handwritten-word-recognition/data/handwritten_external/W001/crops_processed/W001_P006_0004.png,និងប្រាថ្នា,11,True,87,40,51.7252,0.237069,review,transcription_not_human_verified,W001
W001_P006_0005,crops_raw/W001_P006_0005.png,page_006.png,W001,358,223,382,255,ចង់បាន,ចង់បាន,0.95,0.8,True,pending,narrow component,data/handwritten_external/W001/metadata.csv,1049,/Users/macbookpro/Desktop/Development/khmer-handwritten-word-recognition/data/handwritten_external/W001/crops_processed/W001_P006_0005.png,ចង់បាន,6,True,24,32,59.5956,0.376302,review,transcription_not_human_verified,W001
W001_P006_0006,crops_raw/W001_P006_0006.png,page_006.png,W001,370,230,457,257,ជាដើម,ជាដើម,0.95,0.95,True,pending,,data/handwritten_external/W001/metadata.csv,1050,/Users/macbookpro/Desktop/Development/khmer-handwritten-word-recognition/data/handwritten_external/W001/crops_processed/W001_P006_0006.png,ជាដើម,5,True,87,27,57.4079,0.266071,review,transcription_not_human_verified,W001
W001_P006_0007,crops_raw/W001_P006_0007.png,page_006.png,W001,457,224,540,258,។,។,0.97,0.95,True,pending,,data/handwritten_external/W001/metadata.csv,1051,/Users/macbookpro/Desktop/Development/khmer-handwritten-word-recognition/data/handwritten_external/W001/crops_processed/W001_P006_0007.png,។,1,True,83,34,44.441,0.183912,review,transcription_not_human_verified,W001
W001_P006_0008,crops_raw/W001_P006_0008.png,page_006.png,W001,537,228,567,256,ទាំងនេះ,ទាំងនេះ,0.95,0.8,True,pending,narrow component,data/handwritten_external/W001/metadata.csv,1052,/Users/macbookpro/Desktop/Development/khmer-handwritten-word-recognition/data/handwritten_external/W001/crops_processed/W001_P006_0008.png,ទាំងនេះ,7,True,30,28,51.3006,0.238095,review,transcription_not_human_verified,W001
W001_P006_0009,crops_raw/W001_P006_0009.png,page_006.png,W001,570,225,633,256,គឺជាទីតាំង,គឺជាទីតាំង,0.94,0.95,True,pending,,data/handwritten_external/W001/metadata.csv,1053,/Users/macbookpro/Desktop/Development/khmer-handwritten-word-recognition/data/handwritten_external/W001/crops_processed/W001_P006_0009.png,គឺជាទីតាំង,10,True,63,31,52.3175,0.24424,review,transcription_not_human_verified,W001
W001_P006_0011,crops_raw/W001_P006_0011.png,page_006.png,W001,81,251,166,289,សម្រាប់,សម្រាប់,0.95,0.95,True,pending,,data/handwritten_external/W001/metadata.csv,1055,/Users/macbookpro/Desktop/Development/khmer-handwritten-word-recognition/data/handwritten_external/W001/crops_processed/W001_P006_0011.png,សម្រាប់,7,True,85,38,47.376,0.249845,review,transcription_not_human_verified,W001
W001_P006_0012,crops_raw/W001_P006_0012.png,page_006.png,W001,157,251,198,282,សិក្សា,សិក្សា,0.94,0.95,True,pending,,data/handwritten_external/W001/metadata.csv,1056,/Users/macbookpro/Desktop/Development/khmer-handwritten-word-recognition/data/handwritten_external/W001/crops_processed/W001_P006_0012.png,សិក្សា,6,True,41,31,54.1533,0.262785,review,transcription_not_human_verified,W001
W001_P006_0013,crops_raw/W001_P006_0013.png,page_006.png,W001,240,257,325,291,ព្រះពុទ្ធ,ព្រះពុទ្ធ,0.95,0.95,True,pending,,data/handwritten_external/W001/metadata.csv,1057,/Users/macbookpro/Desktop/Development/khmer-handwritten-word-recognition/data/handwritten_external/W001/crops_processed/W001_P006_0013.png,ព្រះពុទ្ធ,9,True,85,34,48.8472,0.276125,review,transcription_not_human_verified,W001
W001_P006_0014,crops_raw/W001_P006_0014.png,page_006.png,W001,314,256,399,284,សាសនា,សាសនា,0.95,0.95,True,pending,,data/handwritten_external/W001/metadata.csv,1058,/Users/macbookpro/Desktop/Development/khmer-handwritten-word-recognition/data/handwritten_external/W001/crops_processed/W001_P006_0014.png,សាសនា,5,True,85,28,56.1195,0.279832,review,transcription_not_human_verified,W001
W001_P006_0015,crops_raw/W001_P006_0015.png,page_006.png,W001,388,258,415,283,។,។,0.97,0.8,True,pending,narrow component,data/handwritten_external/W001/metadata.csv,1059,/Users/macbookpro/Desktop/Development/khmer-handwritten-word-recognition/data/handwritten_external/W001/crops_processed/W001_P006_0015.png,។,1,True,27,25,56.7046,0.376296,review,transcription_not_human_verified,W001
W001_P006_0016,crops_raw/W001_P006_0016.png,page_006.png,W001,150,257,243,316,ជាក់ស្តែង,ជាក់ស្តែង,0.94,0.95,True,pending,,data/handwritten_external/W001/metadata.csv,1060,/Users/macbookpro/Desktop/Development/khmer-handwritten-word-recognition/data/handwritten_external/W001/crops_processed/W001_P006_0016.png,ជាក់ស្តែង,9,True,93,59,53.2678,0.274831,review,transcription_not_human_verified,W001
W001_P006_0017,crops_raw/W001_P006_0017.png,page_006.png,W001,234,270,336,307,បើយើង,បើយើង,0.95,0.95,True,pending,,data/handwritten_external/W001/metadata.csv,1061,/Users/macbookpro/Desktop/Development/khmer-handwritten-word-recognition/data/handwritten_external/W001/crops_processed/W001_P006_0017.png,បើយើង,5,True,102,37,46.8501,0.263911,review,transcription_not_human_verified,W001
W001_P006_0018,crops_raw/W001_P006_0018.png,page_006.png,W001,328,283,405,314,ក្រឡេកមើលទៅ,ក្រឡេកមើលទៅ,0.93,0.95,True,pending,,data/handwritten_external/W001/metadata.csv,1062,/Users/macbookpro/Desktop/Development/khmer-handwritten-word-recognition/data/handwritten_external/W001/crops_processed/W001_P006_0018.png,ក្រឡេកមើលទៅ,11,True,77,31,48.8506,0.254294,review,transcription_not_human_verified,W001
W001_P006_0019,crops_raw/W001_P006_0019.png,page_006.png,W001,393,275,547,333,ស្ថានីយ,ស្ថានីយ,0.94,0.95,True,pending,,data/handwritten_external/W001/metadata.csv,1063,/Users/macbookpro/Desktop/Development/khmer-handwritten-word-recognition/data/handwritten_external/W001/crops_processed/W001_P006_0019.png,ស្ថានីយ,7,True,154,58,59.1666,0.311352,review,transcription_not_human_verified,W001
W001_P006_0020,crops_raw/W001_P006_0020.png,page_006.png,W001,539,278,663,319,អភិរក្សសិល្បៈ,អភិរក្សសិល្បៈ,0.93,0.95,True,pending,,data/handwritten_external/W001/metadata.csv,1064,/Users/macbookpro/Desktop/Development/khmer-handwritten-word-recognition/data/handwritten_external/W001/crops_processed/W001_P006_0020.png,អភិរក្សសិល្បៈ,13,True,124,41,49.6323,0.236625,review,transcription_not_human_verified,W001
W001_P006_0021,crops_raw/W001_P006_0021.png,page_006.png,W001,652,278,688,318,វប្បធម៌,វប្បធម៌,0.94,0.95,True,pending,,data/handwritten_external/W001/metadata.csv,1065,/Users/macbookpro/Desktop/Development/khmer-handwritten-word-recognition/data/handwritten_external/W001/crops_processed/W001_P006_0021.png,វប្បធម៌,7,True,36,40,57.8964,0.305556,review,transcription_not_human_verified,W001
W001_P006_0022,crops_raw/W001_P006_0022.png,page_006.png,W001,81,306,186,344,ព្រះបាទជ័យវរ្ម័ន,ព្រះបាទជ័យវរ្ម័ន,0.94,0.95,True,pending,,data/handwritten_external/W001/metadata.csv,1066,/Users/macbookpro/Desktop/Development/khmer-handwritten-word-recognition/data/handwritten_external/W001/crops_processed/W001_P006_0022.png,ព្រះបាទជ័យវរ្ម័ន,16,True,105,38,45.1676,0.245865,review,transcription_not_human_verified,W001
W001_P006_0023,crops_raw/W001_P006_0023.png,page_006.png,W001,180,303,257,343,ទី៧...,ទី៧...,0.92,0.95,True,pending,,data/handwritten_external/W001/metadata.csv,1067,/Users/macbookpro/Desktop/Development/khmer-handwritten-word-recognition/data/handwritten_external/W001/crops_processed/W001_P006_0023.png,ទី៧...,6,True,77,40,45.5643,0.212987,review,transcription_not_human_verified,W001
W001_P006_0024,crops_raw/W001_P006_0024.png,page_006.png,W001,261,302,349,342,ទាំងអស់នេះ,ទាំងអស់នេះ,0.95,0.95,True,pending,,data/handwritten_external/W001/metadata.csv,1068,/Users/macbookpro/Desktop/Development/khmer-handwritten-word-recognition/data/handwritten_external/W001/crops_processed/W001_P006_0024.png,ទាំងអស់នេះ,10,True,88,40,36.7539,0.185795,review,transcription_not_human_verified,W001
W001_P006_0025,crops_raw/W001_P006_0025.png,page_006.png,W001,340,300,487,344,គឺជាស្ថានីយ,គឺជាស្ថានីយ,0.94,0.95,True,pending,,data/handwritten_external/W001/metadata.csv,1069,/Users/macbookpro/Desktop/Development/khmer-handwritten-word-recognition/data/handwritten_external/W001/crops_processed/W001_P006_0025.png,គឺជាស្ថានីយ,11,True,147,44,53.9261,0.256803,review,transcription_not_human_verified,W001
W001_P006_0026,crops_raw/W001_P006_0026.png,page_006.png,W001,502,303,630,346,អភិរក្សសិល្បៈ,អភិរក្សសិល្បៈ,0.94,0.95,True,pending,,data/handwritten_external/W001/metadata.csv,1070,/Users/macbookpro/Desktop/Development/khmer-handwritten-word-recognition/data/handwritten_external/W001/crops_processed/W001_P006_0026.png,អភិរក្សសិល្បៈ,13,True,128,43,50.0407,0.259266,review,transcription_not_human_verified,W001
W001_P006_0027,crops_raw/W001_P006_0027.png,page_006.png,W001,620,304,688,334,ដែលជាពុទ្ធ,ដែលជាពុទ្ធ,0.93,0.95,True,pending,,data/handwritten_external/W001/metadata.csv,1071,/Users/macbookpro/Desktop/Development/khmer-handwritten-word-recognition/data/handwritten_external/W001/crops_processed/W001_P006_0027.png,ដែលជាពុទ្ធ,10,True,68,30,53.0562,0.29902,review,transcription_not_human_verified,W001
W001_P006_0028,crops_raw/W001_P006_0028.png,page_006.png,W001,81,333,208,368,ដែលបានបង្ហាញ,ដែលបានបង្ហាញ,0.93,0.95,True,pending,,data/handwritten_external/W001/metadata.csv,1072,/Users/macbookpro/Desktop/Development/khmer-handwritten-word-recognition/data/handwritten_external/W001/crops_processed/W001_P006_0028.png,ដែលបានបង្ហាញ,12,True,127,35,44.9775,0.224972,review,transcription_not_human_verified,W001
W001_P006_0029,crops_raw/W001_P006_0029.png,page_006.png,W001,198,330,312,368,ញ,ញ,0.9,0.95,True,pending,,data/handwritten_external/W001/metadata.csv,1073,/Users/macbookpro/Desktop/Development/khmer-handwritten-word-recognition/data/handwritten_external/W001/crops_processed/W001_P006_0029.png,ញ,1,True,114,38,43.2454,0.210526,review,transcription_not_human_verified,W001
W001_P006_0030,crops_raw/W001_P006_0030.png,page_006.png,W001,300,336,346,359,អំពីការធ្វើ,អំពីការធ្វើ,0.93,0.8,True,pending,narrow component,data/handwritten_external/W001/metadata.csv,1074,/Users/macbookpro/Desktop/Development/khmer-handwritten-word-recognition/data/handwritten_external/W001/crops_processed/W001_P006_0030.png,អំពីការធ្វើ,11,True,46,23,58.3796,0.351607,review,transcription_not_human_verified,W001
W001_P006_0031,crops_raw/W001_P006_0031.png,page_006.png,W001,340,330,505,386,ទាន,ទាន,0.96,0.95,True,pending,,data/handwritten_external/W001/metadata.csv,1075,/Users/macbookpro/Desktop/Development/khmer-handwritten-word-recognition/data/handwritten_external/W001/crops_processed/W001_P006_0031.png,ទាន,3,True,165,56,56.4073,0.295022,review,transcription_not_human_verified,W001
W001_P006_0032,crops_raw/W001_P006_0032.png,page_006.png,W001,510,333,540,361,របស់ព្រះបាទជ័យវរ្ម័ន,របស់ព្រះបាទជ័យវរ្ម័ន,0.92,0.8,True,pending,narrow component,data/handwritten_external/W001/metadata.csv,1076,/Users/macbookpro/Desktop/Development/khmer-handwritten-word-recognition/data/handwritten_external/W001/crops_processed/W001_P006_0032.png,របស់ព្រះបាទជ័យវរ្ម័ន,20,True,30,28,52.6173,0.372619,review,transcription_not_human_verified,W001
W001_P006_0033,crops_raw/W001_P006_0033.png,page_006.png,W001,536,328,688,371,។,។,0.97,0.95,True,pending,,data/handwritten_external/W001/metadata.csv,1077,/Users/macbookpro/Desktop/Development/khmer-handwritten-word-recognition/data/handwritten_external/W001/crops_processed/W001_P006_0033.png,។,1,True,152,43,53.2241,0.249235,review,transcription_not_human_verified,W001
W001_P006_0034,crops_raw/W001_P006_0034.png,page_006.png,W001,81,353,211,387,នោះហើយបើយើង,នោះហើយបើយើង,0.93,0.95,True,pending,,data/handwritten_external/W001/metadata.csv,1078,/Users/macbookpro/Desktop/Development/khmer-handwritten-word-recognition/data/handwritten_external/W001/crops_processed/W001_P006_0034.png,នោះហើយបើយើង,11,True,130,34,43.3632,0.206109,review,transcription_not_human_verified,W001
W001_P006_0035,crops_raw/W001_P006_0035.png,page_006.png,W001,199,363,248,387,ងាក,ងាក,0.96,0.95,True,pending,,data/handwritten_external/W001/metadata.csv,1079,/Users/macbookpro/Desktop/Development/khmer-handwritten-word-recognition/data/handwritten_external/W001/crops_processed/W001_P006_0035.png,ងាក,3,True,49,24,57.9541,0.339286,review,transcription_not_human_verified,W001
W001_P006_0036,crops_raw/W001_P006_0036.png,page_006.png,W001,239,356,374,395,និយាយបានថា...,និយាយបានថា...,0.92,0.95,True,pending,,data/handwritten_external/W001/metadata.csv,1080,/Users/macbookpro/Desktop/Development/khmer-handwritten-word-recognition/data/handwritten_external/W001/crops_processed/W001_P006_0036.png,និយាយបានថា...,13,True,135,39,44.7361,0.185755,review,transcription_not_human_verified,W001
W001_P006_0037,crops_raw/W001_P006_0037.png,page_006.png,W001,378,358,442,398,វត្តអារាម,វត្តអារាម,0.95,0.95,True,pending,,data/handwritten_external/W001/metadata.csv,1081,/Users/macbookpro/Desktop/Development/khmer-handwritten-word-recognition/data/handwritten_external/W001/crops_processed/W001_P006_0037.png,វត្តអារាម,9,True,64,40,52.1801,0.26875,review,transcription_not_human_verified,W001
W001_P006_0038,crops_raw/W001_P006_0038.png,page_006.png,W001,431,362,484,397,ព្រះពុទ្ធសាសនា,ព្រះពុទ្ធសាសនា,0.94,0.95,True,pending,,data/handwritten_external/W001/metadata.csv,1082,/Users/macbookpro/Desktop/Development/khmer-handwritten-word-recognition/data/handwritten_external/W001/crops_processed/W001_P006_0038.png,ព្រះពុទ្ធសាសនា,14,True,53,35,53.6325,0.273854,review,transcription_not_human_verified,W001
W001_P006_0039,crops_raw/W001_P006_0039.png,page_006.png,W001,555,360,688,397,បានកសាងកុសល...,បានកសាងកុសល...,0.92,0.95,True,pending,,data/handwritten_external/W001/metadata.csv,1083,/Users/macbookpro/Desktop/Development/khmer-handwritten-word-recognition/data/handwritten_external/W001/crops_processed/W001_P006_0039.png,បានកសាងកុសល...,14,True,133,37,51.1741,0.22719,review,transcription_not_human_verified,W001
W001_P006_0040,crops_raw/W001_P006_0040.png,page_006.png,W001,83,379,172,412,ពោលគឺ,ពោលគឺ,0.95,0.95,True,pending,,data/handwritten_external/W001/metadata.csv,1084,/Users/macbookpro/Desktop/Development/khmer-handwritten-word-recognition/data/handwritten_external/W001/crops_processed/W001_P006_0040.png,ពោលគឺ,5,True,89,33,45.1709,0.180456,review,transcription_not_human_verified,W001
W001_P006_0041,crops_raw/W001_P006_0041.png,page_006.png,W001,160,383,260,420,ការធ្វើទាន...,ការធ្វើទាន...,0.93,0.95,True,pending,,data/handwritten_external/W001/metadata.csv,1085,/Users/macbookpro/Desktop/Development/khmer-handwritten-word-recognition/data/handwritten_external/W001/crops_processed/W001_P006_0041.png,ការធ្វើទាន...,13,True,100,37,42.4581,0.185135,review,transcription_not_human_verified,W001
W001_P006_0042,crops_raw/W001_P006_0042.png,page_006.png,W001,265,381,324,411,សីល,សីល,0.95,0.95,True,pending,,data/handwritten_external/W001/metadata.csv,1086,/Users/macbookpro/Desktop/Development/khmer-handwritten-word-recognition/data/handwritten_external/W001/crops_processed/W001_P006_0042.png,សីល,3,True,59,30,55.1413,0.261582,review,transcription_not_human_verified,W001
W001_P006_0043,crops_raw/W001_P006_0043.png,page_006.png,W001,313,386,414,423,ដែលឈ្មោះ,ដែលឈ្មោះ,0.94,0.95,True,pending,,data/handwritten_external/W001/metadata.csv,1087,/Users/macbookpro/Desktop/Development/khmer-handwritten-word-recognition/data/handwritten_external/W001/crops_processed/W001_P006_0043.png,ដែលឈ្មោះ,8,True,101,37,45.0725,0.214075,review,transcription_not_human_verified,W001
W001_P006_0044,crops_raw/W001_P006_0044.png,page_006.png,W001,405,386,441,412,ថា,ថា,0.96,0.95,True,pending,,data/handwritten_external/W001/metadata.csv,1088,/Users/macbookpro/Desktop/Development/khmer-handwritten-word-recognition/data/handwritten_external/W001/crops_processed/W001_P006_0044.png,ថា,2,True,36,26,56.5787,0.349359,review,transcription_not_human_verified,W001
W001_P006_0047,crops_raw/W001_P006_0047.png,page_006.png,W001,577,382,688,413,ពោលពលករ...,ពោលពលករ...,0.92,0.95,True,pending,,data/handwritten_external/W001/metadata.csv,1091,/Users/macbookpro/Desktop/Development/khmer-handwritten-word-recognition/data/handwritten_external/W001/crops_processed/W001_P006_0047.png,ពោលពលករ...,10,True,111,31,49.8419,0.212438,review,transcription_not_human_verified,W001
W001_P006_0048,crops_raw/W001_P006_0048.png,page_006.png,W001,82,411,126,437,មាន,មាន,0.96,0.95,True,pending,,data/handwritten_external/W001/metadata.csv,1092,/Users/macbookpro/Desktop/Development/khmer-handwritten-word-recognition/data/handwritten_external/W001/crops_processed/W001_P006_0048.png,មាន,3,True,44,26,56.4403,0.367133,review,transcription_not_human_verified,W001
W001_P006_0049,crops_raw/W001_P006_0049.png,page_006.png,W001,115,408,160,448,ចិត្ត,ចិត្ត,0.96,0.95,True,pending,"Claude cross-check: crop is narrow (45px) and compact, visually plausible for a short 2-syllable word; guess looks reasonable but not independently verified against full cursive detail.",data/handwritten_external/W001/metadata.csv,1093,/Users/macbookpro/Desktop/Development/khmer-handwritten-word-recognition/data/handwritten_external/W001/crops_processed/W001_P006_0049.png,ចិត្ត,5,True,45,40,53.5511,0.313333,review,transcription_not_human_verified,W001
W001_P006_0050,crops_raw/W001_P006_0050.png,page_006.png,W001,229,410,304,451,មេត្តា,មេត្តា,0.95,0.95,True,pending,,data/handwritten_external/W001/metadata.csv,1094,/Users/macbookpro/Desktop/Development/khmer-handwritten-word-recognition/data/handwritten_external/W001/crops_processed/W001_P006_0050.png,មេត្តា,6,True,75,41,40.599,0.162927,review,transcription_not_human_verified,W001
W001_P006_0051,crops_raw/W001_P006_0051.png,page_006.png,W001,329,407,380,438,ករុណា...,ករុណា...,0.93,0.95,True,pending,,data/handwritten_external/W001/metadata.csv,1095,/Users/macbookpro/Desktop/Development/khmer-handwritten-word-recognition/data/handwritten_external/W001/crops_processed/W001_P006_0051.png,ករុណា...,8,True,51,31,56.2017,0.2821,review,transcription_not_human_verified,W001
W001_P006_0052,crops_raw/W001_P006_0052.png,page_006.png,W001,388,411,468,446,មុទិតា,មុទិតា,0.94,0.95,True,pending,,data/handwritten_external/W001/metadata.csv,1096,/Users/macbookpro/Desktop/Development/khmer-handwritten-word-recognition/data/handwritten_external/W001/crops_processed/W001_P006_0052.png,មុទិតា,6,True,80,35,48.4241,0.263214,review,transcription_not_human_verified,W001
W001_P006_0053,crops_raw/W001_P006_0053.png,page_006.png,W001,533,407,578,445,ឧបេក្ខា...,ឧបេក្ខា...,0.93,0.95,True,pending,,data/handwritten_external/W001/metadata.csv,1097,/Users/macbookpro/Desktop/Development/khmer-handwritten-word-recognition/data/handwritten_external/W001/crops_processed/W001_P006_0053.png,ឧបេក្ខា...,10,True,45,38,55.1823,0.264912,review,transcription_not_human_verified,W001
W001_P006_0054,crops_raw/W001_P006_0054.png,page_006.png,W001,577,410,627,449,រួមជាមួយ,រួមជាមួយ,0.93,0.95,True,pending,,data/handwritten_external/W001/metadata.csv,1098,/Users/macbookpro/Desktop/Development/khmer-handwritten-word-recognition/data/handwritten_external/W001/crops_processed/W001_P006_0054.png,រួមជាមួយ,8,True,50,39,54.5713,0.251282,review,transcription_not_human_verified,W001
W001_P006_0055,crops_raw/W001_P006_0055.png,page_006.png,W001,620,407,688,453,កាយ,កាយ,0.95,0.95,True,pending,,data/handwritten_external/W001/metadata.csv,1099,/Users/macbookpro/Desktop/Development/khmer-handwritten-word-recognition/data/handwritten_external/W001/crops_processed/W001_P006_0055.png,កាយ,3,True,68,46,47.505,0.235294,review,transcription_not_human_verified,W001
W001_P006_0056,crops_raw/W001_P006_0056.png,page_006.png,W001,81,411,249,477,របស់មនុស្សទៀតផង,របស់មនុស្សទៀតផង,0.92,0.95,True,pending,,data/handwritten_external/W001/metadata.csv,1100,/Users/macbookpro/Desktop/Development/khmer-handwritten-word-recognition/data/handwritten_external/W001/crops_processed/W001_P006_0056.png,របស់មនុស្សទៀតផង,15,True,168,66,58.8833,0.34136,review,transcription_not_human_verified,W001
W001_P006_0057,crops_raw/W001_P006_0057.png,page_006.png,W001,240,441,266,464,។,។,0.97,0.8,True,pending,narrow component,data/handwritten_external/W001/metadata.csv,1101,/Users/macbookpro/Desktop/Development/khmer-handwritten-word-recognition/data/handwritten_external/W001/crops_processed/W001_P006_0057.png,។,1,True,26,23,52.8188,0.454849,review,transcription_not_human_verified,W001
W001_P006_0058,crops_raw/W001_P006_0058.png,page_006.png,W001,270,439,321,469,ព្រះ,ព្រះ,0.96,0.95,True,pending,,data/handwritten_external/W001/metadata.csv,1102,/Users/macbookpro/Desktop/Development/khmer-handwritten-word-recognition/data/handwritten_external/W001/crops_processed/W001_P006_0058.png,ព្រះ,4,True,51,30,51.5249,0.247059,review,transcription_not_human_verified,W001
W001_P006_0059,crops_raw/W001_P006_0059.png,page_006.png,W001,309,414,387,470,ពុទ្ធបាន,ពុទ្ធបាន,0.95,0.95,True,pending,,data/handwritten_external/W001/metadata.csv,1103,/Users/macbookpro/Desktop/Development/khmer-handwritten-word-recognition/data/handwritten_external/W001/crops_processed/W001_P006_0059.png,ពុទ្ធបាន,8,True,78,56,45.5537,0.201923,review,transcription_not_human_verified,W001
W001_P006_0060,crops_raw/W001_P006_0060.png,page_006.png,W001,382,430,457,470,ធ្វើការ,ធ្វើការ,0.95,0.95,True,pending,,data/handwritten_external/W001/metadata.csv,1104,/Users/macbookpro/Desktop/Development/khmer-handwritten-word-recognition/data/handwritten_external/W001/crops_processed/W001_P006_0060.png,ធ្វើការ,7,True,75,40,44.8005,0.227333,review,transcription_not_human_verified,W001
W001_P006_0061,crops_raw/W001_P006_0061.png,page_006.png,W001,451,415,548,472,អប់រំដាស់,អប់រំដាស់,0.94,0.95,True,pending,,data/handwritten_external/W001/metadata.csv,1105,/Users/macbookpro/Desktop/Development/khmer-handwritten-word-recognition/data/handwritten_external/W001/crops_processed/W001_P006_0061.png,អប់រំដាស់,9,True,97,57,53.7311,0.277084,review,transcription_not_human_verified,W001
W001_P006_0062,crops_raw/W001_P006_0062.png,page_006.png,W001,536,440,613,474,តឿនការ,តឿនការ,0.94,0.95,True,pending,,data/handwritten_external/W001/metadata.csv,1106,/Users/macbookpro/Desktop/Development/khmer-handwritten-word-recognition/data/handwritten_external/W001/crops_processed/W001_P006_0062.png,តឿនការ,6,True,77,34,46.1174,0.225745,review,transcription_not_human_verified,W001
W001_P006_0063,crops_raw/W001_P006_0063.png,page_006.png,W001,617,437,687,464,ដឹក,ដឹក,0.96,0.95,True,pending,,data/handwritten_external/W001/metadata.csv,1107,/Users/macbookpro/Desktop/Development/khmer-handwritten-word-recognition/data/handwritten_external/W001/crops_processed/W001_P006_0063.png,ដឹក,3,True,70,27,55.7067,0.268783,review,transcription_not_human_verified,W001
W001_P006_0064,crops_raw/W001_P006_0064.png,page_006.png,W001,81,459,258,502,នាំនេះឱ្យល្អប្រសើរឡើង...,នាំនេះឱ្យល្អប្រសើរឡើង...,0.92,0.95,True,pending,,data/handwritten_external/W001/metadata.csv,1108,/Users/macbookpro/Desktop/Development/khmer-handwritten-word-recognition/data/handwritten_external/W001/crops_processed/W001_P006_0064.png,នាំនេះឱ្យល្អប្រសើរឡើង...,24,True,177,43,57.2175,0.288267,review,transcription_not_human_verified,W001
W001_P006_0065,crops_raw/W001_P006_0065.png,page_006.png,W001,264,459,376,490,ការកាត់បន្ថយ,ការកាត់បន្ថយ,0.94,0.95,True,pending,,data/handwritten_external/W001/metadata.csv,1109,/Users/macbookpro/Desktop/Development/khmer-handwritten-word-recognition/data/handwritten_external/W001/crops_processed/W001_P006_0065.png,ការកាត់បន្ថយ,12,True,112,31,46.3682,0.200749,review,transcription_not_human_verified,W001
W001_P006_0066,crops_raw/W001_P006_0066.png,page_006.png,W001,364,458,436,503,ជម្លោះ,ជម្លោះ,0.95,0.95,True,pending,,data/handwritten_external/W001/metadata.csv,1110,/Users/macbookpro/Desktop/Development/khmer-handwritten-word-recognition/data/handwritten_external/W001/crops_processed/W001_P006_0066.png,ជម្លោះ,6,True,72,45,47.4563,0.246605,review,transcription_not_human_verified,W001
W001_P006_0068,crops_raw/W001_P006_0068.png,page_006.png,W001,619,460,688,496,ក្រៅពីនោះ...,ក្រៅពីនោះ...,0.93,0.95,True,pending,,data/handwritten_external/W001/metadata.csv,1112,/Users/macbookpro/Desktop/Development/khmer-handwritten-word-recognition/data/handwritten_external/W001/crops_processed/W001_P006_0068.png,ក្រៅពីនោះ...,12,True,69,36,54.0914,0.246779,review,transcription_not_human_verified,W001
W001_P006_0069,crops_raw/W001_P006_0069.png,page_006.png,W001,83,484,170,526,យល់ដឹង,យល់ដឹង,0.95,0.95,True,pending,,data/handwritten_external/W001/metadata.csv,1113,/Users/macbookpro/Desktop/Development/khmer-handwritten-word-recognition/data/handwritten_external/W001/crops_processed/W001_P006_0069.png,យល់ដឹង,6,True,87,42,45.9645,0.201697,review,transcription_not_human_verified,W001
W001_P006_0070,crops_raw/W001_P006_0070.png,page_006.png,W001,176,483,294,516,ការកាត់បន្ថយ,ការកាត់បន្ថយ,0.94,0.95,True,pending,,data/handwritten_external/W001/metadata.csv,1114,/Users/macbookpro/Desktop/Development/khmer-handwritten-word-recognition/data/handwritten_external/W001/crops_processed/W001_P006_0070.png,ការកាត់បន្ថយ,12,True,118,33,40.1526,0.176425,review,transcription_not_human_verified,W001
W001_P006_0071,crops_raw/W001_P006_0071.png,page_006.png,W001,287,487,339,528,ជម្លោះ...,ជម្លោះ...,0.94,0.95,True,pending,,data/handwritten_external/W001/metadata.csv,1115,/Users/macbookpro/Desktop/Development/khmer-handwritten-word-recognition/data/handwritten_external/W001/crops_processed/W001_P006_0071.png,ជម្លោះ...,9,True,52,41,49.4417,0.262664,review,transcription_not_human_verified,W001
W001_P006_0072,crops_raw/W001_P006_0072.png,page_006.png,W001,353,488,411,515,ការកាត់,ការកាត់,0.95,0.95,True,pending,,data/handwritten_external/W001/metadata.csv,1116,/Users/macbookpro/Desktop/Development/khmer-handwritten-word-recognition/data/handwritten_external/W001/crops_processed/W001_P006_0072.png,ការកាត់,7,True,58,27,59.1106,0.32567,review,transcription_not_human_verified,W001
W001_P006_0073,crops_raw/W001_P006_0073.png,page_006.png,W001,400,481,470,518,បន្ថយ,បន្ថយ,0.95,0.95,True,pending,,data/handwritten_external/W001/metadata.csv,1117,/Users/macbookpro/Desktop/Development/khmer-handwritten-word-recognition/data/handwritten_external/W001/crops_processed/W001_P006_0073.png,បន្ថយ,5,True,70,37,45.3155,0.187645,review,transcription_not_human_verified,W001
W001_P006_0074,crops_raw/W001_P006_0074.png,page_006.png,W001,587,486,688,517,និងការសិក្សាស្វែង,និងការសិក្សាស្វែង,0.93,0.95,True,pending,,data/handwritten_external/W001/metadata.csv,1118,/Users/macbookpro/Desktop/Development/khmer-handwritten-word-recognition/data/handwritten_external/W001/crops_processed/W001_P006_0074.png,និងការសិក្សាស្វែង,17,True,101,31,54.6176,0.253274,review,transcription_not_human_verified,W001
W001_P006_0075,crops_raw/W001_P006_0075.png,page_006.png,W001,83,510,168,549,យល់ច្រើន,យល់ច្រើន,0.94,0.95,True,pending,,data/handwritten_external/W001/metadata.csv,1119,/Users/macbookpro/Desktop/Development/khmer-handwritten-word-recognition/data/handwritten_external/W001/crops_processed/W001_P006_0075.png,យល់ច្រើន,8,True,85,39,46.9459,0.227451,review,transcription_not_human_verified,W001
W001_P006_0076,crops_raw/W001_P006_0076.png,page_006.png,W001,159,509,237,550,ទៀត...,ទៀត...,0.93,0.95,True,pending,,data/handwritten_external/W001/metadata.csv,1120,/Users/macbookpro/Desktop/Development/khmer-handwritten-word-recognition/data/handwritten_external/W001/crops_processed/W001_P006_0076.png,ទៀត...,6,True,78,41,40.6362,0.162914,review,transcription_not_human_verified,W001
W001_P006_0077,crops_raw/W001_P006_0077.png,page_006.png,W001,231,515,285,550,ព្រះ,ព្រះ,0.96,0.95,True,pending,,data/handwritten_external/W001/metadata.csv,1121,/Users/macbookpro/Desktop/Development/khmer-handwritten-word-recognition/data/handwritten_external/W001/crops_processed/W001_P006_0077.png,ព្រះ,4,True,54,35,48.4646,0.222222,review,transcription_not_human_verified,W001
W001_P006_0078,crops_raw/W001_P006_0078.png,page_006.png,W001,273,511,401,574,ពុទ្ធបាន,ពុទ្ធបាន,0.95,0.95,True,pending,,data/handwritten_external/W001/metadata.csv,1122,/Users/macbookpro/Desktop/Development/khmer-handwritten-word-recognition/data/handwritten_external/W001/crops_processed/W001_P006_0078.png,ពុទ្ធបាន,8,True,128,63,59.1153,0.325769,review,transcription_not_human_verified,W001
W001_P006_0079,crops_raw/W001_P006_0079.png,page_006.png,W001,390,512,471,552,បង្រៀន,បង្រៀន,0.94,0.95,True,pending,,data/handwritten_external/W001/metadata.csv,1123,/Users/macbookpro/Desktop/Development/khmer-handwritten-word-recognition/data/handwritten_external/W001/crops_processed/W001_P006_0079.png,បង្រៀន,6,True,81,40,47.822,0.221296,review,transcription_not_human_verified,W001
W001_P006_0080,crops_raw/W001_P006_0080.png,page_006.png,W001,459,516,508,541,ឱ្យ,ឱ្យ,0.95,0.95,True,pending,,data/handwritten_external/W001/metadata.csv,1124,/Users/macbookpro/Desktop/Development/khmer-handwritten-word-recognition/data/handwritten_external/W001/crops_processed/W001_P006_0080.png,ឱ្យ,3,True,49,25,59.1473,0.373061,review,transcription_not_human_verified,W001
W001_P006_0081,crops_raw/W001_P006_0081.png,page_006.png,W001,506,510,571,541,ចេះអត់ធ្មត់,ចេះអត់ធ្មត់,0.93,0.95,True,pending,,data/handwritten_external/W001/metadata.csv,1125,/Users/macbookpro/Desktop/Development/khmer-handwritten-word-recognition/data/handwritten_external/W001/crops_processed/W001_P006_0081.png,ចេះអត់ធ្មត់,11,True,65,31,56.1631,0.274938,review,transcription_not_human_verified,W001
W001_P006_0082,crops_raw/W001_P006_0082.png,page_006.png,W001,560,514,651,550,និង,និង,0.96,0.95,True,pending,,data/handwritten_external/W001/metadata.csv,1126,/Users/macbookpro/Desktop/Development/khmer-handwritten-word-recognition/data/handwritten_external/W001/crops_processed/W001_P006_0082.png,និង,3,True,91,36,48.6946,0.170635,review,transcription_not_human_verified,W001
W001_P006_0083,crops_raw/W001_P006_0083.png,page_006.png,W001,649,518,688,541,ស្វែងរក,ស្វែងរក,0.95,0.8,True,pending,narrow component,data/handwritten_external/W001/metadata.csv,1127,/Users/macbookpro/Desktop/Development/khmer-handwritten-word-recognition/data/handwritten_external/W001/crops_processed/W001_P006_0083.png,ស្វែងរក,7,True,39,23,62.2414,0.350056,review,transcription_not_human_verified,W001
W001_P006_0084,crops_raw/W001_P006_0084.png,page_006.png,W001,81,531,248,567,គឺនៅពេលដែល...,គឺនៅពេលដែល...,0.93,0.85,True,pending,,data/handwritten_external/W001/metadata.csv,1128,/Users/macbookpro/Desktop/Development/khmer-handwritten-word-recognition/data/handwritten_external/W001/crops_processed/W001_P006_0084.png,គឺនៅពេលដែល...,13,True,167,36,60.1971,0.311211,review,transcription_not_human_verified,W001
W001_P006_0086,crops_raw/W001_P006_0086.png,page_006.png,W001,278,541,342,592,មុខ...,មុខ...,0.94,0.85,True,pending,,data/handwritten_external/W001/metadata.csv,1130,/Users/macbookpro/Desktop/Development/khmer-handwritten-word-recognition/data/handwritten_external/W001/crops_processed/W001_P006_0086.png,មុខ...,6,True,64,51,47.4241,0.256127,review,transcription_not_human_verified,W001
W001_P006_0088,crops_raw/W001_P006_0088.png,page_006.png,W001,81,566,135,592,ដោះស្រាយ...,ដោះស្រាយ...,0.93,0.95,True,pending,,data/handwritten_external/W001/metadata.csv,1132,/Users/macbookpro/Desktop/Development/khmer-handwritten-word-recognition/data/handwritten_external/W001/crops_processed/W001_P006_0088.png,ដោះស្រាយ...,11,True,54,26,56.7731,0.281339,review,transcription_not_human_verified,W001
W001_P006_0089,crops_raw/W001_P006_0089.png,page_006.png,W001,141,561,177,591,ក៏,ក៏,0.96,0.95,True,pending,,data/handwritten_external/W001/metadata.csv,1133,/Users/macbookpro/Desktop/Development/khmer-handwritten-word-recognition/data/handwritten_external/W001/crops_processed/W001_P006_0089.png,ក៏,2,True,36,30,59.7219,0.419444,review,transcription_not_human_verified,W001
W001_P006_0090,crops_raw/W001_P006_0090.png,page_006.png,W001,194,543,294,600,ព្រះពុទ្ធបាន,ព្រះពុទ្ធបាន,0.94,0.95,True,pending,,data/handwritten_external/W001/metadata.csv,1134,/Users/macbookpro/Desktop/Development/khmer-handwritten-word-recognition/data/handwritten_external/W001/crops_processed/W001_P006_0090.png,ព្រះពុទ្ធបាន,12,True,100,57,54.023,0.266316,review,transcription_not_human_verified,W001
W001_P006_0091,crops_raw/W001_P006_0091.png,page_006.png,W001,335,562,422,592,ចាត់,ចាត់,0.96,0.95,True,pending,,data/handwritten_external/W001/metadata.csv,1135,/Users/macbookpro/Desktop/Development/khmer-handwritten-word-recognition/data/handwritten_external/W001/crops_processed/W001_P006_0091.png,ចាត់,4,True,87,30,53.3579,0.266667,review,transcription_not_human_verified,W001
W001_P006_0092,crops_raw/W001_P006_0092.png,page_006.png,W001,434,570,459,592,តាំងសិល្បៈនេះ...,តាំងសិល្បៈនេះ...,0.93,0.8,True,pending,narrow component,data/handwritten_external/W001/metadata.csv,1136,/Users/macbookpro/Desktop/Development/khmer-handwritten-word-recognition/data/handwritten_external/W001/crops_processed/W001_P006_0092.png,តាំងសិល្បៈនេះ...,16,True,25,22,61.3671,0.423636,review,transcription_not_human_verified,W001
W001_P006_0093,crops_raw/W001_P006_0093.png,page_006.png,W001,521,567,567,600,ដោយ,ដោយ,0.96,0.95,True,pending,,data/handwritten_external/W001/metadata.csv,1137,/Users/macbookpro/Desktop/Development/khmer-handwritten-word-recognition/data/handwritten_external/W001/crops_processed/W001_P006_0093.png,ដោយ,3,True,46,33,58.2582,0.300395,review,transcription_not_human_verified,W001
W001_P006_0094,crops_raw/W001_P006_0094.png,page_006.png,W001,557,560,637,594,មាន,មាន,0.96,0.95,True,pending,,data/handwritten_external/W001/metadata.csv,1138,/Users/macbookpro/Desktop/Development/khmer-handwritten-word-recognition/data/handwritten_external/W001/crops_processed/W001_P006_0094.png,មាន,3,True,80,34,47.5213,0.225735,review,transcription_not_human_verified,W001
W001_P006_0095,crops_raw/W001_P006_0095.png,page_006.png,W001,629,564,688,602,ការពិនិត្យ,ការពិនិត្យ,0.94,0.95,True,pending,,data/handwritten_external/W001/metadata.csv,1139,/Users/macbookpro/Desktop/Development/khmer-handwritten-word-recognition/data/handwritten_external/W001/crops_processed/W001_P006_0095.png,ការពិនិត្យ,10,True,59,38,58.0302,0.341213,review,transcription_not_human_verified,W001
W001_P006_0096,crops_raw/W001_P006_0096.png,page_006.png,W001,81,566,328,630,នោះទៅហើយព្រះពុទ្ធបាន,នោះទៅហើយព្រះពុទ្ធបាន,0.92,0.95,True,pending,,data/handwritten_external/W001/metadata.csv,1140,/Users/macbookpro/Desktop/Development/khmer-handwritten-word-recognition/data/handwritten_external/W001/crops_processed/W001_P006_0096.png,នោះទៅហើយព្រះពុទ្ធបាន,20,True,247,64,59.1842,0.321356,review,transcription_not_human_verified,W001
W001_P006_0097,crops_raw/W001_P006_0097.png,page_006.png,W001,324,588,472,629,ផ្តល់,ផ្តល់,0.95,0.95,True,pending,,data/handwritten_external/W001/metadata.csv,1141,/Users/macbookpro/Desktop/Development/khmer-handwritten-word-recognition/data/handwritten_external/W001/crops_processed/W001_P006_0097.png,ផ្តល់,5,True,148,41,50.3043,0.227752,review,transcription_not_human_verified,W001
W001_P006_0098,crops_raw/W001_P006_0098.png,page_006.png,W001,460,593,515,617,ការស្រឡាញ់,ការស្រឡាញ់,0.94,0.95,True,pending,,data/handwritten_external/W001/metadata.csv,1142,/Users/macbookpro/Desktop/Development/khmer-handwritten-word-recognition/data/handwritten_external/W001/crops_processed/W001_P006_0098.png,ការស្រឡាញ់,10,True,55,24,62.5259,0.359848,review,transcription_not_human_verified,W001
W001_P006_0099,crops_raw/W001_P006_0099.png,page_006.png,W001,503,589,617,623,ដល់អ្នកដទៃ...,ដល់អ្នកដទៃ...,0.93,0.95,True,pending,,data/handwritten_external/W001/metadata.csv,1143,/Users/macbookpro/Desktop/Development/khmer-handwritten-word-recognition/data/handwritten_external/W001/crops_processed/W001_P006_0099.png,ដល់អ្នកដទៃ...,13,True,114,34,39.886,0.195046,review,transcription_not_human_verified,W001
W001_P006_0100,crops_raw/W001_P006_0100.png,page_006.png,W001,612,588,688,629,សេចក្តី,សេចក្តី,0.95,0.95,True,pending,,data/handwritten_external/W001/metadata.csv,1144,/Users/macbookpro/Desktop/Development/khmer-handwritten-word-recognition/data/handwritten_external/W001/crops_processed/W001_P006_0100.png,សេចក្តី,7,True,76,41,44.4561,0.211168,review,transcription_not_human_verified,W001
W001_P006_0101,crops_raw/W001_P006_0101.png,page_006.png,W001,81,613,155,648,ឱ្យមានសិទ្ធិ...,ឱ្យមានសិទ្ធិ...,0.93,0.95,True,pending,,data/handwritten_external/W001/metadata.csv,1145,/Users/macbookpro/Desktop/Development/khmer-handwritten-word-recognition/data/handwritten_external/W001/crops_processed/W001_P006_0101.png,ឱ្យមានសិទ្ធិ...,15,True,74,35,50.6291,0.251351,review,transcription_not_human_verified,W001
W001_P006_0102,crops_raw/W001_P006_0102.png,page_006.png,W001,177,610,251,653,ដូចដែល,ដូចដែល,0.95,0.95,True,pending,,data/handwritten_external/W001/metadata.csv,1146,/Users/macbookpro/Desktop/Development/khmer-handwritten-word-recognition/data/handwritten_external/W001/crops_processed/W001_P006_0102.png,ដូចដែល,6,True,74,43,41.3655,0.209302,review,transcription_not_human_verified,W001
W001_P006_0103,crops_raw/W001_P006_0103.png,page_006.png,W001,242,612,344,648,ទ្រឹស្តីព្រះពុទ្ធ...,ទ្រឹស្តីព្រះពុទ្ធ...,0.93,0.95,True,pending,,data/handwritten_external/W001/metadata.csv,1147,/Users/macbookpro/Desktop/Development/khmer-handwritten-word-recognition/data/handwritten_external/W001/crops_processed/W001_P006_0103.png,ទ្រឹស្តីព្រះពុទ្ធ...,20,True,102,36,40.0665,0.207789,review,transcription_not_human_verified,W001
W001_P006_0104,crops_raw/W001_P006_0104.png,page_006.png,W001,337,612,445,645,ចំណេះដឹង,ចំណេះដឹង,0.94,0.95,True,pending,,data/handwritten_external/W001/metadata.csv,1148,/Users/macbookpro/Desktop/Development/khmer-handwritten-word-recognition/data/handwritten_external/W001/crops_processed/W001_P006_0104.png,ចំណេះដឹង,8,True,108,33,45.1984,0.219978,review,transcription_not_human_verified,W001
W001_P006_0106,crops_raw/W001_P006_0106.png,page_006.png,W001,582,616,688,651,ដោយស្មោះស្ម័គ្រ...,ដោយស្មោះស្ម័គ្រ...,0.92,0.95,True,pending,,data/handwritten_external/W001/metadata.csv,1150,/Users/macbookpro/Desktop/Development/khmer-handwritten-word-recognition/data/handwritten_external/W001/crops_processed/W001_P006_0106.png,ដោយស្មោះស្ម័គ្រ...,18,True,106,35,41.1084,0.192183,review,transcription_not_human_verified,W001
W001_P006_0107,crops_raw/W001_P006_0107.png,page_006.png,W001,81,635,128,693,សន្តិភាព,សន្តិភាព,0.95,0.95,True,pending,,data/handwritten_external/W001/metadata.csv,1151,/Users/macbookpro/Desktop/Development/khmer-handwritten-word-recognition/data/handwritten_external/W001/crops_processed/W001_P006_0107.png,សន្តិភាព,8,True,47,58,56.1527,0.340426,review,transcription_not_human_verified,W001
W001_P006_0108,crops_raw/W001_P006_0108.png,page_006.png,W001,117,618,250,678,របស់ព្រះពុទ្ធ...,របស់ព្រះពុទ្ធ...,0.93,0.95,True,pending,,data/handwritten_external/W001/metadata.csv,1152,/Users/macbookpro/Desktop/Development/khmer-handwritten-word-recognition/data/handwritten_external/W001/crops_processed/W001_P006_0108.png,របស់ព្រះពុទ្ធ...,16,True,133,60,55.9492,0.295865,review,transcription_not_human_verified,W001
W001_P006_0109,crops_raw/W001_P006_0109.png,page_006.png,W001,256,638,326,683,ក៏ដើម្បី,ក៏ដើម្បី,0.94,0.95,True,pending,,data/handwritten_external/W001/metadata.csv,1153,/Users/macbookpro/Desktop/Development/khmer-handwritten-word-recognition/data/handwritten_external/W001/crops_processed/W001_P006_0109.png,ក៏ដើម្បី,8,True,70,45,42.2664,0.22381,review,transcription_not_human_verified,W001
W001_P006_0111,crops_raw/W001_P006_0111.png,page_006.png,W001,534,643,588,679,ជាតិ,ជាតិ,0.95,0.95,True,pending,,data/handwritten_external/W001/metadata.csv,1155,/Users/macbookpro/Desktop/Development/khmer-handwritten-word-recognition/data/handwritten_external/W001/crops_processed/W001_P006_0111.png,ជាតិ,4,True,54,36,45.9416,0.242798,review,transcription_not_human_verified,W001
W001_P006_0112,crops_raw/W001_P006_0112.png,page_006.png,W001,593,644,621,670,។,។,0.97,0.8,True,pending,narrow component,data/handwritten_external/W001/metadata.csv,1156,/Users/macbookpro/Desktop/Development/khmer-handwritten-word-recognition/data/handwritten_external/W001/crops_processed/W001_P006_0112.png,។,1,True,28,26,48.5503,0.324176,review,transcription_not_human_verified,W001
W001_P006_0113,crops_raw/W001_P006_0113.png,page_006.png,W001,626,647,688,671,ដោយ,ដោយ,0.96,0.95,True,pending,,data/handwritten_external/W001/metadata.csv,1157,/Users/macbookpro/Desktop/Development/khmer-handwritten-word-recognition/data/handwritten_external/W001/crops_processed/W001_P006_0113.png,ដោយ,3,True,62,24,56.3026,0.281586,review,transcription_not_human_verified,W001
W001_P006_0114,crops_raw/W001_P006_0114.png,page_006.png,W001,91,682,115,704,ផ្អែក,ផ្អែក,0.93,0.7,True,pending,narrow component; compound word or continuous phrase,data/handwritten_external/W001/metadata.csv,1158,/Users/macbookpro/Desktop/Development/khmer-handwritten-word-recognition/data/handwritten_external/W001/crops_processed/W001_P006_0114.png,ផ្អែក,5,True,24,22,66.0978,0.628788,review,transcription_not_human_verified,W001
W001_P006_0115,crops_raw/W001_P006_0115.png,page_006.png,W001,103,669,131,693,លើទស្សនៈ,លើទស្សនៈ,0.94,0.7,True,pending,narrow component; compound word or continuous phrase,data/handwritten_external/W001/metadata.csv,1159,/Users/macbookpro/Desktop/Development/khmer-handwritten-word-recognition/data/handwritten_external/W001/crops_processed/W001_P006_0115.png,លើទស្សនៈ,8,True,28,24,62.4116,0.52381,review,transcription_not_human_verified,W001
W001_P006_0116,crops_raw/W001_P006_0116.png,page_006.png,W001,120,663,237,702,កម្មផល...,កម្មផល...,0.94,0.85,True,pending,,data/handwritten_external/W001/metadata.csv,1160,/Users/macbookpro/Desktop/Development/khmer-handwritten-word-recognition/data/handwritten_external/W001/crops_processed/W001_P006_0116.png,កម្មផល...,9,True,117,39,41.355,0.16568,review,transcription_not_human_verified,W001
W001_P006_0117,crops_raw/W001_P006_0117.png,page_006.png,W001,235,667,285,704,ធ្វើល្អបាន,ធ្វើល្អបាន,0.94,0.85,True,pending,,data/handwritten_external/W001/metadata.csv,1161,/Users/macbookpro/Desktop/Development/khmer-handwritten-word-recognition/data/handwritten_external/W001/crops_processed/W001_P006_0117.png,ធ្វើល្អបាន,10,True,50,37,47.9364,0.243243,review,transcription_not_human_verified,W001
W001_P006_0118,crops_raw/W001_P006_0118.png,page_006.png,W001,279,671,336,696,ល្អ...,ល្អ...,0.95,0.85,True,pending,,data/handwritten_external/W001/metadata.csv,1162,/Users/macbookpro/Desktop/Development/khmer-handwritten-word-recognition/data/handwritten_external/W001/crops_processed/W001_P006_0118.png,ល្អ...,6,True,57,25,53.8948,0.281404,review,transcription_not_human_verified,W001
W001_P006_0123,crops_raw/W001_P006_0123.png,page_006.png,W001,81,693,193,744,ដូចក្រោយ,ដូចក្រោយ,0.94,0.95,True,pending,,data/handwritten_external/W001/metadata.csv,1167,/Users/macbookpro/Desktop/Development/khmer-handwritten-word-recognition/data/handwritten_external/W001/crops_processed/W001_P006_0123.png,ដូចក្រោយ,8,True,112,51,53.6319,0.27556,review,transcription_not_human_verified,W001
W001_P006_0124,crops_raw/W001_P006_0124.png,page_006.png,W001,181,696,233,728,ព្រះពុទ្ធបាន,ព្រះពុទ្ធបាន,0.95,0.95,True,pending,,data/handwritten_external/W001/metadata.csv,1168,/Users/macbookpro/Desktop/Development/khmer-handwritten-word-recognition/data/handwritten_external/W001/crops_processed/W001_P006_0124.png,ព្រះពុទ្ធបាន,12,True,52,32,53.1581,0.302885,review,transcription_not_human_verified,W001
W001_P006_0125,crops_raw/W001_P006_0125.png,page_006.png,W001,221,691,386,747,ជួយ,ជួយ,0.96,0.95,True,pending,,data/handwritten_external/W001/metadata.csv,1169,/Users/macbookpro/Desktop/Development/khmer-handwritten-word-recognition/data/handwritten_external/W001/crops_processed/W001_P006_0125.png,ជួយ,3,True,165,56,56.6978,0.3079,review,transcription_not_human_verified,W001
W001_P006_0126,crops_raw/W001_P006_0126.png,page_006.png,W001,374,668,469,731,សង្គ្រោះ...,សង្គ្រោះ...,0.94,0.95,True,pending,,data/handwritten_external/W001/metadata.csv,1170,/Users/macbookpro/Desktop/Development/khmer-handwritten-word-recognition/data/handwritten_external/W001/crops_processed/W001_P006_0126.png,សង្គ្រោះ...,11,True,95,63,54.5311,0.291896,review,transcription_not_human_verified,W001
W001_P006_0128,crops_raw/W001_P006_0128.png,page_006.png,W001,653,698,688,723,នោះ...,នោះ...,0.94,0.95,True,pending,,data/handwritten_external/W001/metadata.csv,1172,/Users/macbookpro/Desktop/Development/khmer-handwritten-word-recognition/data/handwritten_external/W001/crops_processed/W001_P006_0128.png,នោះ...,6,True,35,25,54.5398,0.317714,review,transcription_not_human_verified,W001
W001_P006_0129,crops_raw/W001_P006_0129.png,page_006.png,W001,133,715,263,755,ដោយសារការប្រព្រឹត្ត,ដោយសារការប្រព្រឹត្ត,0.93,0.95,True,pending,,data/handwritten_external/W001/metadata.csv,1173,/Users/macbookpro/Desktop/Development/khmer-handwritten-word-recognition/data/handwritten_external/W001/crops_processed/W001_P006_0129.png,ដោយសារការប្រព្រឹត្ត,19,True,130,40,50.0857,0.297115,review,transcription_not_human_verified,W001
W001_P006_0130,crops_raw/W001_P006_0130.png,page_006.png,W001,303,723,344,758,អំពើល្អ,អំពើល្អ,0.94,0.95,True,pending,,data/handwritten_external/W001/metadata.csv,1174,/Users/macbookpro/Desktop/Development/khmer-handwritten-word-recognition/data/handwritten_external/W001/crops_processed/W001_P006_0130.png,អំពើល្អ,7,True,41,35,58.4944,0.342857,review,transcription_not_human_verified,W001
W001_P006_0131,crops_raw/W001_P006_0131.png,page_006.png,W001,337,709,430,750,នេះឯង,នេះឯង,0.95,0.95,True,pending,,data/handwritten_external/W001/metadata.csv,1175,/Users/macbookpro/Desktop/Development/khmer-handwritten-word-recognition/data/handwritten_external/W001/crops_processed/W001_P006_0131.png,នេះឯង,5,True,93,41,44.6894,0.240231,review,transcription_not_human_verified,W001
W001_P006_0132,crops_raw/W001_P006_0132.png,page_006.png,W001,422,722,452,745,។,។,0.97,0.8,True,pending,narrow component,data/handwritten_external/W001/metadata.csv,1176,/Users/macbookpro/Desktop/Development/khmer-handwritten-word-recognition/data/handwritten_external/W001/crops_processed/W001_P006_0132.png,។,1,True,30,23,52.0748,0.431884,review,transcription_not_human_verified,W001
W001_P006_0133,crops_raw/W001_P006_0133.png,page_006.png,W001,448,716,510,770,ម្យ៉ាង,ម្យ៉ាង,0.95,0.95,True,pending,,data/handwritten_external/W001/metadata.csv,1177,/Users/macbookpro/Desktop/Development/khmer-handwritten-word-recognition/data/handwritten_external/W001/crops_processed/W001_P006_0133.png,ម្យ៉ាង,6,True,62,54,45.0169,0.265233,review,transcription_not_human_verified,W001
W001_P006_0134,crops_raw/W001_P006_0134.png,page_006.png,W001,498,713,587,755,វិញទៀត...,វិញទៀត...,0.94,0.95,True,pending,,data/handwritten_external/W001/metadata.csv,1178,/Users/macbookpro/Desktop/Development/khmer-handwritten-word-recognition/data/handwritten_external/W001/crops_processed/W001_P006_0134.png,វិញទៀត...,9,True,89,42,41.0899,0.207598,review,transcription_not_human_verified,W001
W001_P006_0135,crops_raw/W001_P006_0135.png,page_006.png,W001,584,719,652,764,ក្នុងការ,ក្នុងការ,0.95,0.95,True,pending,,data/handwritten_external/W001/metadata.csv,1179,/Users/macbookpro/Desktop/Development/khmer-handwritten-word-recognition/data/handwritten_external/W001/crops_processed/W001_P006_0135.png,ក្នុងការ,8,True,68,45,52.8802,0.30719,review,transcription_not_human_verified,W001
W001_P006_0138,crops_raw/W001_P006_0138.png,page_006.png,W001,212,738,286,783,គឺ,គឺ,0.96,0.85,True,pending,,data/handwritten_external/W001/metadata.csv,1182,/Users/macbookpro/Desktop/Development/khmer-handwritten-word-recognition/data/handwritten_external/W001/crops_processed/W001_P006_0138.png,គឺ,2,True,74,45,40.1292,0.221021,review,transcription_not_human_verified,W001
W001_P006_0139,crops_raw/W001_P006_0139.png,page_006.png,W001,273,738,344,783,ស្ថិតក្នុង,ស្ថិតក្នុង,0.95,0.85,True,pending,,data/handwritten_external/W001/metadata.csv,1183,/Users/macbookpro/Desktop/Development/khmer-handwritten-word-recognition/data/handwritten_external/W001/crops_processed/W001_P006_0139.png,ស្ថិតក្នុង,10,True,71,45,41.2037,0.231925,review,transcription_not_human_verified,W001
W001_P006_0140,crops_raw/W001_P006_0140.png,page_006.png,W001,346,736,407,795,វត្តអារាម,វត្តអារាម,0.95,0.95,True,pending,,data/handwritten_external/W001/metadata.csv,1184,/Users/macbookpro/Desktop/Development/khmer-handwritten-word-recognition/data/handwritten_external/W001/crops_processed/W001_P006_0140.png,វត្តអារាម,9,True,61,59,45.3948,0.290081,review,transcription_not_human_verified,W001
W001_P006_0141,crops_raw/W001_P006_0141.png,page_006.png,W001,417,746,447,772,ព្រះពុទ្ធសាសនា...,ព្រះពុទ្ធសាសនា...,0.94,0.8,True,pending,narrow component,data/handwritten_external/W001/metadata.csv,1185,/Users/macbookpro/Desktop/Development/khmer-handwritten-word-recognition/data/handwritten_external/W001/crops_processed/W001_P006_0141.png,ព្រះពុទ្ធសាសនា...,17,True,30,26,61.2271,0.366667,review,transcription_not_human_verified,W001
W001_P006_0142,crops_raw/W001_P006_0142.png,page_006.png,W001,471,741,503,770,ទាំងអស់នេះហើយ,ទាំងអស់នេះហើយ,0.93,0.8,True,pending,narrow component,data/handwritten_external/W001/metadata.csv,1186,/Users/macbookpro/Desktop/Development/khmer-handwritten-word-recognition/data/handwritten_external/W001/crops_processed/W001_P006_0142.png,ទាំងអស់នេះហើយ,13,True,32,29,61.5319,0.449353,review,transcription_not_human_verified,W001
W001_P006_0146,crops_raw/W001_P006_0146.png,page_006.png,W001,81,763,190,807,គឺបានបង្ហាញ,គឺបានបង្ហាញ,0.94,0.95,True,pending,,data/handwritten_external/W001/metadata.csv,1190,/Users/macbookpro/Desktop/Development/khmer-handwritten-word-recognition/data/handwritten_external/W001/crops_processed/W001_P006_0146.png,គឺបានបង្ហាញ,11,True,109,44,50.9979,0.257506,review,transcription_not_human_verified,W001
W001_P006_0147,crops_raw/W001_P006_0147.png,page_006.png,W001,178,766,303,806,នូវសច្ចភាព,នូវសច្ចភាព,0.93,0.95,True,pending,,data/handwritten_external/W001/metadata.csv,1191,/Users/macbookpro/Desktop/Development/khmer-handwritten-word-recognition/data/handwritten_external/W001/crops_processed/W001_P006_0147.png,នូវសច្ចភាព,10,True,125,40,54.9173,0.265,review,transcription_not_human_verified,W001
W001_P006_0148,crops_raw/W001_P006_0148.png,page_006.png,W001,292,764,377,806,ពន្លឺសន្តិភាព...,ពន្លឺសន្តិភាព...,0.93,0.95,True,pending,,data/handwritten_external/W001/metadata.csv,1192,/Users/macbookpro/Desktop/Development/khmer-handwritten-word-recognition/data/handwritten_external/W001/crops_processed/W001_P006_0148.png,ពន្លឺសន្តិភាព...,16,True,85,42,37.4558,0.194678,review,transcription_not_human_verified,W001
W001_P006_0150,crops_raw/W001_P006_0150.png,page_006.png,W001,391,746,476,801,សន្តិភាព...,សន្តិភាព...,0.93,0.95,True,pending,,data/handwritten_external/W001/metadata.csv,1194,/Users/macbookpro/Desktop/Development/khmer-handwritten-word-recognition/data/handwritten_external/W001/crops_processed/W001_P006_0150.png,សន្តិភាព...,11,True,85,55,46.985,0.229091,review,transcription_not_human_verified,W001
W001_P006_0151,crops_raw/W001_P006_0151.png,page_006.png,W001,471,764,550,800,វិទ្យាសាស្ត្រ...,វិទ្យាសាស្ត្រ...,0.94,0.95,True,pending,,data/handwritten_external/W001/metadata.csv,1195,/Users/macbookpro/Desktop/Development/khmer-handwritten-word-recognition/data/handwritten_external/W001/crops_processed/W001_P006_0151.png,វិទ្យាសាស្ត្រ...,16,True,79,36,42.8089,0.195851,review,transcription_not_human_verified,W001
W001_P006_0152,crops_raw/W001_P006_0152.png,page_006.png,W001,553,770,688,808,ដោយគ្មានសង្គ្រាម...,ដោយគ្មានសង្គ្រាម...,0.92,0.95,True,pending,,data/handwritten_external/W001/metadata.csv,1196,/Users/macbookpro/Desktop/Development/khmer-handwritten-word-recognition/data/handwritten_external/W001/crops_processed/W001_P006_0152.png,ដោយគ្មានសង្គ្រាម...,19,True,135,38,50.5734,0.249903,review,transcription_not_human_verified,W001
W001_P006_0153,crops_raw/W001_P006_0153.png,page_006.png,W001,81,791,149,826,រវាងមនុស្ស...,រវាងមនុស្ស...,0.94,0.95,True,pending,,data/handwritten_external/W001/metadata.csv,1197,/Users/macbookpro/Desktop/Development/khmer-handwritten-word-recognition/data/handwritten_external/W001/crops_processed/W001_P006_0153.png,រវាងមនុស្ស...,13,True,68,35,48.1507,0.221849,review,transcription_not_human_verified,W001
W001_P006_0154,crops_raw/W001_P006_0154.png,page_006.png,W001,157,789,313,833,គ្មានការកេងប្រវ័ញ្ច,គ្មានការកេងប្រវ័ញ្ច,0.93,0.95,True,pending,,data/handwritten_external/W001/metadata.csv,1198,/Users/macbookpro/Desktop/Development/khmer-handwritten-word-recognition/data/handwritten_external/W001/crops_processed/W001_P006_0154.png,គ្មានការកេងប្រវ័ញ្ច,19,True,156,44,54.2567,0.258887,review,transcription_not_human_verified,W001
W001_P006_0155,crops_raw/W001_P006_0155.png,page_006.png,W001,330,788,404,828,ផងដែរ...,ផងដែរ...,0.94,0.95,True,pending,,data/handwritten_external/W001/metadata.csv,1199,/Users/macbookpro/Desktop/Development/khmer-handwritten-word-recognition/data/handwritten_external/W001/crops_processed/W001_P006_0155.png,ផងដែរ...,8,True,74,40,40.6102,0.193243,review,transcription_not_human_verified,W001
W001_P006_0156,crops_raw/W001_P006_0156.png,page_006.png,W001,413,793,493,821,ទាំងអស់នេះ,ទាំងអស់នេះ,0.94,0.95,True,pending,,data/handwritten_external/W001/metadata.csv,1200,/Users/macbookpro/Desktop/Development/khmer-handwritten-word-recognition/data/handwritten_external/W001/crops_processed/W001_P006_0156.png,ទាំងអស់នេះ,10,True,80,28,55.9734,0.274107,review,transcription_not_human_verified,W001
W001_P006_0157,crops_raw/W001_P006_0157.png,page_006.png,W001,496,798,529,831,គឺ,គឺ,0.96,0.8,True,pending,narrow component,data/handwritten_external/W001/metadata.csv,1201,/Users/macbookpro/Desktop/Development/khmer-handwritten-word-recognition/data/handwritten_external/W001/crops_processed/W001_P006_0157.png,គឺ,2,True,33,33,57.4273,0.386593,review,transcription_not_human_verified,W001
W001_P006_0158,crops_raw/W001_P006_0158.png,page_006.png,W001,526,794,622,831,ការរស់នៅ,ការរស់នៅ,0.94,0.95,True,pending,,data/handwritten_external/W001/metadata.csv,1202,/Users/macbookpro/Desktop/Development/khmer-handwritten-word-recognition/data/handwritten_external/W001/crops_processed/W001_P006_0158.png,ការរស់នៅ,8,True,96,37,50.4309,0.220158,review,transcription_not_human_verified,W001
W001_P006_0159,crops_raw/W001_P006_0159.png,page_006.png,W001,614,790,688,829,ល្អឡើយ...,ល្អឡើយ...,0.93,0.95,True,pending,,data/handwritten_external/W001/metadata.csv,1203,/Users/macbookpro/Desktop/Development/khmer-handwritten-word-recognition/data/handwritten_external/W001/crops_processed/W001_P006_0159.png,ល្អឡើយ...,9,True,74,39,50.5525,0.277893,review,transcription_not_human_verified,W001
W001_P006_0160,crops_raw/W001_P006_0160.png,page_006.png,W001,81,814,210,860,ត្រង់ចំណុចនេះ,ត្រង់ចំណុចនេះ,0.94,0.95,True,pending,,data/handwritten_external/W001/metadata.csv,1204,/Users/macbookpro/Desktop/Development/khmer-handwritten-word-recognition/data/handwritten_external/W001/crops_processed/W001_P006_0160.png,ត្រង់ចំណុចនេះ,13,True,129,46,52.7057,0.283283,review,transcription_not_human_verified,W001
W001_P006_0161,crops_raw/W001_P006_0161.png,page_006.png,W001,211,813,278,847,គឺយោង,គឺយោង,0.94,0.95,True,pending,,data/handwritten_external/W001/metadata.csv,1205,/Users/macbookpro/Desktop/Development/khmer-handwritten-word-recognition/data/handwritten_external/W001/crops_processed/W001_P006_0161.png,គឺយោង,5,True,67,34,48.5224,0.215979,review,transcription_not_human_verified,W001
W001_P006_0162,crops_raw/W001_P006_0162.png,page_006.png,W001,278,818,362,846,តាមការចាត់,តាមការចាត់,0.94,0.95,True,pending,,data/handwritten_external/W001/metadata.csv,1206,/Users/macbookpro/Desktop/Development/khmer-handwritten-word-recognition/data/handwritten_external/W001/crops_processed/W001_P006_0162.png,តាមការចាត់,10,True,84,28,50.7932,0.229167,review,transcription_not_human_verified,W001
W001_P006_0163,crops_raw/W001_P006_0163.png,page_006.png,W001,352,816,396,854,តាំង,តាំង,0.96,0.95,True,pending,,data/handwritten_external/W001/metadata.csv,1207,/Users/macbookpro/Desktop/Development/khmer-handwritten-word-recognition/data/handwritten_external/W001/crops_processed/W001_P006_0163.png,តាំង,4,True,44,38,50.8288,0.238038,review,transcription_not_human_verified,W001
W001_P006_0164,crops_raw/W001_P006_0164.png,page_006.png,W001,396,814,512,849,របស់ព្រះពុទ្ធ,របស់ព្រះពុទ្ធ,0.94,0.95,True,pending,,data/handwritten_external/W001/metadata.csv,1208,/Users/macbookpro/Desktop/Development/khmer-handwritten-word-recognition/data/handwritten_external/W001/crops_processed/W001_P006_0164.png,របស់ព្រះពុទ្ធ,13,True,116,35,39.8583,0.196552,review,transcription_not_human_verified,W001
W001_P006_0165,crops_raw/W001_P006_0165.png,page_006.png,W001,509,813,548,847,នៃការ,នៃការ,0.95,0.95,True,pending,,data/handwritten_external/W001/metadata.csv,1209,/Users/macbookpro/Desktop/Development/khmer-handwritten-word-recognition/data/handwritten_external/W001/crops_processed/W001_P006_0165.png,នៃការ,5,True,39,34,57.4044,0.383861,review,transcription_not_human_verified,W001
W001_P006_0166,crops_raw/W001_P006_0166.png,page_006.png,W001,546,821,594,847,រស់,រស់,0.96,0.95,True,pending,,data/handwritten_external/W001/metadata.csv,1210,/Users/macbookpro/Desktop/Development/khmer-handwritten-word-recognition/data/handwritten_external/W001/crops_processed/W001_P006_0166.png,រស់,3,True,48,26,52.1705,0.254808,review,transcription_not_human_verified,W001
W001_P006_0167,crops_raw/W001_P006_0167.png,page_006.png,W001,593,817,662,847,នៅរបស់,នៅរបស់,0.94,0.95,True,pending,,data/handwritten_external/W001/metadata.csv,1211,/Users/macbookpro/Desktop/Development/khmer-handwritten-word-recognition/data/handwritten_external/W001/crops_processed/W001_P006_0167.png,នៅរបស់,6,True,69,30,51.6403,0.30628,review,transcription_not_human_verified,W001
W001_P006_0169,crops_raw/W001_P006_0169.png,page_006.png,W001,81,840,220,885,ព្រះបរមគ្រូនៃ,ព្រះបរមគ្រូនៃ,0.93,0.95,True,pending,,data/handwritten_external/W001/metadata.csv,1213,/Users/macbookpro/Desktop/Development/khmer-handwritten-word-recognition/data/handwritten_external/W001/crops_processed/W001_P006_0169.png,ព្រះបរមគ្រូនៃ,13,True,139,45,52.7496,0.278977,review,transcription_not_human_verified,W001
W001_P006_0170,crops_raw/W001_P006_0170.png,page_006.png,W001,214,838,283,872,យើង...,យើង...,0.95,0.95,True,pending,,data/handwritten_external/W001/metadata.csv,1214,/Users/macbookpro/Desktop/Development/khmer-handwritten-word-recognition/data/handwritten_external/W001/crops_processed/W001_P006_0170.png,យើង...,6,True,69,34,45.0878,0.225916,review,transcription_not_human_verified,W001
W001_P006_0171,crops_raw/W001_P006_0171.png,page_006.png,W001,293,844,355,873,ដែល,ដែល,0.96,0.95,True,pending,,data/handwritten_external/W001/metadata.csv,1215,/Users/macbookpro/Desktop/Development/khmer-handwritten-word-recognition/data/handwritten_external/W001/crops_processed/W001_P006_0171.png,ដែល,3,True,62,29,52.1382,0.241379,review,transcription_not_human_verified,W001
W001_P006_0172,crops_raw/W001_P006_0172.png,page_006.png,W001,353,840,450,873,អប់រំឱ្យ,អប់រំឱ្យ,0.94,0.95,True,pending,,data/handwritten_external/W001/metadata.csv,1216,/Users/macbookpro/Desktop/Development/khmer-handwritten-word-recognition/data/handwritten_external/W001/crops_processed/W001_P006_0172.png,អប់រំឱ្យ,8,True,97,33,44.6462,0.193377,review,transcription_not_human_verified,W001
W001_P006_0173,crops_raw/W001_P006_0173.png,page_006.png,W001,442,840,610,898,មនុស្សមាន,មនុស្សមាន,0.94,0.95,True,pending,,data/handwritten_external/W001/metadata.csv,1217,/Users/macbookpro/Desktop/Development/khmer-handwritten-word-recognition/data/handwritten_external/W001/crops_processed/W001_P006_0173.png,មនុស្សមាន,9,True,168,58,54.3225,0.270525,review,transcription_not_human_verified,W001
W001_P006_0174,crops_raw/W001_P006_0174.png,page_006.png,W001,598,846,651,874,ភាព,ភាព,0.96,0.95,True,pending,,data/handwritten_external/W001/metadata.csv,1218,/Users/macbookpro/Desktop/Development/khmer-handwritten-word-recognition/data/handwritten_external/W001/crops_processed/W001_P006_0174.png,ភាព,3,True,53,28,52.0807,0.243261,review,transcription_not_human_verified,W001
W001_P006_0175,crops_raw/W001_P006_0175.png,page_006.png,W001,644,847,688,874,ស្ងប់...,ស្ងប់...,0.94,0.95,True,pending,,data/handwritten_external/W001/metadata.csv,1219,/Users/macbookpro/Desktop/Development/khmer-handwritten-word-recognition/data/handwritten_external/W001/crops_processed/W001_P006_0175.png,ស្ងប់...,8,True,44,27,61.1786,0.321549,review,transcription_not_human_verified,W001
W001_P006_0176,crops_raw/W001_P006_0176.png,page_006.png,W001,81,863,165,921,កុំឱ្យមាន,កុំឱ្យមាន,0.94,0.95,True,pending,,data/handwritten_external/W001/metadata.csv,1220,/Users/macbookpro/Desktop/Development/khmer-handwritten-word-recognition/data/handwritten_external/W001/crops_processed/W001_P006_0176.png,កុំឱ្យមាន,9,True,84,58,52.8324,0.265805,review,transcription_not_human_verified,W001
W001_P006_0177,crops_raw/W001_P006_0177.png,page_006.png,W001,153,868,306,898,ភាពលោភលន់,ភាពលោភលន់,0.93,0.95,True,pending,,data/handwritten_external/W001/metadata.csv,1221,/Users/macbookpro/Desktop/Development/khmer-handwritten-word-recognition/data/handwritten_external/W001/crops_processed/W001_P006_0177.png,ភាពលោភលន់,9,True,153,30,43.99,0.195425,review,transcription_not_human_verified,W001
W001_P006_0178,crops_raw/W001_P006_0178.png,page_006.png,W001,320,867,445,905,ភាពច្រណែន,ភាពច្រណែន,0.94,0.95,True,pending,,data/handwritten_external/W001/metadata.csv,1222,/Users/macbookpro/Desktop/Development/khmer-handwritten-word-recognition/data/handwritten_external/W001/crops_processed/W001_P006_0178.png,ភាពច្រណែន,9,True,125,38,43.5268,0.159368,review,transcription_not_human_verified,W001
W001_P006_0179,crops_raw/W001_P006_0179.png,page_006.png,W001,535,862,688,924,ជាដើម,ជាដើម,0.95,0.95,True,pending,,data/handwritten_external/W001/metadata.csv,1223,/Users/macbookpro/Desktop/Development/khmer-handwritten-word-recognition/data/handwritten_external/W001/crops_processed/W001_P006_0179.png,ជាដើម,5,True,153,62,58.9986,0.334388,review,transcription_not_human_verified,W001
W001_P006_0180,crops_raw/W001_P006_0180.png,page_006.png,W001,119,899,172,922,រៀន,រៀន,0.96,0.8,True,pending,narrow component,data/handwritten_external/W001/metadata.csv,1224,/Users/macbookpro/Desktop/Development/khmer-handwritten-word-recognition/data/handwritten_external/W001/crops_processed/W001_P006_0180.png,រៀន,3,True,53,23,59.0765,0.388843,review,transcription_not_human_verified,W001
W001_P006_0181,crops_raw/W001_P006_0181.png,page_006.png,W001,161,890,235,934,លះបង់,លះបង់,0.95,0.95,True,pending,,data/handwritten_external/W001/metadata.csv,1225,/Users/macbookpro/Desktop/Development/khmer-handwritten-word-recognition/data/handwritten_external/W001/crops_processed/W001_P006_0181.png,លះបង់,5,True,74,44,39.3713,0.207924,review,transcription_not_human_verified,W001
W001_P006_0182,crops_raw/W001_P006_0182.png,page_006.png,W001,227,894,376,934,នូវការលោភលន់!,នូវការលោភលន់!,0.93,0.95,True,pending,,data/handwritten_external/W001/metadata.csv,1226,/Users/macbookpro/Desktop/Development/khmer-handwritten-word-recognition/data/handwritten_external/W001/crops_processed/W001_P006_0182.png,នូវការលោភលន់!,13,True,149,40,46.2852,0.209732,review,transcription_not_human_verified,W001
W001_P006_0183,crops_raw/W001_P006_0183.png,page_006.png,W001,375,898,441,923,ចោល,ចោល,0.95,0.95,True,pending,,data/handwritten_external/W001/metadata.csv,1227,/Users/macbookpro/Desktop/Development/khmer-handwritten-word-recognition/data/handwritten_external/W001/crops_processed/W001_P006_0183.png,ចោល,3,True,66,25,59.905,0.284242,review,transcription_not_human_verified,W001
W001_P006_0184,crops_raw/W001_P006_0184.png,page_006.png,W001,455,892,536,923,លុះដល់,លុះដល់,0.94,0.95,True,pending,,data/handwritten_external/W001/metadata.csv,1228,/Users/macbookpro/Desktop/Development/khmer-handwritten-word-recognition/data/handwritten_external/W001/crops_processed/W001_P006_0184.png,លុះដល់,6,True,81,31,47.5528,0.203106,review,transcription_not_human_verified,W001
W001_P006_0185,crops_raw/W001_P006_0185.png,page_006.png,W001,524,892,585,923,គំនិត,គំនិត,0.95,0.95,True,pending,,data/handwritten_external/W001/metadata.csv,1229,/Users/macbookpro/Desktop/Development/khmer-handwritten-word-recognition/data/handwritten_external/W001/crops_processed/W001_P006_0185.png,គំនិត,5,True,61,31,53.1474,0.277102,review,transcription_not_human_verified,W001
W001_P006_0186,crops_raw/W001_P006_0186.png,page_006.png,W001,582,890,628,923,គិត,គិត,0.96,0.95,True,pending,,data/handwritten_external/W001/metadata.csv,1230,/Users/macbookpro/Desktop/Development/khmer-handwritten-word-recognition/data/handwritten_external/W001/crops_processed/W001_P006_0186.png,គិត,3,True,46,33,57.1607,0.295125,review,transcription_not_human_verified,W001
W001_P006_0188,crops_raw/W001_P006_0188.png,page_006.png,W001,81,914,274,973,លោភលន់ស្វែងរក,លោភលន់ស្វែងរក,0.93,0.85,True,pending,,data/handwritten_external/W001/metadata.csv,1232,/Users/macbookpro/Desktop/Development/khmer-handwritten-word-recognition/data/handwritten_external/W001/crops_processed/W001_P006_0188.png,លោភលន់ស្វែងរក,13,True,193,59,58.6972,0.323527,review,transcription_not_human_verified,W001
W001_P006_0189,crops_raw/W001_P006_0189.png,page_006.png,W001,297,923,368,947,អ្វីៗ,អ្វីៗ,0.95,0.85,True,pending,,data/handwritten_external/W001/metadata.csv,1233,/Users/macbookpro/Desktop/Development/khmer-handwritten-word-recognition/data/handwritten_external/W001/crops_processed/W001_P006_0189.png,អ្វីៗ,5,True,71,24,52.6583,0.261737,review,transcription_not_human_verified,W001
W001_P006_0190,crops_raw/W001_P006_0190.png,page_006.png,W001,357,920,433,953,ដោយ,ដោយ,0.96,0.85,True,pending,,data/handwritten_external/W001/metadata.csv,1234,/Users/macbookpro/Desktop/Development/khmer-handwritten-word-recognition/data/handwritten_external/W001/crops_processed/W001_P006_0190.png,ដោយ,3,True,76,33,47.3244,0.224083,review,transcription_not_human_verified,W001
W001_P006_0191,crops_raw/W001_P006_0191.png,page_006.png,W001,427,923,493,949,ខ្នះខ្នែង,ខ្នះខ្នែង,0.93,0.85,True,pending,,data/handwritten_external/W001/metadata.csv,1235,/Users/macbookpro/Desktop/Development/khmer-handwritten-word-recognition/data/handwritten_external/W001/crops_processed/W001_P006_0191.png,ខ្នះខ្នែង,9,True,66,26,51.7894,0.238345,review,transcription_not_human_verified,W001
W001_P006_0192,crops_raw/W001_P006_0192.png,page_006.png,W001,487,915,688,957,ជាការ,ជាការ,0.95,0.85,True,pending,,data/handwritten_external/W001/metadata.csv,1236,/Users/macbookpro/Desktop/Development/khmer-handwritten-word-recognition/data/handwritten_external/W001/crops_processed/W001_P006_0192.png,ជាការ,5,True,201,42,53.4036,0.260128,review,transcription_not_human_verified,W001
W001_P006_0194,crops_raw/W001_P006_0194.png,page_006.png,W001,228,936,317,983,នោះ,នោះ,0.96,0.95,True,pending,,data/handwritten_external/W001/metadata.csv,1238,/Users/macbookpro/Desktop/Development/khmer-handwritten-word-recognition/data/handwritten_external/W001/crops_processed/W001_P006_0194.png,នោះ,3,True,89,47,44.2531,0.191011,review,transcription_not_human_verified,W001
W001_P006_0195,crops_raw/W001_P006_0195.png,page_006.png,W001,316,948,359,973,គឺជាកិត្តិយស...,គឺជាកិត្តិយស...,0.93,0.95,True,pending,,data/handwritten_external/W001/metadata.csv,1239,/Users/macbookpro/Desktop/Development/khmer-handwritten-word-recognition/data/handwritten_external/W001/crops_processed/W001_P006_0195.png,គឺជាកិត្តិយស...,15,True,43,25,54.3447,0.284651,review,transcription_not_human_verified,W001
W001_P006_0196,crops_raw/W001_P006_0196.png,page_006.png,W001,354,940,481,983,នោះ,នោះ,0.96,0.95,True,pending,,data/handwritten_external/W001/metadata.csv,1240,/Users/macbookpro/Desktop/Development/khmer-handwritten-word-recognition/data/handwritten_external/W001/crops_processed/W001_P006_0196.png,នោះ,3,True,127,43,50.3342,0.259659,review,transcription_not_human_verified,W001
W001_P006_0197,crops_raw/W001_P006_0197.png,page_006.png,W001,483,949,527,982,ដោយសារ,ដោយសារ,0.94,0.95,True,pending,,data/handwritten_external/W001/metadata.csv,1241,/Users/macbookpro/Desktop/Development/khmer-handwritten-word-recognition/data/handwritten_external/W001/crops_processed/W001_P006_0197.png,ដោយសារ,6,True,44,33,54.027,0.262397,review,transcription_not_human_verified,W001
W001_P006_0198,crops_raw/W001_P006_0198.png,page_006.png,W001,522,949,612,974,ការគិត,ការគិត,0.94,0.95,True,pending,,data/handwritten_external/W001/metadata.csv,1242,/Users/macbookpro/Desktop/Development/khmer-handwritten-word-recognition/data/handwritten_external/W001/crops_processed/W001_P006_0198.png,ការគិត,6,True,90,25,51.603,0.247556,review,transcription_not_human_verified,W001
W001_P006_0200,crops_raw/W001_P006_0200.png,page_006.png,W001,81,968,136,1010,អន្តរ,អន្តរ,0.94,0.95,True,pending,,data/handwritten_external/W001/metadata.csv,1244,/Users/macbookpro/Desktop/Development/khmer-handwritten-word-recognition/data/handwritten_external/W001/crops_processed/W001_P006_0200.png,អន្តរ,5,True,55,42,52.3416,0.222944,review,transcription_not_human_verified,W001
W001_P006_0201,crops_raw/W001_P006_0201.png,page_006.png,W001,127,973,182,1001,នោះ,នោះ,0.96,0.95,True,pending,,data/handwritten_external/W001/metadata.csv,1245,/Users/macbookpro/Desktop/Development/khmer-handwritten-word-recognition/data/handwritten_external/W001/crops_processed/W001_P006_0201.png,នោះ,3,True,55,28,52.5083,0.252597,review,transcription_not_human_verified,W001
W001_P006_0202,crops_raw/W001_P006_0202.png,page_006.png,W001,195,971,261,1000,ដែល,ដែល,0.96,0.95,True,pending,,data/handwritten_external/W001/metadata.csv,1246,/Users/macbookpro/Desktop/Development/khmer-handwritten-word-recognition/data/handwritten_external/W001/crops_processed/W001_P006_0202.png,ដែល,3,True,66,29,51.7415,0.237722,review,transcription_not_human_verified,W001
W001_P006_0203,crops_raw/W001_P006_0203.png,page_006.png,W001,252,973,292,1001,ជា,ជា,0.96,0.95,True,pending,,data/handwritten_external/W001/metadata.csv,1247,/Users/macbookpro/Desktop/Development/khmer-handwritten-word-recognition/data/handwritten_external/W001/crops_processed/W001_P006_0203.png,ជា,2,True,40,28,53.7299,0.338393,review,transcription_not_human_verified,W001
W001_P006_0204,crops_raw/W001_P006_0204.png,page_006.png,W001,284,967,422,1011,ដុះពន្លកនៃ,ដុះពន្លកនៃ,0.93,0.85,True,pending,,data/handwritten_external/W001/metadata.csv,1248,/Users/macbookpro/Desktop/Development/khmer-handwritten-word-recognition/data/handwritten_external/W001/crops_processed/W001_P006_0204.png,ដុះពន្លកនៃ,10,True,138,44,48.1521,0.240119,review,transcription_not_human_verified,W001
W001_P006_0205,crops_raw/W001_P006_0205.png,page_006.png,W001,409,967,474,1000,សេច,សេច,0.95,0.85,True,pending,,data/handwritten_external/W001/metadata.csv,1249,/Users/macbookpro/Desktop/Development/khmer-handwritten-word-recognition/data/handwritten_external/W001/crops_processed/W001_P006_0205.png,សេច,3,True,65,33,52.1873,0.228438,review,transcription_not_human_verified,W001
W001_P006_0206,crops_raw/W001_P006_0206.png,page_006.png,W001,463,967,531,1011,ក្តីទុក្ខ,ក្តីទុក្ខ,0.94,0.95,True,pending,,data/handwritten_external/W001/metadata.csv,1250,/Users/macbookpro/Desktop/Development/khmer-handwritten-word-recognition/data/handwritten_external/W001/crops_processed/W001_P006_0206.png,ក្តីទុក្ខ,9,True,68,44,50.7549,0.223596,review,transcription_not_human_verified,W001
W001_P006_0207,crops_raw/W001_P006_0207.png,page_006.png,W001,523,968,631,1011,ដោយត្រូវ,ដោយត្រូវ,0.94,0.95,True,pending,,data/handwritten_external/W001/metadata.csv,1251,/Users/macbookpro/Desktop/Development/khmer-handwritten-word-recognition/data/handwritten_external/W001/crops_processed/W001_P006_0207.png,ដោយត្រូវ,8,True,108,43,42.8667,0.159345,review,transcription_not_human_verified,W001
W001_P006_0208,crops_raw/W001_P006_0208.png,page_006.png,W001,623,977,688,1012,ប្រកាន់...,ប្រកាន់...,0.93,0.95,True,pending,,data/handwritten_external/W001/metadata.csv,1252,/Users/macbookpro/Desktop/Development/khmer-handwritten-word-recognition/data/handwritten_external/W001/crops_processed/W001_P006_0208.png,ប្រកាន់...,10,True,65,35,49.132,0.237802,review,transcription_not_human_verified,W001
W001_P007_0001,crops_raw/W001_P007_0001.png,page_007.png,W001,81,232,248,274,យកផ្លូវកណ្តាល,យកផ្លូវកណ្តាល,0.94,0.95,False,pending,,data/handwritten_external/W001/metadata.csv,1253,/Users/macbookpro/Desktop/Development/khmer-handwritten-word-recognition/data/handwritten_external/W001/crops_processed/W001_P007_0001.png,យកផ្លូវកណ្តាល,13,True,167,42,49.2491,0.210151,review,transcription_not_human_verified,W001
W001_P007_0002,crops_raw/W001_P007_0002.png,page_007.png,W001,283,232,314,261,។,។,0.97,0.8,True,pending,narrow component,data/handwritten_external/W001/metadata.csv,1254,/Users/macbookpro/Desktop/Development/khmer-handwritten-word-recognition/data/handwritten_external/W001/crops_processed/W001_P007_0002.png,។,1,True,31,29,56.2561,0.412681,review,transcription_not_human_verified,W001
W001_P007_0003,crops_raw/W001_P007_0003.png,page_007.png,W001,303,231,451,287,ម្យ៉ាងវិញទៀត,ម្យ៉ាងវិញទៀត,0.94,0.95,False,pending,,data/handwritten_external/W001/metadata.csv,1255,/Users/macbookpro/Desktop/Development/khmer-handwritten-word-recognition/data/handwritten_external/W001/crops_processed/W001_P007_0003.png,ម្យ៉ាងវិញទៀត,12,True,148,56,53.7339,0.293557,review,transcription_not_human_verified,W001
W001_P007_0004,crops_raw/W001_P007_0004.png,page_007.png,W001,440,234,523,272,នៅក្នុង,នៅក្នុង,0.95,0.95,False,pending,,data/handwritten_external/W001/metadata.csv,1256,/Users/macbookpro/Desktop/Development/khmer-handwritten-word-recognition/data/handwritten_external/W001/crops_processed/W001_P007_0004.png,នៅក្នុង,7,True,83,38,44.9559,0.240013,review,transcription_not_human_verified,W001
W001_P007_0005,crops_raw/W001_P007_0005.png,page_007.png,W001,512,237,565,271,វិញ្ញាសា,វិញ្ញាសា,0.93,0.85,False,pending,,data/handwritten_external/W001/metadata.csv,1257,/Users/macbookpro/Desktop/Development/khmer-handwritten-word-recognition/data/handwritten_external/W001/crops_processed/W001_P007_0005.png,វិញ្ញាសា,8,True,53,34,55.5412,0.300222,review,transcription_not_human_verified,W001
W001_P007_0006,crops_raw/W001_P007_0006.png,page_007.png,W001,552,228,677,271,អក្សរសិល្ប៍បែប...,អក្សរសិល្ប៍បែប...,0.92,0.85,False,pending,,data/handwritten_external/W001/metadata.csv,1258,/Users/macbookpro/Desktop/Development/khmer-handwritten-word-recognition/data/handwritten_external/W001/crops_processed/W001_P007_0006.png,អក្សរសិល្ប៍បែប...,17,True,125,43,45.7171,0.219535,review,transcription_not_human_verified,W001
W001_P007_0007,crops_raw/W001_P007_0007.png,page_007.png,W001,81,257,206,295,ប្រឡោមលោកវិញ,ប្រឡោមលោកវិញ,0.93,0.95,False,pending,,data/handwritten_external/W001/metadata.csv,1259,/Users/macbookpro/Desktop/Development/khmer-handwritten-word-recognition/data/handwritten_external/W001/crops_processed/W001_P007_0007.png,ប្រឡោមលោកវិញ,12,True,125,38,44.528,0.185895,review,transcription_not_human_verified,W001
W001_P007_0008,crops_raw/W001_P007_0008.png,page_007.png,W001,204,258,250,297,គឺរឿង,គឺរឿង,0.95,0.95,False,pending,,data/handwritten_external/W001/metadata.csv,1260,/Users/macbookpro/Desktop/Development/khmer-handwritten-word-recognition/data/handwritten_external/W001/crops_processed/W001_P007_0008.png,គឺរឿង,5,True,46,39,46.1882,0.199554,review,transcription_not_human_verified,W001
W001_P007_0009,crops_raw/W001_P007_0009.png,page_007.png,W001,256,238,314,299,កុលាបប៉ៃលិន,កុលាបប៉ៃលិន,0.94,0.95,False,pending,,data/handwritten_external/W001/metadata.csv,1261,/Users/macbookpro/Desktop/Development/khmer-handwritten-word-recognition/data/handwritten_external/W001/crops_processed/W001_P007_0009.png,កុលាបប៉ៃលិន,11,True,58,61,49.6388,0.249011,review,transcription_not_human_verified,W001
W001_P007_0010,crops_raw/W001_P007_0010.png,page_007.png,W001,416,256,464,286,ដែល,ដែល,0.96,0.95,False,pending,,data/handwritten_external/W001/metadata.csv,1262,/Users/macbookpro/Desktop/Development/khmer-handwritten-word-recognition/data/handwritten_external/W001/crops_processed/W001_P007_0010.png,ដែល,3,True,48,30,57.438,0.336111,review,transcription_not_human_verified,W001
W001_P007_0011,crops_raw/W001_P007_0011.png,page_007.png,W001,472,258,531,285,ជាស្នាដៃ,ជាស្នាដៃ,0.94,0.95,False,pending,,data/handwritten_external/W001/metadata.csv,1263,/Users/macbookpro/Desktop/Development/khmer-handwritten-word-recognition/data/handwritten_external/W001/crops_processed/W001_P007_0011.png,ជាស្នាដៃ,8,True,59,27,57.9039,0.320778,review,transcription_not_human_verified,W001
W001_P007_0012,crops_raw/W001_P007_0012.png,page_007.png,W001,521,256,595,299,របស់,របស់,0.96,0.95,False,pending,,data/handwritten_external/W001/metadata.csv,1264,/Users/macbookpro/Desktop/Development/khmer-handwritten-word-recognition/data/handwritten_external/W001/crops_processed/W001_P007_0012.png,របស់,4,True,74,43,53.5554,0.275299,review,transcription_not_human_verified,W001
W001_P007_0013,crops_raw/W001_P007_0013.png,page_007.png,W001,584,254,647,285,លោក,លោក,0.96,0.95,False,pending,,data/handwritten_external/W001/metadata.csv,1265,/Users/macbookpro/Desktop/Development/khmer-handwritten-word-recognition/data/handwritten_external/W001/crops_processed/W001_P007_0013.png,លោក,3,True,63,31,48.7684,0.225806,review,transcription_not_human_verified,W001
W001_P007_0015,crops_raw/W001_P007_0015.png,page_007.png,W001,81,283,130,340,ញ៉ុក,ញ៉ុក,0.95,0.95,False,pending,,data/handwritten_external/W001/metadata.csv,1267,/Users/macbookpro/Desktop/Development/khmer-handwritten-word-recognition/data/handwritten_external/W001/crops_processed/W001_P007_0015.png,ញ៉ុក,4,True,49,57,48.3437,0.278195,review,transcription_not_human_verified,W001
W001_P007_0016,crops_raw/W001_P007_0016.png,page_007.png,W001,121,285,176,313,ថែម,ថែម,0.95,0.95,False,pending,,data/handwritten_external/W001/metadata.csv,1268,/Users/macbookpro/Desktop/Development/khmer-handwritten-word-recognition/data/handwritten_external/W001/crops_processed/W001_P007_0016.png,ថែម,3,True,55,28,53.3427,0.258442,review,transcription_not_human_verified,W001
W001_P007_0017,crops_raw/W001_P007_0017.png,page_007.png,W001,190,292,216,315,។,។,0.97,0.8,True,pending,narrow component,data/handwritten_external/W001/metadata.csv,1269,/Users/macbookpro/Desktop/Development/khmer-handwritten-word-recognition/data/handwritten_external/W001/crops_processed/W001_P007_0017.png,។,1,True,26,23,48.0559,0.280936,review,transcription_not_human_verified,W001
W001_P007_0018,crops_raw/W001_P007_0018.png,page_007.png,W001,230,282,285,323,រឿងនោះ,រឿងនោះ,0.94,0.95,False,pending,,data/handwritten_external/W001/metadata.csv,1270,/Users/macbookpro/Desktop/Development/khmer-handwritten-word-recognition/data/handwritten_external/W001/crops_processed/W001_P007_0018.png,រឿងនោះ,6,True,55,41,44.1699,0.215965,review,transcription_not_human_verified,W001
W001_P007_0019,crops_raw/W001_P007_0019.png,page_007.png,W001,284,289,327,313,បានបង្ហាញ,បានបង្ហាញ,0.94,0.95,False,pending,,data/handwritten_external/W001/metadata.csv,1271,/Users/macbookpro/Desktop/Development/khmer-handwritten-word-recognition/data/handwritten_external/W001/crops_processed/W001_P007_0019.png,បានបង្ហាញ,9,True,43,24,50.1421,0.243217,review,transcription_not_human_verified,W001
W001_P007_0020,crops_raw/W001_P007_0020.png,page_007.png,W001,322,262,424,322,អំពីទំនាក់ទំនងរវាង,អំពីទំនាក់ទំនងរវាង,0.92,0.95,False,pending,,data/handwritten_external/W001/metadata.csv,1272,/Users/macbookpro/Desktop/Development/khmer-handwritten-word-recognition/data/handwritten_external/W001/crops_processed/W001_P007_0020.png,អំពីទំនាក់ទំនងរវាង,18,True,102,60,51.3379,0.263725,review,transcription_not_human_verified,W001
W001_P007_0021,crops_raw/W001_P007_0021.png,page_007.png,W001,421,279,616,323,ព្រះពុទ្ធ,ព្រះពុទ្ធ,0.95,0.85,False,pending,,data/handwritten_external/W001/metadata.csv,1273,/Users/macbookpro/Desktop/Development/khmer-handwritten-word-recognition/data/handwritten_external/W001/crops_processed/W001_P007_0021.png,ព្រះពុទ្ធ,9,True,195,44,53.3649,0.257343,review,transcription_not_human_verified,W001
W001_P007_0022,crops_raw/W001_P007_0022.png,page_007.png,W001,603,286,647,322,សាសនា,សាសនា,0.95,0.85,False,pending,,data/handwritten_external/W001/metadata.csv,1274,/Users/macbookpro/Desktop/Development/khmer-handwritten-word-recognition/data/handwritten_external/W001/crops_processed/W001_P007_0022.png,សាសនា,5,True,44,36,53.7346,0.296086,review,transcription_not_human_verified,W001
W001_P007_0024,crops_raw/W001_P007_0024.png,page_007.png,W001,103,310,142,339,ទៅនឹង,ទៅនឹង,0.95,0.95,False,pending,,data/handwritten_external/W001/metadata.csv,1276,/Users/macbookpro/Desktop/Development/khmer-handwritten-word-recognition/data/handwritten_external/W001/crops_processed/W001_P007_0024.png,ទៅនឹង,5,True,39,29,61.7954,0.378426,review,transcription_not_human_verified,W001
W001_P007_0025,crops_raw/W001_P007_0025.png,page_007.png,W001,132,303,284,348,វប្បធម៌សន្តិភាព,វប្បធម៌សន្តិភាព,0.93,0.95,False,pending,,data/handwritten_external/W001/metadata.csv,1277,/Users/macbookpro/Desktop/Development/khmer-handwritten-word-recognition/data/handwritten_external/W001/crops_processed/W001_P007_0025.png,វប្បធម៌សន្តិភាព,15,True,152,45,51.2278,0.275292,review,transcription_not_human_verified,W001
W001_P007_0026,crops_raw/W001_P007_0026.png,page_007.png,W001,294,306,369,344,នៅត្រង់,នៅត្រង់,0.94,0.95,False,pending,,data/handwritten_external/W001/metadata.csv,1278,/Users/macbookpro/Desktop/Development/khmer-handwritten-word-recognition/data/handwritten_external/W001/crops_processed/W001_P007_0026.png,នៅត្រង់,7,True,75,38,42.8085,0.19614,review,transcription_not_human_verified,W001
W001_P007_0027,crops_raw/W001_P007_0027.png,page_007.png,W001,361,310,430,351,ចំណុច,ចំណុច,0.95,0.95,False,pending,,data/handwritten_external/W001/metadata.csv,1279,/Users/macbookpro/Desktop/Development/khmer-handwritten-word-recognition/data/handwritten_external/W001/crops_processed/W001_P007_0027.png,ចំណុច,5,True,69,41,41.5793,0.236126,review,transcription_not_human_verified,W001
W001_P007_0028,crops_raw/W001_P007_0028.png,page_007.png,W001,430,308,493,338,ដែល,ដែល,0.96,0.95,False,pending,,data/handwritten_external/W001/metadata.csv,1280,/Users/macbookpro/Desktop/Development/khmer-handwritten-word-recognition/data/handwritten_external/W001/crops_processed/W001_P007_0028.png,ដែល,3,True,63,30,51.4973,0.243386,review,transcription_not_human_verified,W001
W001_P007_0029,crops_raw/W001_P007_0029.png,page_007.png,W001,489,306,614,336,តាផែន,តាផែន,0.94,0.95,False,pending,,data/handwritten_external/W001/metadata.csv,1281,/Users/macbookpro/Desktop/Development/khmer-handwritten-word-recognition/data/handwritten_external/W001/crops_processed/W001_P007_0029.png,តាផែន,5,True,125,30,43.6899,0.199733,review,transcription_not_human_verified,W001
W001_P007_0030,crops_raw/W001_P007_0030.png,page_007.png,W001,603,306,652,336,នៅ,នៅ,0.96,0.95,False,pending,,data/handwritten_external/W001/metadata.csv,1282,/Users/macbookpro/Desktop/Development/khmer-handwritten-word-recognition/data/handwritten_external/W001/crops_processed/W001_P007_0030.png,នៅ,2,True,49,30,54.148,0.25102,review,transcription_not_human_verified,W001
W001_P007_0031,crops_raw/W001_P007_0031.png,page_007.png,W001,645,312,688,336,ពេល...,ពេល...,0.93,0.95,False,pending,,data/handwritten_external/W001/metadata.csv,1283,/Users/macbookpro/Desktop/Development/khmer-handwritten-word-recognition/data/handwritten_external/W001/crops_processed/W001_P007_0031.png,ពេល...,6,True,43,24,59.0751,0.292636,review,transcription_not_human_verified,W001
W001_P007_0032,crops_raw/W001_P007_0032.png,page_007.png,W001,81,331,162,366,គាត់ជិត,គាត់ជិត,0.94,0.95,False,pending,,data/handwritten_external/W001/metadata.csv,1284,/Users/macbookpro/Desktop/Development/khmer-handwritten-word-recognition/data/handwritten_external/W001/crops_processed/W001_P007_0032.png,គាត់ជិត,7,True,81,35,50.6731,0.267725,review,transcription_not_human_verified,W001
W001_P007_0033,crops_raw/W001_P007_0033.png,page_007.png,W001,151,333,227,374,ផុតដង្ហើម,ផុតដង្ហើម,0.93,0.95,False,pending,,data/handwritten_external/W001/metadata.csv,1285,/Users/macbookpro/Desktop/Development/khmer-handwritten-word-recognition/data/handwritten_external/W001/crops_processed/W001_P007_0033.png,ផុតដង្ហើម,9,True,76,41,39.0729,0.184852,review,transcription_not_human_verified,W001
W001_P007_0034,crops_raw/W001_P007_0034.png,page_007.png,W001,215,332,275,365,ជីវិត,ជីវិត,0.95,0.95,False,pending,,data/handwritten_external/W001/metadata.csv,1286,/Users/macbookpro/Desktop/Development/khmer-handwritten-word-recognition/data/handwritten_external/W001/crops_processed/W001_P007_0034.png,ជីវិត,5,True,60,33,49.6743,0.265152,review,transcription_not_human_verified,W001
W001_P007_0035,crops_raw/W001_P007_0035.png,page_007.png,W001,264,331,342,371,គាត់បាន,គាត់បាន,0.94,0.95,False,pending,,data/handwritten_external/W001/metadata.csv,1287,/Users/macbookpro/Desktop/Development/khmer-handwritten-word-recognition/data/handwritten_external/W001/crops_processed/W001_P007_0035.png,គាត់បាន,7,True,78,40,33.5394,0.159936,review,transcription_not_human_verified,W001
W001_P007_0036,crops_raw/W001_P007_0036.png,page_007.png,W001,332,329,389,364,ពោល,ពោល,0.95,0.95,False,pending,,data/handwritten_external/W001/metadata.csv,1288,/Users/macbookpro/Desktop/Development/khmer-handwritten-word-recognition/data/handwritten_external/W001/crops_processed/W001_P007_0036.png,ពោល,3,True,57,35,47.0403,0.273684,review,transcription_not_human_verified,W001
W001_P007_0037,crops_raw/W001_P007_0037.png,page_007.png,W001,385,332,436,363,ពាក្យ,ពាក្យ,0.95,0.95,False,pending,,data/handwritten_external/W001/metadata.csv,1289,/Users/macbookpro/Desktop/Development/khmer-handwritten-word-recognition/data/handwritten_external/W001/crops_processed/W001_P007_0037.png,ពាក្យ,5,True,51,31,48.323,0.241619,review,transcription_not_human_verified,W001
W001_P007_0038,crops_raw/W001_P007_0038.png,page_007.png,W001,424,333,513,372,ផ្ញើមក,ផ្ញើមក,0.93,0.95,False,pending,,data/handwritten_external/W001/metadata.csv,1290,/Users/macbookpro/Desktop/Development/khmer-handwritten-word-recognition/data/handwritten_external/W001/crops_processed/W001_P007_0038.png,ផ្ញើមក,6,True,89,39,35.301,0.19418,review,transcription_not_human_verified,W001
W001_P007_0039,crops_raw/W001_P007_0039.png,page_007.png,W001,504,334,549,373,ផ្ទះ,ផ្ទះ,0.95,0.95,False,pending,,data/handwritten_external/W001/metadata.csv,1291,/Users/macbookpro/Desktop/Development/khmer-handwritten-word-recognition/data/handwritten_external/W001/crops_processed/W001_P007_0039.png,ផ្ទះ,4,True,45,39,49.5857,0.247293,review,transcription_not_human_verified,W001
W001_P007_0040,crops_raw/W001_P007_0040.png,page_007.png,W001,542,333,674,370,ជាបណ្តាំចុង...,ជាបណ្តាំចុង...,0.92,0.95,False,pending,,data/handwritten_external/W001/metadata.csv,1292,/Users/macbookpro/Desktop/Development/khmer-handwritten-word-recognition/data/handwritten_external/W001/crops_processed/W001_P007_0040.png,ជាបណ្តាំចុង...,14,True,132,37,45.3552,0.174038,review,transcription_not_human_verified,W001
W001_P007_0041,crops_raw/W001_P007_0041.png,page_007.png,W001,81,366,162,401,ក្រោយ,ក្រោយ,0.95,0.95,False,pending,,data/handwritten_external/W001/metadata.csv,1293,/Users/macbookpro/Desktop/Development/khmer-handwritten-word-recognition/data/handwritten_external/W001/crops_processed/W001_P007_0041.png,ក្រោយ,5,True,81,35,44.7019,0.223633,review,transcription_not_human_verified,W001
W001_P007_0043,crops_raw/W001_P007_0043.png,page_007.png,W001,173,361,248,404,អត្តាហិ,អត្តាហិ,0.94,0.95,False,pending,,data/handwritten_external/W001/metadata.csv,1295,/Users/macbookpro/Desktop/Development/khmer-handwritten-word-recognition/data/handwritten_external/W001/crops_processed/W001_P007_0043.png,អត្តាហិ,7,True,75,43,43.2213,0.169612,review,transcription_not_human_verified,W001
W001_P007_0046,crops_raw/W001_P007_0046.png,page_007.png,W001,409,361,471,395,ពាក្យ,ពាក្យ,0.95,0.95,False,pending,,data/handwritten_external/W001/metadata.csv,1298,/Users/macbookpro/Desktop/Development/khmer-handwritten-word-recognition/data/handwritten_external/W001/crops_processed/W001_P007_0046.png,ពាក្យ,5,True,62,34,47.9102,0.255218,review,transcription_not_human_verified,W001
W001_P007_0047,crops_raw/W001_P007_0047.png,page_007.png,W001,459,363,580,395,មួយឃ្លានេះ,មួយឃ្លានេះ,0.94,0.95,False,pending,,data/handwritten_external/W001/metadata.csv,1299,/Users/macbookpro/Desktop/Development/khmer-handwritten-word-recognition/data/handwritten_external/W001/crops_processed/W001_P007_0047.png,មួយឃ្លានេះ,10,True,121,32,44.5725,0.212293,review,transcription_not_human_verified,W001
W001_P007_0048,crops_raw/W001_P007_0048.png,page_007.png,W001,568,349,666,389,ជាទិសដៅ,ជាទិសដៅ,0.94,0.95,False,pending,,data/handwritten_external/W001/metadata.csv,1300,/Users/macbookpro/Desktop/Development/khmer-handwritten-word-recognition/data/handwritten_external/W001/crops_processed/W001_P007_0048.png,ជាទិសដៅ,7,True,98,40,45.3621,0.227296,review,transcription_not_human_verified,W001
W001_P007_0049,crops_raw/W001_P007_0049.png,page_007.png,W001,658,363,688,386,ឱ្យ...,ឱ្យ...,0.93,0.8,True,pending,narrow component,data/handwritten_external/W001/metadata.csv,1301,/Users/macbookpro/Desktop/Development/khmer-handwritten-word-recognition/data/handwritten_external/W001/crops_processed/W001_P007_0049.png,ឱ្យ...,6,True,30,23,63.5253,0.421739,review,transcription_not_human_verified,W001
W001_P007_0050,crops_raw/W001_P007_0050.png,page_007.png,W001,96,386,188,422,កូនចៅកែខ្លួន...,កូនចៅកែខ្លួន...,0.92,0.95,False,pending,,data/handwritten_external/W001/metadata.csv,1302,/Users/macbookpro/Desktop/Development/khmer-handwritten-word-recognition/data/handwritten_external/W001/crops_processed/W001_P007_0050.png,កូនចៅកែខ្លួន...,15,True,92,36,49.7703,0.260266,review,transcription_not_human_verified,W001
W001_P007_0051,crops_raw/W001_P007_0051.png,page_007.png,W001,215,393,242,416,។,។,0.97,0.8,True,pending,narrow component,data/handwritten_external/W001/metadata.csv,1303,/Users/macbookpro/Desktop/Development/khmer-handwritten-word-recognition/data/handwritten_external/W001/crops_processed/W001_P007_0051.png,។,1,True,27,23,48.8279,0.285024,review,transcription_not_human_verified,W001
W001_P007_0052,crops_raw/W001_P007_0052.png,page_007.png,W001,240,389,330,422,ពាក្យនេះ,ពាក្យនេះ,0.94,0.95,False,pending,,data/handwritten_external/W001/metadata.csv,1304,/Users/macbookpro/Desktop/Development/khmer-handwritten-word-recognition/data/handwritten_external/W001/crops_processed/W001_P007_0052.png,ពាក្យនេះ,8,True,90,33,39.7406,0.168013,review,transcription_not_human_verified,W001
W001_P007_0053,crops_raw/W001_P007_0053.png,page_007.png,W001,322,381,455,422,គឺជាកន្លែងចិត្ត,គឺជាកន្លែងចិត្ត,0.92,0.95,False,pending,,data/handwritten_external/W001/metadata.csv,1305,/Users/macbookpro/Desktop/Development/khmer-handwritten-word-recognition/data/handwritten_external/W001/crops_processed/W001_P007_0053.png,គឺជាកន្លែងចិត្ត,15,True,133,41,48.026,0.235833,review,transcription_not_human_verified,W001
W001_P007_0054,crops_raw/W001_P007_0054.png,page_007.png,W001,452,380,513,412,របស់,របស់,0.96,0.95,False,pending,,data/handwritten_external/W001/metadata.csv,1306,/Users/macbookpro/Desktop/Development/khmer-handwritten-word-recognition/data/handwritten_external/W001/crops_processed/W001_P007_0054.png,របស់,4,True,61,32,47.507,0.224385,review,transcription_not_human_verified,W001
W001_P007_0055,crops_raw/W001_P007_0055.png,page_007.png,W001,503,383,583,416,ចៅចិត្រ,ចៅចិត្រ,0.94,0.95,False,pending,,data/handwritten_external/W001/metadata.csv,1307,/Users/macbookpro/Desktop/Development/khmer-handwritten-word-recognition/data/handwritten_external/W001/crops_processed/W001_P007_0055.png,ចៅចិត្រ,7,True,80,33,45.8115,0.216288,review,transcription_not_human_verified,W001
W001_P007_0056,crops_raw/W001_P007_0056.png,page_007.png,W001,588,374,688,412,ដែលគាត់...,ដែលគាត់...,0.92,0.95,False,pending,,data/handwritten_external/W001/metadata.csv,1308,/Users/macbookpro/Desktop/Development/khmer-handwritten-word-recognition/data/handwritten_external/W001/crops_processed/W001_P007_0056.png,ដែលគាត់...,10,True,100,38,44.7627,0.254211,review,transcription_not_human_verified,W001
W001_P007_0057,crops_raw/W001_P007_0057.png,page_007.png,W001,81,392,158,449,វត្តមាន,វត្តមាន,0.94,0.95,False,pending,,data/handwritten_external/W001/metadata.csv,1309,/Users/macbookpro/Desktop/Development/khmer-handwritten-word-recognition/data/handwritten_external/W001/crops_processed/W001_P007_0057.png,វត្តមាន,7,True,77,57,47.5171,0.250854,review,transcription_not_human_verified,W001
W001_P007_0058,crops_raw/W001_P007_0058.png,page_007.png,W001,148,410,285,443,តែងតែមានសិទ្ធិ,តែងតែមានសិទ្ធិ,0.92,0.95,False,pending,,data/handwritten_external/W001/metadata.csv,1310,/Users/macbookpro/Desktop/Development/khmer-handwritten-word-recognition/data/handwritten_external/W001/crops_processed/W001_P007_0058.png,តែងតែមានសិទ្ធិ,14,True,137,33,42.8143,0.191772,review,transcription_not_human_verified,W001
W001_P007_0059,crops_raw/W001_P007_0059.png,page_007.png,W001,301,408,434,448,ដោយប្រកាន់យក,ដោយប្រកាន់យក,0.93,0.95,False,pending,,data/handwritten_external/W001/metadata.csv,1311,/Users/macbookpro/Desktop/Development/khmer-handwritten-word-recognition/data/handwritten_external/W001/crops_processed/W001_P007_0059.png,ដោយប្រកាន់យក,12,True,133,40,43.6612,0.201504,review,transcription_not_human_verified,W001
W001_P007_0060,crops_raw/W001_P007_0060.png,page_007.png,W001,427,413,507,445,លក្ខណៈ,លក្ខណៈ,0.94,0.95,False,pending,,data/handwritten_external/W001/metadata.csv,1312,/Users/macbookpro/Desktop/Development/khmer-handwritten-word-recognition/data/handwritten_external/W001/crops_processed/W001_P007_0060.png,លក្ខណៈ,6,True,80,32,46.7929,0.223438,review,transcription_not_human_verified,W001
W001_P007_0061,crops_raw/W001_P007_0061.png,page_007.png,W001,495,414,525,437,ជា,ជា,0.96,0.8,True,pending,narrow component,data/handwritten_external/W001/metadata.csv,1313,/Users/macbookpro/Desktop/Development/khmer-handwritten-word-recognition/data/handwritten_external/W001/crops_processed/W001_P007_0061.png,ជា,2,True,30,23,57.1977,0.37971,review,transcription_not_human_verified,W001
W001_P007_0062,crops_raw/W001_P007_0062.png,page_007.png,W001,515,406,631,469,វិជ្ជាជីវៈជាដើម,វិជ្ជាជីវៈជាដើម,0.93,0.95,False,pending,,data/handwritten_external/W001/metadata.csv,1314,/Users/macbookpro/Desktop/Development/khmer-handwritten-word-recognition/data/handwritten_external/W001/crops_processed/W001_P007_0062.png,វិជ្ជាជីវៈជាដើម,15,True,116,63,52.2876,0.250274,review,transcription_not_human_verified,W001
W001_P007_0063,crops_raw/W001_P007_0063.png,page_007.png,W001,635,413,663,439,។,។,0.97,0.8,True,pending,narrow component,data/handwritten_external/W001/metadata.csv,1315,/Users/macbookpro/Desktop/Development/khmer-handwritten-word-recognition/data/handwritten_external/W001/crops_processed/W001_P007_0063.png,។,1,True,28,26,53.2725,0.274725,review,transcription_not_human_verified,W001
W001_P007_0064,crops_raw/W001_P007_0064.png,page_007.png,W001,651,413,688,437,បើយើង,បើយើង,0.95,0.95,False,pending,,data/handwritten_external/W001/metadata.csv,1316,/Users/macbookpro/Desktop/Development/khmer-handwritten-word-recognition/data/handwritten_external/W001/crops_processed/W001_P007_0064.png,បើយើង,5,True,37,24,65.6955,0.370495,review,transcription_not_human_verified,W001
W001_P007_0065,crops_raw/W001_P007_0065.png,page_007.png,W001,81,439,121,473,ចិត្ត,ចិត្ត,0.96,0.95,False,pending,,data/handwritten_external/W001/metadata.csv,1317,/Users/macbookpro/Desktop/Development/khmer-handwritten-word-recognition/data/handwritten_external/W001/crops_processed/W001_P007_0065.png,ចិត្ត,5,True,40,34,58.7765,0.302206,review,transcription_not_human_verified,W001
W001_P007_0066,crops_raw/W001_P007_0066.png,page_007.png,W001,116,436,202,470,មានការខិតខំ,មានការខិតខំ,0.94,0.95,False,pending,,data/handwritten_external/W001/metadata.csv,1318,/Users/macbookpro/Desktop/Development/khmer-handwritten-word-recognition/data/handwritten_external/W001/crops_processed/W001_P007_0066.png,មានការខិតខំ,11,True,86,34,36.9837,0.154241,review,transcription_not_human_verified,W001
W001_P007_0067,crops_raw/W001_P007_0067.png,page_007.png,W001,193,438,236,466,តស៊ូ,តស៊ូ,0.95,0.95,False,pending,,data/handwritten_external/W001/metadata.csv,1319,/Users/macbookpro/Desktop/Development/khmer-handwritten-word-recognition/data/handwritten_external/W001/crops_processed/W001_P007_0067.png,តស៊ូ,4,True,43,28,50.9136,0.263289,review,transcription_not_human_verified,W001
W001_P007_0068,crops_raw/W001_P007_0068.png,page_007.png,W001,226,417,311,473,ព្យាយាម,ព្យាយាម,0.94,0.95,False,pending,,data/handwritten_external/W001/metadata.csv,1320,/Users/macbookpro/Desktop/Development/khmer-handwritten-word-recognition/data/handwritten_external/W001/crops_processed/W001_P007_0068.png,ព្យាយាម,7,True,85,56,47.2935,0.225,review,transcription_not_human_verified,W001
W001_P007_0069,crops_raw/W001_P007_0069.png,page_007.png,W001,312,436,401,473,ធ្វើការងារ,ធ្វើការងារ,0.94,0.95,False,pending,,data/handwritten_external/W001/metadata.csv,1321,/Users/macbookpro/Desktop/Development/khmer-handwritten-word-recognition/data/handwritten_external/W001/crops_processed/W001_P007_0069.png,ធ្វើការងារ,10,True,89,37,37.3117,0.17765,review,transcription_not_human_verified,W001
W001_P007_0070,crops_raw/W001_P007_0070.png,page_007.png,W001,391,440,474,465,ដោយ,ដោយ,0.96,0.95,False,pending,,data/handwritten_external/W001/metadata.csv,1322,/Users/macbookpro/Desktop/Development/khmer-handwritten-word-recognition/data/handwritten_external/W001/crops_processed/W001_P007_0070.png,ដោយ,3,True,83,25,49.9464,0.232771,review,transcription_not_human_verified,W001
W001_P007_0071,crops_raw/W001_P007_0071.png,page_007.png,W001,462,434,534,464,យកចិត្ត,យកចិត្ត,0.95,0.95,False,pending,,data/handwritten_external/W001/metadata.csv,1323,/Users/macbookpro/Desktop/Development/khmer-handwritten-word-recognition/data/handwritten_external/W001/crops_processed/W001_P007_0071.png,យកចិត្ត,7,True,72,30,48.735,0.23287,review,transcription_not_human_verified,W001
W001_P007_0072,crops_raw/W001_P007_0072.png,page_007.png,W001,542,439,586,473,ទុកដាក់,ទុកដាក់,0.95,0.95,False,pending,,data/handwritten_external/W001/metadata.csv,1324,/Users/macbookpro/Desktop/Development/khmer-handwritten-word-recognition/data/handwritten_external/W001/crops_processed/W001_P007_0072.png,ទុកដាក់,7,True,44,34,54.851,0.268717,review,transcription_not_human_verified,W001
W001_P007_0073,crops_raw/W001_P007_0073.png,page_007.png,W001,623,434,688,462,និងមាន...,និងមាន...,0.93,0.95,False,pending,,data/handwritten_external/W001/metadata.csv,1325,/Users/macbookpro/Desktop/Development/khmer-handwritten-word-recognition/data/handwritten_external/W001/crops_processed/W001_P007_0073.png,និងមាន...,9,True,65,28,52.8336,0.226923,review,transcription_not_human_verified,W001
W001_P007_0074,crops_raw/W001_P007_0074.png,page_007.png,W001,81,463,201,503,ប្រុងប្រយ័ត្ន,ប្រុងប្រយ័ត្ន,0.94,0.95,False,pending,,data/handwritten_external/W001/metadata.csv,1326,/Users/macbookpro/Desktop/Development/khmer-handwritten-word-recognition/data/handwritten_external/W001/crops_processed/W001_P007_0074.png,ប្រុងប្រយ័ត្ន,13,True,120,40,43.1692,0.190417,review,transcription_not_human_verified,W001
W001_P007_0075,crops_raw/W001_P007_0075.png,page_007.png,W001,194,461,254,493,ជានិច្ច,ជានិច្ច,0.95,0.95,False,pending,,data/handwritten_external/W001/metadata.csv,1327,/Users/macbookpro/Desktop/Development/khmer-handwritten-word-recognition/data/handwritten_external/W001/crops_processed/W001_P007_0075.png,ជានិច្ច,7,True,60,32,47.9819,0.222917,review,transcription_not_human_verified,W001
W001_P007_0076,crops_raw/W001_P007_0076.png,page_007.png,W001,264,464,291,490,។,។,0.97,0.8,True,pending,narrow component,data/handwritten_external/W001/metadata.csv,1328,/Users/macbookpro/Desktop/Development/khmer-handwritten-word-recognition/data/handwritten_external/W001/crops_processed/W001_P007_0076.png,។,1,True,27,26,48.693,0.230769,review,transcription_not_human_verified,W001
W001_P007_0077,crops_raw/W001_P007_0077.png,page_007.png,W001,305,459,380,497,ចៅចិត្រ,ចៅចិត្រ,0.95,0.95,False,pending,,data/handwritten_external/W001/metadata.csv,1329,/Users/macbookpro/Desktop/Development/khmer-handwritten-word-recognition/data/handwritten_external/W001/crops_processed/W001_P007_0077.png,ចៅចិត្រ,7,True,75,38,44.6667,0.201404,review,transcription_not_human_verified,W001
W001_P007_0078,crops_raw/W001_P007_0078.png,page_007.png,W001,374,460,445,498,បានធ្វើ,បានធ្វើ,0.95,0.95,False,pending,,data/handwritten_external/W001/metadata.csv,1330,/Users/macbookpro/Desktop/Development/khmer-handwritten-word-recognition/data/handwritten_external/W001/crops_processed/W001_P007_0078.png,បានធ្វើ,7,True,71,38,45.6162,0.209044,review,transcription_not_human_verified,W001
W001_P007_0079,crops_raw/W001_P007_0079.png,page_007.png,W001,434,458,524,497,អំពើល្អ,អំពើល្អ,0.94,0.95,False,pending,,data/handwritten_external/W001/metadata.csv,1331,/Users/macbookpro/Desktop/Development/khmer-handwritten-word-recognition/data/handwritten_external/W001/crops_processed/W001_P007_0079.png,អំពើល្អ,7,True,90,39,38.6668,0.174644,review,transcription_not_human_verified,W001
W001_P007_0080,crops_raw/W001_P007_0080.png,page_007.png,W001,531,457,624,502,ជាច្រើន,ជាច្រើន,0.94,0.95,False,pending,,data/handwritten_external/W001/metadata.csv,1332,/Users/macbookpro/Desktop/Development/khmer-handwritten-word-recognition/data/handwritten_external/W001/crops_processed/W001_P007_0080.png,ជាច្រើន,7,True,93,45,43.9253,0.188292,review,transcription_not_human_verified,W001
W001_P007_0081,crops_raw/W001_P007_0081.png,page_007.png,W001,612,462,680,496,ដូចជា...,ដូចជា...,0.93,0.95,False,pending,,data/handwritten_external/W001/metadata.csv,1333,/Users/macbookpro/Desktop/Development/khmer-handwritten-word-recognition/data/handwritten_external/W001/crops_processed/W001_P007_0081.png,ដូចជា...,8,True,68,34,46.7575,0.220588,review,transcription_not_human_verified,W001
W001_P007_0082,crops_raw/W001_P007_0082.png,page_007.png,W001,81,492,152,528,ក្នុងការ,ក្នុងការ,0.95,0.95,False,pending,,data/handwritten_external/W001/metadata.csv,1334,/Users/macbookpro/Desktop/Development/khmer-handwritten-word-recognition/data/handwritten_external/W001/crops_processed/W001_P007_0082.png,ក្នុងការ,8,True,71,36,44.4316,0.206964,review,transcription_not_human_verified,W001
W001_P007_0083,crops_raw/W001_P007_0083.png,page_007.png,W001,142,490,200,527,ជួយជីដូន,ជួយជីដូន,0.94,0.95,False,pending,,data/handwritten_external/W001/metadata.csv,1335,/Users/macbookpro/Desktop/Development/khmer-handwritten-word-recognition/data/handwritten_external/W001/crops_processed/W001_P007_0083.png,ជួយជីដូន,8,True,58,37,45.0894,0.2274,review,transcription_not_human_verified,W001
W001_P007_0084,crops_raw/W001_P007_0084.png,page_007.png,W001,188,484,251,517,ចាស់ៗ,ចាស់ៗ,0.95,0.95,False,pending,,data/handwritten_external/W001/metadata.csv,1336,/Users/macbookpro/Desktop/Development/khmer-handwritten-word-recognition/data/handwritten_external/W001/crops_processed/W001_P007_0084.png,ចាស់ៗ,5,True,63,33,44.9509,0.222222,review,transcription_not_human_verified,W001
W001_P007_0085,crops_raw/W001_P007_0085.png,page_007.png,W001,241,486,365,525,ការចេះប្រកាន់,ការចេះប្រកាន់,0.93,0.95,False,pending,,data/handwritten_external/W001/metadata.csv,1337,/Users/macbookpro/Desktop/Development/khmer-handwritten-word-recognition/data/handwritten_external/W001/crops_processed/W001_P007_0085.png,ការចេះប្រកាន់,13,True,124,39,40.2972,0.175352,review,transcription_not_human_verified,W001
W001_P007_0086,crops_raw/W001_P007_0086.png,page_007.png,W001,360,485,439,516,ទស្សនៈ,ទស្សនៈ,0.95,0.95,False,pending,,data/handwritten_external/W001/metadata.csv,1338,/Users/macbookpro/Desktop/Development/khmer-handwritten-word-recognition/data/handwritten_external/W001/crops_processed/W001_P007_0086.png,ទស្សនៈ,6,True,79,31,48.8845,0.265414,review,transcription_not_human_verified,W001
W001_P007_0087,crops_raw/W001_P007_0087.png,page_007.png,W001,432,487,484,527,ឱ្យមាន,ឱ្យមាន,0.95,0.95,False,pending,,data/handwritten_external/W001/metadata.csv,1339,/Users/macbookpro/Desktop/Development/khmer-handwritten-word-recognition/data/handwritten_external/W001/crops_processed/W001_P007_0087.png,ឱ្យមាន,6,True,52,40,49.9699,0.242308,review,transcription_not_human_verified,W001
W001_P007_0088,crops_raw/W001_P007_0088.png,page_007.png,W001,478,483,546,514,សីលធម៌,សីលធម៌,0.94,0.95,False,pending,,data/handwritten_external/W001/metadata.csv,1340,/Users/macbookpro/Desktop/Development/khmer-handwritten-word-recognition/data/handwritten_external/W001/crops_processed/W001_P007_0088.png,សីលធម៌,6,True,68,31,51.1721,0.220114,review,transcription_not_human_verified,W001
W001_P007_0089,crops_raw/W001_P007_0089.png,page_007.png,W001,535,480,684,524,បានរៀនដឹងឮ...,បានរៀនដឹងឮ...,0.92,0.95,False,pending,,data/handwritten_external/W001/metadata.csv,1341,/Users/macbookpro/Desktop/Development/khmer-handwritten-word-recognition/data/handwritten_external/W001/crops_processed/W001_P007_0089.png,បានរៀនដឹងឮ...,13,True,149,44,53.1386,0.268761,review,transcription_not_human_verified,W001
W001_P007_0090,crops_raw/W001_P007_0090.png,page_007.png,W001,81,518,148,543,លោកហ្លួង,លោកហ្លួង,0.94,0.95,False,pending,,data/handwritten_external/W001/metadata.csv,1342,/Users/macbookpro/Desktop/Development/khmer-handwritten-word-recognition/data/handwritten_external/W001/crops_processed/W001_P007_0090.png,លោកហ្លួង,8,True,67,25,54.9074,0.272836,review,transcription_not_human_verified,W001
W001_P007_0091,crops_raw/W001_P007_0091.png,page_007.png,W001,172,516,229,543,រតនៈ,រតនៈ,0.95,0.95,False,pending,,data/handwritten_external/W001/metadata.csv,1343,/Users/macbookpro/Desktop/Development/khmer-handwritten-word-recognition/data/handwritten_external/W001/crops_processed/W001_P007_0091.png,រតនៈ,4,True,57,27,52.8197,0.243665,review,transcription_not_human_verified,W001
W001_P007_0092,crops_raw/W001_P007_0092.png,page_007.png,W001,218,512,298,549,សម្បត្តិ,សម្បត្តិ,0.95,0.95,False,pending,,data/handwritten_external/W001/metadata.csv,1344,/Users/macbookpro/Desktop/Development/khmer-handwritten-word-recognition/data/handwritten_external/W001/crops_processed/W001_P007_0092.png,សម្បត្តិ,8,True,80,37,39.9599,0.196622,review,transcription_not_human_verified,W001
W001_P007_0093,crops_raw/W001_P007_0093.png,page_007.png,W001,294,508,366,553,ក៏ដូចជា,ក៏ដូចជា,0.94,0.85,False,pending,,data/handwritten_external/W001/metadata.csv,1345,/Users/macbookpro/Desktop/Development/khmer-handwritten-word-recognition/data/handwritten_external/W001/crops_processed/W001_P007_0093.png,ក៏ដូចជា,7,True,72,45,36.9648,0.208025,review,transcription_not_human_verified,W001
W001_P007_0094,crops_raw/W001_P007_0094.png,page_007.png,W001,353,508,441,541,ការការពារ,ការការពារ,0.94,0.85,False,pending,,data/handwritten_external/W001/metadata.csv,1346,/Users/macbookpro/Desktop/Development/khmer-handwritten-word-recognition/data/handwritten_external/W001/crops_processed/W001_P007_0094.png,ការការពារ,9,True,88,33,38.6889,0.169766,review,transcription_not_human_verified,W001
W001_P007_0095,crops_raw/W001_P007_0095.png,page_007.png,W001,429,515,481,541,នាង,នាង,0.96,0.95,False,pending,,data/handwritten_external/W001/metadata.csv,1347,/Users/macbookpro/Desktop/Development/khmer-handwritten-word-recognition/data/handwritten_external/W001/crops_processed/W001_P007_0095.png,នាង,3,True,52,26,55.4019,0.301036,review,transcription_not_human_verified,W001
W001_P007_0096,crops_raw/W001_P007_0096.png,page_007.png,W001,469,508,554,557,ឃុននារី...,ឃុននារី...,0.93,0.95,False,pending,,data/handwritten_external/W001/metadata.csv,1348,/Users/macbookpro/Desktop/Development/khmer-handwritten-word-recognition/data/handwritten_external/W001/crops_processed/W001_P007_0096.png,ឃុននារី...,10,True,85,49,46.8168,0.22521,review,transcription_not_human_verified,W001
W001_P007_0097,crops_raw/W001_P007_0097.png,page_007.png,W001,544,516,568,539,។,។,0.97,0.8,True,pending,narrow component,data/handwritten_external/W001/metadata.csv,1349,/Users/macbookpro/Desktop/Development/khmer-handwritten-word-recognition/data/handwritten_external/W001/crops_processed/W001_P007_0097.png,។,1,True,24,23,49.1323,0.275362,review,transcription_not_human_verified,W001
W001_P007_0098,crops_raw/W001_P007_0098.png,page_007.png,W001,577,512,628,539,ចៅ,ចៅ,0.96,0.95,False,pending,,data/handwritten_external/W001/metadata.csv,1350,/Users/macbookpro/Desktop/Development/khmer-handwritten-word-recognition/data/handwritten_external/W001/crops_processed/W001_P007_0098.png,ចៅ,2,True,51,27,57.4621,0.282498,review,transcription_not_human_verified,W001
W001_P007_0099,crops_raw/W001_P007_0099.png,page_007.png,W001,648,515,688,545,ចិត្របាន...,ចិត្របាន...,0.93,0.95,False,pending,,data/handwritten_external/W001/metadata.csv,1351,/Users/macbookpro/Desktop/Development/khmer-handwritten-word-recognition/data/handwritten_external/W001/crops_processed/W001_P007_0099.png,ចិត្របាន...,11,True,40,30,59.1857,0.284167,review,transcription_not_human_verified,W001
W001_P007_0100,crops_raw/W001_P007_0100.png,page_007.png,W001,81,542,135,579,ចេញខ្លួន,ចេញខ្លួន,0.94,0.95,False,pending,,data/handwritten_external/W001/metadata.csv,1352,/Users/macbookpro/Desktop/Development/khmer-handwritten-word-recognition/data/handwritten_external/W001/crops_processed/W001_P007_0100.png,ចេញខ្លួន,8,True,54,37,55.718,0.31031,review,transcription_not_human_verified,W001
W001_P007_0101,crops_raw/W001_P007_0101.png,page_007.png,W001,153,532,366,576,ទៅជួយជំនួសនាង,ទៅជួយជំនួសនាង,0.92,0.95,False,pending,,data/handwritten_external/W001/metadata.csv,1353,/Users/macbookpro/Desktop/Development/khmer-handwritten-word-recognition/data/handwritten_external/W001/crops_processed/W001_P007_0101.png,ទៅជួយជំនួសនាង,13,True,213,44,53.245,0.272834,review,transcription_not_human_verified,W001
W001_P007_0102,crops_raw/W001_P007_0102.png,page_007.png,W001,371,535,481,567,ដោយមិន,ដោយមិន,0.95,0.95,False,pending,,data/handwritten_external/W001/metadata.csv,1354,/Users/macbookpro/Desktop/Development/khmer-handwritten-word-recognition/data/handwritten_external/W001/crops_processed/W001_P007_0102.png,ដោយមិន,6,True,110,32,33.1934,0.134091,review,transcription_not_human_verified,W001
W001_P007_0103,crops_raw/W001_P007_0103.png,page_007.png,W001,474,540,521,566,គិត,គិត,0.96,0.95,False,pending,,data/handwritten_external/W001/metadata.csv,1355,/Users/macbookpro/Desktop/Development/khmer-handwritten-word-recognition/data/handwritten_external/W001/crops_processed/W001_P007_0103.png,គិត,3,True,47,26,61.7438,0.311784,review,transcription_not_human_verified,W001
W001_P007_0104,crops_raw/W001_P007_0104.png,page_007.png,W001,509,534,611,580,ពីជីវិតខ្លួន,ពីជីវិតខ្លួន,0.94,0.95,False,pending,,data/handwritten_external/W001/metadata.csv,1356,/Users/macbookpro/Desktop/Development/khmer-handwritten-word-recognition/data/handwritten_external/W001/crops_processed/W001_P007_0104.png,ពីជីវិតខ្លួន,12,True,102,46,50.4741,0.245524,review,transcription_not_human_verified,W001
W001_P007_0105,crops_raw/W001_P007_0105.png,page_007.png,W001,600,541,641,564,ឡើយ,ឡើយ,0.95,0.8,True,pending,narrow component,data/handwritten_external/W001/metadata.csv,1357,/Users/macbookpro/Desktop/Development/khmer-handwritten-word-recognition/data/handwritten_external/W001/crops_processed/W001_P007_0105.png,ឡើយ,3,True,41,23,64.4064,0.478261,review,transcription_not_human_verified,W001
W001_P007_0106,crops_raw/W001_P007_0106.png,page_007.png,W001,635,540,673,563,នោះ...,នោះ...,0.93,0.8,True,pending,narrow component,data/handwritten_external/W001/metadata.csv,1358,/Users/macbookpro/Desktop/Development/khmer-handwritten-word-recognition/data/handwritten_external/W001/crops_processed/W001_P007_0106.png,នោះ...,6,True,38,23,62.2509,0.393593,review,transcription_not_human_verified,W001
W001_P007_0107,crops_raw/W001_P007_0107.png,page_007.png,W001,666,540,688,565,។,។,0.97,0.8,True,pending,narrow component,data/handwritten_external/W001/metadata.csv,1359,/Users/macbookpro/Desktop/Development/khmer-handwritten-word-recognition/data/handwritten_external/W001/crops_processed/W001_P007_0107.png,។,1,True,22,25,50.863,0.294545,review,transcription_not_human_verified,W001
W001_P007_0108,crops_raw/W001_P007_0108.png,page_007.png,W001,81,570,122,594,នេះ,នេះ,0.96,0.95,False,pending,,data/handwritten_external/W001/metadata.csv,1360,/Users/macbookpro/Desktop/Development/khmer-handwritten-word-recognition/data/handwritten_external/W001/crops_processed/W001_P007_0108.png,នេះ,3,True,41,24,60.5085,0.35874,review,transcription_not_human_verified,W001
W001_P007_0110,crops_raw/W001_P007_0110.png,page_007.png,W001,546,559,581,590,ដែលចេញ,ដែលចេញ,0.94,0.95,False,pending,,data/handwritten_external/W001/metadata.csv,1362,/Users/macbookpro/Desktop/Development/khmer-handwritten-word-recognition/data/handwritten_external/W001/crops_processed/W001_P007_0110.png,ដែលចេញ,6,True,35,31,56.9627,0.318894,review,transcription_not_human_verified,W001
W001_P007_0111,crops_raw/W001_P007_0111.png,page_007.png,W001,577,566,608,590,ពី,ពី,0.96,0.8,True,pending,narrow component,data/handwritten_external/W001/metadata.csv,1363,/Users/macbookpro/Desktop/Development/khmer-handwritten-word-recognition/data/handwritten_external/W001/crops_processed/W001_P007_0111.png,ពី,2,True,31,24,67.1205,0.46371,review,transcription_not_human_verified,W001
W001_P007_0112,crops_raw/W001_P007_0112.png,page_007.png,W001,640,564,687,609,ចិត្ត...,ចិត្ត...,0.93,0.95,False,pending,,data/handwritten_external/W001/metadata.csv,1364,/Users/macbookpro/Desktop/Development/khmer-handwritten-word-recognition/data/handwritten_external/W001/crops_processed/W001_P007_0112.png,ចិត្ត...,8,True,47,45,58.0,0.304019,review,transcription_not_human_verified,W001
W001_P007_0113,crops_raw/W001_P007_0113.png,page_007.png,W001,81,594,137,630,ការជួយអ្នកដទៃ...,ការជួយអ្នកដទៃ...,0.93,0.95,False,pending,,data/handwritten_external/W001/metadata.csv,1365,/Users/macbookpro/Desktop/Development/khmer-handwritten-word-recognition/data/handwritten_external/W001/crops_processed/W001_P007_0113.png,ការជួយអ្នកដទៃ...,16,True,56,36,47.4594,0.201885,review,transcription_not_human_verified,W001
W001_P007_0114,crops_raw/W001_P007_0114.png,page_007.png,W001,127,588,252,631,។,។,0.97,0.95,False,pending,,data/handwritten_external/W001/metadata.csv,1366,/Users/macbookpro/Desktop/Development/khmer-handwritten-word-recognition/data/handwritten_external/W001/crops_processed/W001_P007_0114.png,។,1,True,125,43,46.7046,0.228465,review,transcription_not_human_verified,W001
W001_P007_0115,crops_raw/W001_P007_0115.png,page_007.png,W001,259,595,285,619,មួយវិញទៀត,មួយវិញទៀត,0.94,0.8,True,pending,narrow component,data/handwritten_external/W001/metadata.csv,1367,/Users/macbookpro/Desktop/Development/khmer-handwritten-word-recognition/data/handwritten_external/W001/crops_processed/W001_P007_0115.png,មួយវិញទៀត,9,True,26,24,48.6954,0.298077,review,transcription_not_human_verified,W001
W001_P007_0116,crops_raw/W001_P007_0116.png,page_007.png,W001,289,588,396,632,គឺមានការត្រួតត្រា,គឺមានការត្រួតត្រា,0.92,0.95,False,pending,,data/handwritten_external/W001/metadata.csv,1368,/Users/macbookpro/Desktop/Development/khmer-handwritten-word-recognition/data/handwritten_external/W001/crops_processed/W001_P007_0116.png,គឺមានការត្រួតត្រា,17,True,107,44,51.8649,0.264231,review,transcription_not_human_verified,W001
W001_P007_0117,crops_raw/W001_P007_0117.png,page_007.png,W001,385,586,432,623,ក្នុងសីលធម៌,ក្នុងសីលធម៌,0.94,0.95,False,pending,,data/handwritten_external/W001/metadata.csv,1369,/Users/macbookpro/Desktop/Development/khmer-handwritten-word-recognition/data/handwritten_external/W001/crops_processed/W001_P007_0117.png,ក្នុងសីលធម៌,11,True,47,37,54.7553,0.280046,review,transcription_not_human_verified,W001
W001_P007_0121,crops_raw/W001_P007_0121.png,page_007.png,W001,81,610,340,658,ក្លាយជាអ្នក...,ក្លាយជាអ្នក...,0.92,0.95,False,pending,,data/handwritten_external/W001/metadata.csv,1373,/Users/macbookpro/Desktop/Development/khmer-handwritten-word-recognition/data/handwritten_external/W001/crops_processed/W001_P007_0121.png,ក្លាយជាអ្នក...,14,True,259,48,55.3046,0.287886,review,transcription_not_human_verified,W001
W001_P007_0122,crops_raw/W001_P007_0122.png,page_007.png,W001,332,609,414,643,ដែលជាបន្ទុកលោកហ្លួង,ដែលជាបន្ទុកលោកហ្លួង,0.92,0.95,False,pending,,data/handwritten_external/W001/metadata.csv,1374,/Users/macbookpro/Desktop/Development/khmer-handwritten-word-recognition/data/handwritten_external/W001/crops_processed/W001_P007_0122.png,ដែលជាបន្ទុកលោកហ្លួង,19,True,82,34,51.3502,0.262195,review,transcription_not_human_verified,W001
W001_P007_0123,crops_raw/W001_P007_0123.png,page_007.png,W001,404,618,448,651,រតនៈ,រតនៈ,0.95,0.95,False,pending,,data/handwritten_external/W001/metadata.csv,1375,/Users/macbookpro/Desktop/Development/khmer-handwritten-word-recognition/data/handwritten_external/W001/crops_processed/W001_P007_0123.png,រតនៈ,4,True,44,33,51.2234,0.23416,review,transcription_not_human_verified,W001
W001_P007_0124,crops_raw/W001_P007_0124.png,page_007.png,W001,436,611,556,670,សម្បត្តិ...,សម្បត្តិ...,0.94,0.95,False,pending,,data/handwritten_external/W001/metadata.csv,1376,/Users/macbookpro/Desktop/Development/khmer-handwritten-word-recognition/data/handwritten_external/W001/crops_processed/W001_P007_0124.png,សម្បត្តិ...,11,True,120,59,57.2466,0.287994,review,transcription_not_human_verified,W001
W001_P007_0125,crops_raw/W001_P007_0125.png,page_007.png,W001,551,608,687,652,។,។,0.97,0.95,False,pending,,data/handwritten_external/W001/metadata.csv,1377,/Users/macbookpro/Desktop/Development/khmer-handwritten-word-recognition/data/handwritten_external/W001/crops_processed/W001_P007_0125.png,។,1,True,136,44,49.3137,0.215408,review,transcription_not_human_verified,W001
W001_P007_0126,crops_raw/W001_P007_0126.png,page_007.png,W001,81,646,124,669,ការធ្វើ,ការធ្វើ,0.95,0.8,True,pending,narrow component,data/handwritten_external/W001/metadata.csv,1378,/Users/macbookpro/Desktop/Development/khmer-handwritten-word-recognition/data/handwritten_external/W001/crops_processed/W001_P007_0126.png,ការធ្វើ,7,True,43,23,58.0333,0.410516,review,transcription_not_human_verified,W001
W001_P007_0127,crops_raw/W001_P007_0127.png,page_007.png,W001,112,640,154,670,អំពើល្អ,អំពើល្អ,0.95,0.95,False,pending,,data/handwritten_external/W001/metadata.csv,1379,/Users/macbookpro/Desktop/Development/khmer-handwritten-word-recognition/data/handwritten_external/W001/crops_processed/W001_P007_0127.png,អំពើល្អ,7,True,42,30,57.7911,0.275397,review,transcription_not_human_verified,W001
W001_P007_0128,crops_raw/W001_P007_0128.png,page_007.png,W001,148,640,234,678,នាំបង្កើត,នាំបង្កើត,0.94,0.95,False,pending,,data/handwritten_external/W001/metadata.csv,1380,/Users/macbookpro/Desktop/Development/khmer-handwritten-word-recognition/data/handwritten_external/W001/crops_processed/W001_P007_0128.png,នាំបង្កើត,9,True,86,38,41.4928,0.152081,review,transcription_not_human_verified,W001
W001_P007_0129,crops_raw/W001_P007_0129.png,page_007.png,W001,229,643,365,681,សីលធម៌...,សីលធម៌...,0.93,0.95,False,pending,,data/handwritten_external/W001/metadata.csv,1381,/Users/macbookpro/Desktop/Development/khmer-handwritten-word-recognition/data/handwritten_external/W001/crops_processed/W001_P007_0129.png,សីលធម៌...,9,True,136,38,51.0834,0.265286,review,transcription_not_human_verified,W001
W001_P007_0130,crops_raw/W001_P007_0130.png,page_007.png,W001,354,645,394,679,ការងារល្អ,ការងារល្អ,0.94,0.95,False,pending,,data/handwritten_external/W001/metadata.csv,1382,/Users/macbookpro/Desktop/Development/khmer-handwritten-word-recognition/data/handwritten_external/W001/crops_processed/W001_P007_0130.png,ការងារល្អ,9,True,40,34,50.3903,0.242647,review,transcription_not_human_verified,W001
W001_P007_0131,crops_raw/W001_P007_0131.png,page_007.png,W001,398,644,447,670,ជីវិត,ជីវិត,0.95,0.95,False,pending,,data/handwritten_external/W001/metadata.csv,1383,/Users/macbookpro/Desktop/Development/khmer-handwritten-word-recognition/data/handwritten_external/W001/crops_processed/W001_P007_0131.png,ជីវិត,5,True,49,26,54.5919,0.248038,review,transcription_not_human_verified,W001
W001_P007_0132,crops_raw/W001_P007_0132.png,page_007.png,W001,435,636,518,693,ជោគជ័យ,ជោគជ័យ,0.94,0.95,False,pending,,data/handwritten_external/W001/metadata.csv,1384,/Users/macbookpro/Desktop/Development/khmer-handwritten-word-recognition/data/handwritten_external/W001/crops_processed/W001_P007_0132.png,ជោគជ័យ,6,True,83,57,53.644,0.240541,review,transcription_not_human_verified,W001
W001_P007_0134,crops_raw/W001_P007_0134.png,page_007.png,W001,602,643,628,669,។,។,0.97,0.8,True,pending,narrow component,data/handwritten_external/W001/metadata.csv,1386,/Users/macbookpro/Desktop/Development/khmer-handwritten-word-recognition/data/handwritten_external/W001/crops_processed/W001_P007_0134.png,។,1,True,26,26,53.1707,0.245562,review,transcription_not_human_verified,W001
W001_P007_0135,crops_raw/W001_P007_0135.png,page_007.png,W001,121,660,149,682,សរុបសេចក្តីមក,សរុបសេចក្តីមក,0.93,0.8,True,pending,narrow component,data/handwritten_external/W001/metadata.csv,1387,/Users/macbookpro/Desktop/Development/khmer-handwritten-word-recognition/data/handwritten_external/W001/crops_processed/W001_P007_0135.png,សរុបសេចក្តីមក,13,True,28,22,58.479,0.297078,review,transcription_not_human_verified,W001
W001_P007_0136,crops_raw/W001_P007_0136.png,page_007.png,W001,148,673,186,695,យើង,យើង,0.96,0.8,True,pending,narrow component,data/handwritten_external/W001/metadata.csv,1388,/Users/macbookpro/Desktop/Development/khmer-handwritten-word-recognition/data/handwritten_external/W001/crops_processed/W001_P007_0136.png,យើង,3,True,38,22,62.8604,0.369617,review,transcription_not_human_verified,W001
W001_P007_0137,crops_raw/W001_P007_0137.png,page_007.png,W001,181,663,312,707,អាចដឹងបានថា,អាចដឹងបានថា,0.93,0.95,False,pending,,data/handwritten_external/W001/metadata.csv,1389,/Users/macbookpro/Desktop/Development/khmer-handwritten-word-recognition/data/handwritten_external/W001/crops_processed/W001_P007_0137.png,អាចដឹងបានថា,11,True,131,44,52.581,0.249306,review,transcription_not_human_verified,W001
W001_P007_0138,crops_raw/W001_P007_0138.png,page_007.png,W001,305,663,373,695,ទ្រឹស្តី,ទ្រឹស្តី,0.95,0.95,False,pending,,data/handwritten_external/W001/metadata.csv,1390,/Users/macbookpro/Desktop/Development/khmer-handwritten-word-recognition/data/handwritten_external/W001/crops_processed/W001_P007_0138.png,ទ្រឹស្តី,8,True,68,32,50.9078,0.203125,review,transcription_not_human_verified,W001
W001_P007_0139,crops_raw/W001_P007_0139.png,page_007.png,W001,362,661,499,702,ព្រះពុទ្ធ,ព្រះពុទ្ធ,0.95,0.95,False,pending,,data/handwritten_external/W001/metadata.csv,1391,/Users/macbookpro/Desktop/Development/khmer-handwritten-word-recognition/data/handwritten_external/W001/crops_processed/W001_P007_0139.png,ព្រះពុទ្ធ,9,True,137,41,52.7264,0.242478,review,transcription_not_human_verified,W001
W001_P007_0140,crops_raw/W001_P007_0140.png,page_007.png,W001,502,660,609,704,សាសនា,សាសនា,0.95,0.95,False,pending,,data/handwritten_external/W001/metadata.csv,1392,/Users/macbookpro/Desktop/Development/khmer-handwritten-word-recognition/data/handwritten_external/W001/crops_processed/W001_P007_0140.png,សាសនា,5,True,107,44,54.7767,0.269329,review,transcription_not_human_verified,W001
W001_P007_0142,crops_raw/W001_P007_0142.png,page_007.png,W001,81,673,204,721,ដែលកាលពី,ដែលកាលពី,0.94,0.85,False,pending,,data/handwritten_external/W001/metadata.csv,1394,/Users/macbookpro/Desktop/Development/khmer-handwritten-word-recognition/data/handwritten_external/W001/crops_processed/W001_P007_0142.png,ដែលកាលពី,8,True,123,48,48.681,0.213076,review,transcription_not_human_verified,W001
W001_P007_0143,crops_raw/W001_P007_0143.png,page_007.png,W001,263,689,422,745,បុព្វបុរស,បុព្វបុរស,0.94,0.85,False,pending,,data/handwritten_external/W001/metadata.csv,1395,/Users/macbookpro/Desktop/Development/khmer-handwritten-word-recognition/data/handwritten_external/W001/crops_processed/W001_P007_0143.png,បុព្វបុរស,9,True,159,56,60.3546,0.310759,review,transcription_not_human_verified,W001
W001_P007_0144,crops_raw/W001_P007_0144.png,page_007.png,W001,413,683,467,718,បានធ្វើឱ្យមានវប្បធម៌,បានធ្វើឱ្យមានវប្បធម៌,0.92,0.85,False,pending,,data/handwritten_external/W001/metadata.csv,1396,/Users/macbookpro/Desktop/Development/khmer-handwritten-word-recognition/data/handwritten_external/W001/crops_processed/W001_P007_0144.png,បានធ្វើឱ្យមានវប្បធម៌,20,True,54,35,60.4702,0.328042,review,transcription_not_human_verified,W001
W001_P007_0145,crops_raw/W001_P007_0145.png,page_007.png,W001,456,686,688,742,សន្តិភាព...,សន្តិភាព...,0.93,0.85,False,pending,,data/handwritten_external/W001/metadata.csv,1397,/Users/macbookpro/Desktop/Development/khmer-handwritten-word-recognition/data/handwritten_external/W001/crops_processed/W001_P007_0145.png,សន្តិភាព...,11,True,232,56,59.3607,0.302648,review,transcription_not_human_verified,W001
W001_P007_0146,crops_raw/W001_P007_0146.png,page_007.png,W001,81,712,162,756,ឡើយ,ឡើយ,0.95,0.95,False,pending,,data/handwritten_external/W001/metadata.csv,1398,/Users/macbookpro/Desktop/Development/khmer-handwritten-word-recognition/data/handwritten_external/W001/crops_processed/W001_P007_0146.png,ឡើយ,3,True,81,44,41.2918,0.171437,review,transcription_not_human_verified,W001
W001_P007_0147,crops_raw/W001_P007_0147.png,page_007.png,W001,164,695,323,755,ដោយសារ,ដោយសារ,0.95,0.95,False,pending,,data/handwritten_external/W001/metadata.csv,1399,/Users/macbookpro/Desktop/Development/khmer-handwritten-word-recognition/data/handwritten_external/W001/crops_processed/W001_P007_0147.png,ដោយសារ,6,True,159,60,60.9845,0.318029,review,transcription_not_human_verified,W001
W001_P007_0148,crops_raw/W001_P007_0148.png,page_007.png,W001,322,714,381,755,តែពុទ្ធសាសនា,តែពុទ្ធសាសនា,0.93,0.95,False,pending,,data/handwritten_external/W001/metadata.csv,1400,/Users/macbookpro/Desktop/Development/khmer-handwritten-word-recognition/data/handwritten_external/W001/crops_processed/W001_P007_0148.png,តែពុទ្ធសាសនា,12,True,59,41,55.0382,0.301778,review,transcription_not_human_verified,W001
W001_P007_0149,crops_raw/W001_P007_0149.png,page_007.png,W001,373,696,453,756,បានធ្វើឱ្យ,បានធ្វើឱ្យ,0.94,0.95,False,pending,,data/handwritten_external/W001/metadata.csv,1401,/Users/macbookpro/Desktop/Development/khmer-handwritten-word-recognition/data/handwritten_external/W001/crops_processed/W001_P007_0149.png,បានធ្វើឱ្យ,10,True,80,60,51.9719,0.250417,review,transcription_not_human_verified,W001
W001_P007_0150,crops_raw/W001_P007_0150.png,page_007.png,W001,441,719,467,742,ជាតិខ្មែរ,ជាតិខ្មែរ,0.94,0.8,True,pending,narrow component,data/handwritten_external/W001/metadata.csv,1402,/Users/macbookpro/Desktop/Development/khmer-handwritten-word-recognition/data/handwritten_external/W001/crops_processed/W001_P007_0150.png,ជាតិខ្មែរ,9,True,26,23,58.1176,0.409699,review,transcription_not_human_verified,W001
W001_P007_0151,crops_raw/W001_P007_0151.png,page_007.png,W001,459,718,506,744,មានសេចក្តីសុខ...,មានសេចក្តីសុខ...,0.92,0.95,False,pending,,data/handwritten_external/W001/metadata.csv,1403,/Users/macbookpro/Desktop/Development/khmer-handwritten-word-recognition/data/handwritten_external/W001/crops_processed/W001_P007_0151.png,មានសេចក្តីសុខ...,16,True,47,26,56.8436,0.279869,review,transcription_not_human_verified,W001
W001_P007_0152,crops_raw/W001_P007_0152.png,page_007.png,W001,556,712,636,755,ជីវិត,ជីវិត,0.95,0.95,False,pending,,data/handwritten_external/W001/metadata.csv,1404,/Users/macbookpro/Desktop/Development/khmer-handwritten-word-recognition/data/handwritten_external/W001/crops_processed/W001_P007_0152.png,ជីវិត,5,True,80,43,45.7523,0.225291,review,transcription_not_human_verified,W001
W001_P007_0154,crops_raw/W001_P007_0154.png,page_007.png,W001,82,746,132,773,មានការរីកចម្រើន...,មានការរីកចម្រើន...,0.92,0.95,False,pending,,data/handwritten_external/W001/metadata.csv,1406,/Users/macbookpro/Desktop/Development/khmer-handwritten-word-recognition/data/handwritten_external/W001/crops_processed/W001_P007_0154.png,មានការរីកចម្រើន...,18,True,50,27,53.1142,0.263704,review,transcription_not_human_verified,W001
W001_P007_0155,crops_raw/W001_P007_0155.png,page_007.png,W001,122,739,253,778,ដែលកាលពី,ដែលកាលពី,0.94,0.95,False,pending,,data/handwritten_external/W001/metadata.csv,1407,/Users/macbookpro/Desktop/Development/khmer-handwritten-word-recognition/data/handwritten_external/W001/crops_processed/W001_P007_0155.png,ដែលកាលពី,8,True,131,39,48.2641,0.193384,review,transcription_not_human_verified,W001
W001_P007_0156,crops_raw/W001_P007_0156.png,page_007.png,W001,266,736,356,769,សម័យសិល្បៈ...,សម័យសិល្បៈ...,0.93,0.95,False,pending,,data/handwritten_external/W001/metadata.csv,1408,/Users/macbookpro/Desktop/Development/khmer-handwritten-word-recognition/data/handwritten_external/W001/crops_processed/W001_P007_0156.png,សម័យសិល្បៈ...,13,True,90,33,47.5547,0.217845,review,transcription_not_human_verified,W001
W001_P007_0157,crops_raw/W001_P007_0157.png,page_007.png,W001,345,739,397,768,ដោយព្រះពុទ្ធ...,ដោយព្រះពុទ្ធ...,0.93,0.95,False,pending,,data/handwritten_external/W001/metadata.csv,1409,/Users/macbookpro/Desktop/Development/khmer-handwritten-word-recognition/data/handwritten_external/W001/crops_processed/W001_P007_0157.png,ដោយព្រះពុទ្ធ...,15,True,52,29,55.8479,0.301724,review,transcription_not_human_verified,W001
W001_P007_0158,crops_raw/W001_P007_0158.png,page_007.png,W001,416,736,521,770,បាន,បាន,0.96,0.95,False,pending,,data/handwritten_external/W001/metadata.csv,1410,/Users/macbookpro/Desktop/Development/khmer-handwritten-word-recognition/data/handwritten_external/W001/crops_processed/W001_P007_0158.png,បាន,3,True,105,34,47.8615,0.198039,review,transcription_not_human_verified,W001
W001_P007_0159,crops_raw/W001_P007_0159.png,page_007.png,W001,519,740,591,768,កសាង,កសាង,0.95,0.95,False,pending,,data/handwritten_external/W001/metadata.csv,1411,/Users/macbookpro/Desktop/Development/khmer-handwritten-word-recognition/data/handwritten_external/W001/crops_processed/W001_P007_0159.png,កសាង,4,True,72,28,56.5094,0.256448,review,transcription_not_human_verified,W001
W001_P007_0162,crops_raw/W001_P007_0162.png,page_007.png,W001,81,772,113,794,កសាងសិល្បៈ,កសាងសិល្បៈ,0.93,0.8,True,pending,narrow component,data/handwritten_external/W001/metadata.csv,1414,/Users/macbookpro/Desktop/Development/khmer-handwritten-word-recognition/data/handwritten_external/W001/crops_processed/W001_P007_0162.png,កសាងសិល្បៈ,10,True,32,22,61.5207,0.356534,review,transcription_not_human_verified,W001
W001_P007_0163,crops_raw/W001_P007_0163.png,page_007.png,W001,102,761,263,803,ព្រះពុទ្ធ...,ព្រះពុទ្ធ...,0.94,0.95,False,pending,,data/handwritten_external/W001/metadata.csv,1415,/Users/macbookpro/Desktop/Development/khmer-handwritten-word-recognition/data/handwritten_external/W001/crops_processed/W001_P007_0163.png,ព្រះពុទ្ធ...,12,True,161,42,54.98,0.251109,review,transcription_not_human_verified,W001
W001_P007_0164,crops_raw/W001_P007_0164.png,page_007.png,W001,252,772,300,807,ជាច្រើន...,ជាច្រើន...,0.93,0.95,False,pending,,data/handwritten_external/W001/metadata.csv,1416,/Users/macbookpro/Desktop/Development/khmer-handwritten-word-recognition/data/handwritten_external/W001/crops_processed/W001_P007_0164.png,ជាច្រើន...,10,True,48,35,50.9262,0.225,review,transcription_not_human_verified,W001
W001_P007_0165,crops_raw/W001_P007_0165.png,page_007.png,W001,306,766,360,805,ឱ្យមនុស្សមាន,ឱ្យមនុស្សមាន,0.93,0.95,False,pending,,data/handwritten_external/W001/metadata.csv,1417,/Users/macbookpro/Desktop/Development/khmer-handwritten-word-recognition/data/handwritten_external/W001/crops_processed/W001_P007_0165.png,ឱ្យមនុស្សមាន,12,True,54,39,51.5791,0.210351,review,transcription_not_human_verified,W001
W001_P007_0166,crops_raw/W001_P007_0166.png,page_007.png,W001,348,744,548,808,សេចក្តី,សេចក្តី,0.95,0.95,False,pending,,data/handwritten_external/W001/metadata.csv,1418,/Users/macbookpro/Desktop/Development/khmer-handwritten-word-recognition/data/handwritten_external/W001/crops_processed/W001_P007_0166.png,សេចក្តី,7,True,200,64,55.8956,0.255859,review,transcription_not_human_verified,W001
W001_P007_0167,crops_raw/W001_P007_0167.png,page_007.png,W001,545,762,622,802,សុខសាន្ត,សុខសាន្ត,0.94,0.95,False,pending,,data/handwritten_external/W001/metadata.csv,1419,/Users/macbookpro/Desktop/Development/khmer-handwritten-word-recognition/data/handwritten_external/W001/crops_processed/W001_P007_0167.png,សុខសាន្ត,8,True,77,40,44.8744,0.191558,review,transcription_not_human_verified,W001
W001_P007_0169,crops_raw/W001_P007_0169.png,page_007.png,W001,81,784,197,828,បានច្រើន...,បានច្រើន...,0.93,0.95,False,pending,,data/handwritten_external/W001/metadata.csv,1421,/Users/macbookpro/Desktop/Development/khmer-handwritten-word-recognition/data/handwritten_external/W001/crops_processed/W001_P007_0169.png,បានច្រើន...,11,True,116,44,49.5121,0.190047,review,transcription_not_human_verified,W001
W001_P007_0170,crops_raw/W001_P007_0170.png,page_007.png,W001,186,798,217,823,។,។,0.97,0.8,True,pending,narrow component,data/handwritten_external/W001/metadata.csv,1422,/Users/macbookpro/Desktop/Development/khmer-handwritten-word-recognition/data/handwritten_external/W001/crops_processed/W001_P007_0170.png,។,1,True,31,25,46.0745,0.230968,review,transcription_not_human_verified,W001
W001_P007_0171,crops_raw/W001_P007_0171.png,page_007.png,W001,151,817,354,852,ដូចគ្នាតាមការបកស្រាយ,ដូចគ្នាតាមការបកស្រាយ,0.92,0.95,False,pending,,data/handwritten_external/W001/metadata.csv,1423,/Users/macbookpro/Desktop/Development/khmer-handwritten-word-recognition/data/handwritten_external/W001/crops_processed/W001_P007_0171.png,ដូចគ្នាតាមការបកស្រាយ,20,True,203,35,48.8986,0.216045,review,transcription_not_human_verified,W001
W001_P007_0172,crops_raw/W001_P007_0172.png,page_007.png,W001,343,819,423,868,ខាងលើ,ខាងលើ,0.95,0.95,False,pending,,data/handwritten_external/W001/metadata.csv,1424,/Users/macbookpro/Desktop/Development/khmer-handwritten-word-recognition/data/handwritten_external/W001/crops_processed/W001_P007_0172.png,ខាងលើ,5,True,80,49,44.223,0.203061,review,transcription_not_human_verified,W001
W001_P007_0173,crops_raw/W001_P007_0173.png,page_007.png,W001,415,817,489,852,ប្រធានខាងលើ,ប្រធានខាងលើ,0.93,0.95,False,pending,,data/handwritten_external/W001/metadata.csv,1425,/Users/macbookpro/Desktop/Development/khmer-handwritten-word-recognition/data/handwritten_external/W001/crops_processed/W001_P007_0173.png,ប្រធានខាងលើ,11,True,74,35,45.9274,0.206178,review,transcription_not_human_verified,W001
W001_P007_0174,crops_raw/W001_P007_0174.png,page_007.png,W001,477,810,568,853,ដូចនេះ,ដូចនេះ,0.95,0.95,False,pending,,data/handwritten_external/W001/metadata.csv,1426,/Users/macbookpro/Desktop/Development/khmer-handwritten-word-recognition/data/handwritten_external/W001/crops_processed/W001_P007_0174.png,ដូចនេះ,6,True,91,43,36.7842,0.145157,review,transcription_not_human_verified,W001
W001_P007_0175,crops_raw/W001_P007_0175.png,page_007.png,W001,556,818,637,851,យើង,យើង,0.96,0.95,False,pending,,data/handwritten_external/W001/metadata.csv,1427,/Users/macbookpro/Desktop/Development/khmer-handwritten-word-recognition/data/handwritten_external/W001/crops_processed/W001_P007_0175.png,យើង,3,True,81,33,44.1105,0.188926,review,transcription_not_human_verified,W001
W001_P007_0177,crops_raw/W001_P007_0177.png,page_007.png,W001,81,839,256,881,អាចសន្និដ្ឋានបានថា,អាចសន្និដ្ឋានបានថា,0.92,0.95,False,pending,,data/handwritten_external/W001/metadata.csv,1429,/Users/macbookpro/Desktop/Development/khmer-handwritten-word-recognition/data/handwritten_external/W001/crops_processed/W001_P007_0177.png,អាចសន្និដ្ឋានបានថា,18,True,175,42,55.2405,0.252925,review,transcription_not_human_verified,W001
W001_P007_0178,crops_raw/W001_P007_0178.png,page_007.png,W001,256,843,365,881,ប្រធានខាងលើ,ប្រធានខាងលើ,0.93,0.95,False,pending,,data/handwritten_external/W001/metadata.csv,1430,/Users/macbookpro/Desktop/Development/khmer-handwritten-word-recognition/data/handwritten_external/W001/crops_processed/W001_P007_0178.png,ប្រធានខាងលើ,11,True,109,38,43.9922,0.226219,review,transcription_not_human_verified,W001
W001_P007_0179,crops_raw/W001_P007_0179.png,page_007.png,W001,398,839,466,868,ពិតជាមានតម្លៃ,ពិតជាមានតម្លៃ,0.93,0.95,False,pending,,data/handwritten_external/W001/metadata.csv,1431,/Users/macbookpro/Desktop/Development/khmer-handwritten-word-recognition/data/handwritten_external/W001/crops_processed/W001_P007_0179.png,ពិតជាមានតម្លៃ,13,True,68,29,54.3728,0.266734,review,transcription_not_human_verified,W001
W001_P007_0180,crops_raw/W001_P007_0180.png,page_007.png,W001,454,843,503,869,យ៉ាង,យ៉ាង,0.96,0.95,False,pending,,data/handwritten_external/W001/metadata.csv,1432,/Users/macbookpro/Desktop/Development/khmer-handwritten-word-recognition/data/handwritten_external/W001/crops_processed/W001_P007_0180.png,យ៉ាង,4,True,49,26,55.3213,0.247253,review,transcription_not_human_verified,W001
W001_P007_0181,crops_raw/W001_P007_0181.png,page_007.png,W001,493,843,558,875,ធំធេង...,ធំធេង...,0.93,0.95,False,pending,,data/handwritten_external/W001/metadata.csv,1433,/Users/macbookpro/Desktop/Development/khmer-handwritten-word-recognition/data/handwritten_external/W001/crops_processed/W001_P007_0181.png,ធំធេង...,8,True,65,32,50.9276,0.244712,review,transcription_not_human_verified,W001
W001_P007_0182,crops_raw/W001_P007_0182.png,page_007.png,W001,548,844,619,878,ព្រោះ,ព្រោះ,0.95,0.95,False,pending,,data/handwritten_external/W001/metadata.csv,1434,/Users/macbookpro/Desktop/Development/khmer-handwritten-word-recognition/data/handwritten_external/W001/crops_processed/W001_P007_0182.png,ព្រោះ,5,True,71,34,49.15,0.242336,review,transcription_not_human_verified,W001
W001_P007_0185,crops_raw/W001_P007_0185.png,page_007.png,W001,81,868,119,905,បានបង្ហាញ,បានបង្ហាញ,0.94,0.95,False,pending,,data/handwritten_external/W001/metadata.csv,1437,/Users/macbookpro/Desktop/Development/khmer-handwritten-word-recognition/data/handwritten_external/W001/crops_processed/W001_P007_0185.png,បានបង្ហាញ,9,True,38,37,55.3566,0.251778,review,transcription_not_human_verified,W001
W001_P007_0186,crops_raw/W001_P007_0186.png,page_007.png,W001,108,859,164,902,ពីទំនាក់ទំនង,ពីទំនាក់ទំនង,0.93,0.95,False,pending,,data/handwritten_external/W001/metadata.csv,1438,/Users/macbookpro/Desktop/Development/khmer-handwritten-word-recognition/data/handwritten_external/W001/crops_processed/W001_P007_0186.png,ពីទំនាក់ទំនង,12,True,56,43,51.6119,0.254568,review,transcription_not_human_verified,W001
W001_P007_0187,crops_raw/W001_P007_0187.png,page_007.png,W001,154,870,191,902,រវាង,រវាង,0.95,0.95,False,pending,,data/handwritten_external/W001/metadata.csv,1439,/Users/macbookpro/Desktop/Development/khmer-handwritten-word-recognition/data/handwritten_external/W001/crops_processed/W001_P007_0187.png,រវាង,4,True,37,32,56.3436,0.34375,review,transcription_not_human_verified,W001
W001_P007_0188,crops_raw/W001_P007_0188.png,page_007.png,W001,184,863,235,893,ព្រះពុទ្ធ,ព្រះពុទ្ធ,0.95,0.95,False,pending,,data/handwritten_external/W001/metadata.csv,1440,/Users/macbookpro/Desktop/Development/khmer-handwritten-word-recognition/data/handwritten_external/W001/crops_processed/W001_P007_0188.png,ព្រះពុទ្ធ,9,True,51,30,51.304,0.250327,review,transcription_not_human_verified,W001
W001_P007_0189,crops_raw/W001_P007_0189.png,page_007.png,W001,223,865,318,894,សាសនា,សាសនា,0.95,0.95,False,pending,,data/handwritten_external/W001/metadata.csv,1441,/Users/macbookpro/Desktop/Development/khmer-handwritten-word-recognition/data/handwritten_external/W001/crops_processed/W001_P007_0189.png,សាសនា,5,True,95,29,45.4904,0.218875,review,transcription_not_human_verified,W001
W001_P007_0190,crops_raw/W001_P007_0190.png,page_007.png,W001,318,866,410,901,និង,និង,0.96,0.95,False,pending,,data/handwritten_external/W001/metadata.csv,1442,/Users/macbookpro/Desktop/Development/khmer-handwritten-word-recognition/data/handwritten_external/W001/crops_processed/W001_P007_0190.png,និង,3,True,92,35,44.066,0.209627,review,transcription_not_human_verified,W001
W001_P007_0191,crops_raw/W001_P007_0191.png,page_007.png,W001,401,869,447,904,វប្បធម៌,វប្បធម៌,0.95,0.95,False,pending,,data/handwritten_external/W001/metadata.csv,1443,/Users/macbookpro/Desktop/Development/khmer-handwritten-word-recognition/data/handwritten_external/W001/crops_processed/W001_P007_0191.png,វប្បធម៌,7,True,46,35,56.2741,0.320497,review,transcription_not_human_verified,W001
W001_P007_0192,crops_raw/W001_P007_0192.png,page_007.png,W001,437,867,524,896,សន្តិ,សន្តិ,0.94,0.95,False,pending,,data/handwritten_external/W001/metadata.csv,1444,/Users/macbookpro/Desktop/Development/khmer-handwritten-word-recognition/data/handwritten_external/W001/crops_processed/W001_P007_0192.png,សន្តិ,5,True,87,29,49.271,0.2065,review,transcription_not_human_verified,W001
W001_P007_0195,crops_raw/W001_P007_0195.png,page_007.png,W001,81,894,128,920,ភាព...,ភាព...,0.93,0.95,False,pending,,data/handwritten_external/W001/metadata.csv,1447,/Users/macbookpro/Desktop/Development/khmer-handwritten-word-recognition/data/handwritten_external/W001/crops_processed/W001_P007_0195.png,ភាព...,6,True,47,26,56.9269,0.261866,review,transcription_not_human_verified,W001
W001_P007_0196,crops_raw/W001_P007_0196.png,page_007.png,W001,142,888,328,930,ពិសេសទៀតនោះ,ពិសេសទៀតនោះ,0.93,0.95,False,pending,,data/handwritten_external/W001/metadata.csv,1448,/Users/macbookpro/Desktop/Development/khmer-handwritten-word-recognition/data/handwritten_external/W001/crops_processed/W001_P007_0196.png,ពិសេសទៀតនោះ,11,True,186,42,53.2341,0.243856,review,transcription_not_human_verified,W001
W001_P007_0197,crops_raw/W001_P007_0197.png,page_007.png,W001,324,884,359,918,គឺបានបង្ហាញ,គឺបានបង្ហាញ,0.93,0.95,False,pending,,data/handwritten_external/W001/metadata.csv,1449,/Users/macbookpro/Desktop/Development/khmer-handwritten-word-recognition/data/handwritten_external/W001/crops_processed/W001_P007_0197.png,គឺបានបង្ហាញ,11,True,35,34,56.0764,0.293277,review,transcription_not_human_verified,W001
W001_P007_0198,crops_raw/W001_P007_0198.png,page_007.png,W001,349,887,457,927,ពី,ពី,0.96,0.95,False,pending,,data/handwritten_external/W001/metadata.csv,1450,/Users/macbookpro/Desktop/Development/khmer-handwritten-word-recognition/data/handwritten_external/W001/crops_processed/W001_P007_0198.png,ពី,2,True,108,40,43.0039,0.2,review,transcription_not_human_verified,W001
W001_P007_0199,crops_raw/W001_P007_0199.png,page_007.png,W001,457,887,493,917,តួនាទី,តួនាទី,0.94,0.95,False,pending,,data/handwritten_external/W001/metadata.csv,1451,/Users/macbookpro/Desktop/Development/khmer-handwritten-word-recognition/data/handwritten_external/W001/crops_processed/W001_P007_0199.png,តួនាទី,6,True,36,30,52.6842,0.243519,review,transcription_not_human_verified,W001
W001_P007_0200,crops_raw/W001_P007_0200.png,page_007.png,W001,503,885,554,918,ក៏ដូចជាតម្លៃ,ក៏ដូចជាតម្លៃ,0.93,0.95,False,pending,,data/handwritten_external/W001/metadata.csv,1452,/Users/macbookpro/Desktop/Development/khmer-handwritten-word-recognition/data/handwritten_external/W001/crops_processed/W001_P007_0200.png,ក៏ដូចជាតម្លៃ,12,True,51,33,55.6216,0.278669,review,transcription_not_human_verified,W001
W001_P007_0202,crops_raw/W001_P007_0202.png,page_007.png,W001,81,916,157,953,នៃ,នៃ,0.96,0.95,False,pending,,data/handwritten_external/W001/metadata.csv,1454,/Users/macbookpro/Desktop/Development/khmer-handwritten-word-recognition/data/handwritten_external/W001/crops_processed/W001_P007_0202.png,នៃ,2,True,76,37,45.2125,0.205192,review,transcription_not_human_verified,W001
W001_P007_0203,crops_raw/W001_P007_0203.png,page_007.png,W001,148,920,196,953,ព្រះពុទ្ធសាសនា,ព្រះពុទ្ធសាសនា,0.94,0.95,False,pending,,data/handwritten_external/W001/metadata.csv,1455,/Users/macbookpro/Desktop/Development/khmer-handwritten-word-recognition/data/handwritten_external/W001/crops_processed/W001_P007_0203.png,ព្រះពុទ្ធសាសនា,14,True,48,33,54.1955,0.291035,review,transcription_not_human_verified,W001
W001_P007_0204,crops_raw/W001_P007_0204.png,page_007.png,W001,184,919,264,946,ដែលជា,ដែលជា,0.95,0.95,False,pending,,data/handwritten_external/W001/metadata.csv,1456,/Users/macbookpro/Desktop/Development/khmer-handwritten-word-recognition/data/handwritten_external/W001/crops_processed/W001_P007_0204.png,ដែលជា,5,True,80,27,54.5244,0.250463,review,transcription_not_human_verified,W001
W001_P007_0205,crops_raw/W001_P007_0205.png,page_007.png,W001,267,916,331,943,សាសនា,សាសនា,0.95,0.95,False,pending,,data/handwritten_external/W001/metadata.csv,1457,/Users/macbookpro/Desktop/Development/khmer-handwritten-word-recognition/data/handwritten_external/W001/crops_processed/W001_P007_0205.png,សាសនា,5,True,64,27,54.2021,0.241898,review,transcription_not_human_verified,W001
W001_P007_0206,crops_raw/W001_P007_0206.png,page_007.png,W001,322,916,361,942,របស់,របស់,0.96,0.95,False,pending,,data/handwritten_external/W001/metadata.csv,1458,/Users/macbookpro/Desktop/Development/khmer-handwritten-word-recognition/data/handwritten_external/W001/crops_processed/W001_P007_0206.png,របស់,4,True,39,26,50.3134,0.251479,review,transcription_not_human_verified,W001
W001_P007_0207,crops_raw/W001_P007_0207.png,page_007.png,W001,351,917,434,943,រដ្ឋ,រដ្ឋ,0.96,0.95,False,pending,,data/handwritten_external/W001/metadata.csv,1459,/Users/macbookpro/Desktop/Development/khmer-handwritten-word-recognition/data/handwritten_external/W001/crops_processed/W001_P007_0207.png,រដ្ឋ,4,True,83,26,53.5129,0.253475,review,transcription_not_human_verified,W001
W001_P007_0208,crops_raw/W001_P007_0208.png,page_007.png,W001,426,912,487,942,មួយ,មួយ,0.96,0.95,False,pending,,data/handwritten_external/W001/metadata.csv,1460,/Users/macbookpro/Desktop/Development/khmer-handwritten-word-recognition/data/handwritten_external/W001/crops_processed/W001_P007_0208.png,មួយ,3,True,61,30,52.0567,0.248087,review,transcription_not_human_verified,W001
W001_P007_0209,crops_raw/W001_P007_0209.png,page_007.png,W001,475,892,572,953,នោះ...,នោះ...,0.94,0.95,False,pending,,data/handwritten_external/W001/metadata.csv,1461,/Users/macbookpro/Desktop/Development/khmer-handwritten-word-recognition/data/handwritten_external/W001/crops_processed/W001_P007_0209.png,នោះ...,6,True,97,61,57.7338,0.29542,review,transcription_not_human_verified,W001
W001_P007_0210,crops_raw/W001_P007_0210.png,page_007.png,W001,565,917,616,942,។,។,0.97,0.95,False,pending,,data/handwritten_external/W001/metadata.csv,1462,/Users/macbookpro/Desktop/Development/khmer-handwritten-word-recognition/data/handwritten_external/W001/crops_processed/W001_P007_0210.png,។,1,True,51,25,53.676,0.273725,review,transcription_not_human_verified,W001
W001_P007_0212,crops_raw/W001_P007_0212.png,page_007.png,W001,81,941,154,978,ដូចនេះ,ដូចនេះ,0.95,0.95,False,pending,,data/handwritten_external/W001/metadata.csv,1464,/Users/macbookpro/Desktop/Development/khmer-handwritten-word-recognition/data/handwritten_external/W001/crops_processed/W001_P007_0212.png,ដូចនេះ,6,True,73,37,47.0795,0.219919,review,transcription_not_human_verified,W001
W001_P007_0213,crops_raw/W001_P007_0213.png,page_007.png,W001,152,932,239,987,ក្នុងនាម,ក្នុងនាម,0.94,0.95,False,pending,,data/handwritten_external/W001/metadata.csv,1465,/Users/macbookpro/Desktop/Development/khmer-handwritten-word-recognition/data/handwritten_external/W001/crops_processed/W001_P007_0213.png,ក្នុងនាម,8,True,87,55,52.2624,0.254127,review,transcription_not_human_verified,W001
W001_P007_0214,crops_raw/W001_P007_0214.png,page_007.png,W001,243,935,318,978,យើង,យើង,0.96,0.95,False,pending,,data/handwritten_external/W001/metadata.csv,1466,/Users/macbookpro/Desktop/Development/khmer-handwritten-word-recognition/data/handwritten_external/W001/crops_processed/W001_P007_0214.png,យើង,3,True,75,43,41.6899,0.157829,review,transcription_not_human_verified,W001
W001_P007_0215,crops_raw/W001_P007_0215.png,page_007.png,W001,315,942,374,991,ជាកូនសិស្ស,ជាកូនសិស្ស,0.93,0.95,False,pending,,data/handwritten_external/W001/metadata.csv,1467,/Users/macbookpro/Desktop/Development/khmer-handwritten-word-recognition/data/handwritten_external/W001/crops_processed/W001_P007_0215.png,ជាកូនសិស្ស,10,True,59,49,52.1311,0.264268,review,transcription_not_human_verified,W001
W001_P007_0216,crops_raw/W001_P007_0216.png,page_007.png,W001,364,935,448,978,យើង,យើង,0.96,0.95,False,pending,,data/handwritten_external/W001/metadata.csv,1468,/Users/macbookpro/Desktop/Development/khmer-handwritten-word-recognition/data/handwritten_external/W001/crops_processed/W001_P007_0216.png,យើង,3,True,84,43,38.9672,0.173588,review,transcription_not_human_verified,W001
W001_P007_0217,crops_raw/W001_P007_0217.png,page_007.png,W001,462,934,534,967,ត្រូវ,ត្រូវ,0.96,0.95,False,pending,,data/handwritten_external/W001/metadata.csv,1469,/Users/macbookpro/Desktop/Development/khmer-handwritten-word-recognition/data/handwritten_external/W001/crops_processed/W001_P007_0217.png,ត្រូវ,5,True,72,33,51.1141,0.242003,review,transcription_not_human_verified,W001
W001_P007_0218,crops_raw/W001_P007_0218.png,page_007.png,W001,526,934,585,978,ចេះ,ចេះ,0.96,0.95,False,pending,,data/handwritten_external/W001/metadata.csv,1470,/Users/macbookpro/Desktop/Development/khmer-handwritten-word-recognition/data/handwritten_external/W001/crops_processed/W001_P007_0218.png,ចេះ,3,True,59,44,52.0057,0.25,review,transcription_not_human_verified,W001
W001_P007_0219,crops_raw/W001_P007_0219.png,page_007.png,W001,584,943,632,969,មើល,មើល,0.96,0.95,False,pending,,data/handwritten_external/W001/metadata.csv,1471,/Users/macbookpro/Desktop/Development/khmer-handwritten-word-recognition/data/handwritten_external/W001/crops_processed/W001_P007_0219.png,មើល,3,True,48,26,53.8201,0.24359,review,transcription_not_human_verified,W001
W001_P007_0221,crops_raw/W001_P007_0221.png,page_007.png,W001,81,964,164,1007,ថែរក្សា,ថែរក្សា,0.94,0.95,False,pending,,data/handwritten_external/W001/metadata.csv,1473,/Users/macbookpro/Desktop/Development/khmer-handwritten-word-recognition/data/handwritten_external/W001/crops_processed/W001_P007_0221.png,ថែរក្សា,7,True,83,43,41.9678,0.140095,review,transcription_not_human_verified,W001
W001_P007_0222,crops_raw/W001_P007_0222.png,page_007.png,W001,168,963,281,994,គោរពគំនិត,គោរពគំនិត,0.94,0.95,False,pending,,data/handwritten_external/W001/metadata.csv,1474,/Users/macbookpro/Desktop/Development/khmer-handwritten-word-recognition/data/handwritten_external/W001/crops_processed/W001_P007_0222.png,គោរពគំនិត,9,True,113,31,46.9954,0.203254,review,transcription_not_human_verified,W001
W001_P007_0223,crops_raw/W001_P007_0223.png,page_007.png,W001,292,961,352,991,រៀនសូត្រតាម,រៀនសូត្រតាម,0.93,0.95,False,pending,,data/handwritten_external/W001/metadata.csv,1475,/Users/macbookpro/Desktop/Development/khmer-handwritten-word-recognition/data/handwritten_external/W001/crops_processed/W001_P007_0223.png,រៀនសូត្រតាម,11,True,60,30,51.394,0.22,review,transcription_not_human_verified,W001
W001_P007_0224,crops_raw/W001_P007_0224.png,page_007.png,W001,351,965,453,993,សាសនានេះឱ្យ...,សាសនានេះឱ្យ...,0.92,0.95,False,pending,,data/handwritten_external/W001/metadata.csv,1476,/Users/macbookpro/Desktop/Development/khmer-handwritten-word-recognition/data/handwritten_external/W001/crops_processed/W001_P007_0224.png,សាសនានេះឱ្យ...,14,True,102,28,49.9957,0.242647,review,transcription_not_human_verified,W001
W001_P007_0225,crops_raw/W001_P007_0225.png,page_007.png,W001,449,959,617,1007,ទាំងអស់គ្នា,ទាំងអស់គ្នា,0.93,0.95,False,pending,,data/handwritten_external/W001/metadata.csv,1477,/Users/macbookpro/Desktop/Development/khmer-handwritten-word-recognition/data/handwritten_external/W001/crops_processed/W001_P007_0225.png,ទាំងអស់គ្នា,11,True,168,48,48.8254,0.175719,review,transcription_not_human_verified,W001
W002_P001_0001,crops_raw/W002_P001_0001.png,page_001.png,W002,56,45,126,79,ប្រធាន:,ប្រធាន:,0.95,0.95,False,pending,,data/handwritten_external/W002/metadata.csv,2,/Users/macbookpro/Desktop/Development/khmer-handwritten-word-recognition/data/handwritten_external/W002/crops_processed/W002_P001_0001.png,ប្រធាន:,7,True,70,34,53.642,0.198739,review,transcription_not_human_verified,W002
W002_P001_0002,crops_raw/W002_P001_0002.png,page_001.png,W002,115,34,226,87,សុភាសិតខ្មែរ,សុភាសិតខ្មែរ,0.95,0.85,False,pending,,data/handwritten_external/W002/metadata.csv,3,/Users/macbookpro/Desktop/Development/khmer-handwritten-word-recognition/data/handwritten_external/W002/crops_processed/W002_P001_0002.png,សុភាសិតខ្មែរ,12,True,111,53,55.5837,0.206697,review,transcription_not_human_verified,W002
W002_P001_0003,crops_raw/W002_P001_0003.png,page_001.png,W002,213,35,318,81,បានចែងថា,បានចែងថា,0.95,0.85,False,pending,,data/handwritten_external/W002/metadata.csv,4,/Users/macbookpro/Desktop/Development/khmer-handwritten-word-recognition/data/handwritten_external/W002/crops_processed/W002_P001_0003.png,បានចែងថា,8,True,105,46,53.2674,0.174534,review,transcription_not_human_verified,W002
W002_P001_0005,crops_raw/W002_P001_0005.png,page_001.png,W002,332,32,550,80,ការពារប្រសើរជាងព្យាបាល,ការពារប្រសើរជាងព្យាបាល,0.9,0.95,False,pending,compound title,data/handwritten_external/W002/metadata.csv,6,/Users/macbookpro/Desktop/Development/khmer-handwritten-word-recognition/data/handwritten_external/W002/crops_processed/W002_P001_0005.png,ការពារប្រសើរជាងព្យាបាល,22,True,218,48,53.177,0.192756,review,transcription_not_human_verified,W002
W002_P001_0008,crops_raw/W002_P001_0008.png,page_001.png,W002,134,72,382,119,ដោយលើកឧទាហរណ៍ក្នុងជីវិត,ដោយលើកឧទាហរណ៍ក្នុងជីវិត,0.9,0.95,False,pending,compound phrase,data/handwritten_external/W002/metadata.csv,9,/Users/macbookpro/Desktop/Development/khmer-handwritten-word-recognition/data/handwritten_external/W002/crops_processed/W002_P001_0008.png,ដោយលើកឧទាហរណ៍ក្នុងជីវិត,23,True,248,47,57.1863,0.203672,review,transcription_not_human_verified,W002
W002_P001_0009,crops_raw/W002_P001_0009.png,page_001.png,W002,371,68,473,120,មកបញ្ជាក់,មកបញ្ជាក់,0.95,0.95,False,pending,,data/handwritten_external/W002/metadata.csv,10,/Users/macbookpro/Desktop/Development/khmer-handwritten-word-recognition/data/handwritten_external/W002/crops_processed/W002_P001_0009.png,មកបញ្ជាក់,9,True,102,52,48.8076,0.159125,review,transcription_not_human_verified,W002
W002_P001_0010,crops_raw/W002_P001_0010.png,page_001.png,W002,466,80,493,105,។,។,0.95,0.8,True,pending,narrow component,data/handwritten_external/W002/metadata.csv,11,/Users/macbookpro/Desktop/Development/khmer-handwritten-word-recognition/data/handwritten_external/W002/crops_processed/W002_P001_0010.png,។,1,True,27,25,47.2406,0.164444,review,transcription_not_human_verified,W002
W002_P001_0011,crops_raw/W002_P001_0011.png,page_001.png,W002,259,109,423,158,សេចក្តីអធិប្បាយ,សេចក្តីអធិប្បាយ,0.95,0.95,False,pending,section heading,data/handwritten_external/W002/metadata.csv,12,/Users/macbookpro/Desktop/Development/khmer-handwritten-word-recognition/data/handwritten_external/W002/crops_processed/W002_P001_0011.png,សេចក្តីអធិប្បាយ,15,True,164,49,54.5465,0.197735,review,transcription_not_human_verified,W002
W002_P001_0012,crops_raw/W002_P001_0012.png,page_001.png,W002,93,146,413,193,នៅលើសកលលោកយើងនេះ,នៅលើសកលលោកយើងនេះ,0.9,0.85,False,pending,continuous phrase,data/handwritten_external/W002/metadata.csv,13,/Users/macbookpro/Desktop/Development/khmer-handwritten-word-recognition/data/handwritten_external/W002/crops_processed/W002_P001_0012.png,នៅលើសកលលោកយើងនេះ,16,True,320,47,56.1828,0.203657,review,transcription_not_human_verified,W002
W002_P001_0014,crops_raw/W002_P001_0014.png,page_001.png,W002,29,183,69,233,និច្ច,និច្ច,0.95,0.95,False,pending,,data/handwritten_external/W002/metadata.csv,15,/Users/macbookpro/Desktop/Development/khmer-handwritten-word-recognition/data/handwritten_external/W002/crops_processed/W002_P001_0014.png,និច្ច,5,True,40,50,49.6462,0.1575,review,transcription_not_human_verified,W002
W002_P001_0015,crops_raw/W002_P001_0015.png,page_001.png,W002,61,194,87,216,។,។,0.95,0.8,True,pending,narrow component,data/handwritten_external/W002/metadata.csv,16,/Users/macbookpro/Desktop/Development/khmer-handwritten-word-recognition/data/handwritten_external/W002/crops_processed/W002_P001_0015.png,។,1,True,26,22,45.2549,0.187063,review,transcription_not_human_verified,W002
W002_P001_0016,crops_raw/W002_P001_0016.png,page_001.png,W002,85,184,219,229,គ្រាន់តែពេលខ្លះ,គ្រាន់តែពេលខ្លះ,0.9,0.95,False,pending,,data/handwritten_external/W002/metadata.csv,17,/Users/macbookpro/Desktop/Development/khmer-handwritten-word-recognition/data/handwritten_external/W002/crops_processed/W002_P001_0016.png,គ្រាន់តែពេលខ្លះ,15,True,134,45,53.2969,0.185572,review,transcription_not_human_verified,W002
W002_P001_0017,crops_raw/W002_P001_0017.png,page_001.png,W002,207,183,321,230,ប្រែប្រួលតិច,ប្រែប្រួលតិច,0.9,0.95,False,pending,,data/handwritten_external/W002/metadata.csv,18,/Users/macbookpro/Desktop/Development/khmer-handwritten-word-recognition/data/handwritten_external/W002/crops_processed/W002_P001_0017.png,ប្រែប្រួលតិច,12,True,114,47,52.6645,0.204554,review,transcription_not_human_verified,W002
W002_P001_0018,crops_raw/W002_P001_0018.png,page_001.png,W002,316,184,419,226,និងពេលខ្លះ,និងពេលខ្លះ,0.9,0.95,False,pending,,data/handwritten_external/W002/metadata.csv,19,/Users/macbookpro/Desktop/Development/khmer-handwritten-word-recognition/data/handwritten_external/W002/crops_processed/W002_P001_0018.png,និងពេលខ្លះ,10,True,103,42,46.8995,0.152797,review,transcription_not_human_verified,W002
W002_P001_0019,crops_raw/W002_P001_0019.png,page_001.png,W002,408,194,451,221,មាន,មាន,0.95,0.95,False,pending,,data/handwritten_external/W002/metadata.csv,20,/Users/macbookpro/Desktop/Development/khmer-handwritten-word-recognition/data/handwritten_external/W002/crops_processed/W002_P001_0019.png,មាន,3,True,43,27,63.9647,0.293712,review,transcription_not_human_verified,W002
W002_P001_0021,crops_raw/W002_P001_0021.png,page_001.png,W002,656,194,683,216,។,។,0.95,0.8,True,pending,narrow component,data/handwritten_external/W002/metadata.csv,22,/Users/macbookpro/Desktop/Development/khmer-handwritten-word-recognition/data/handwritten_external/W002/crops_processed/W002_P001_0021.png,។,1,True,27,22,46.0166,0.139731,review,transcription_not_human_verified,W002
W002_P001_0022,crops_raw/W002_P001_0022.png,page_001.png,W002,31,229,76,254,មាន,មាន,0.95,0.75,True,pending,tight spacing with neighbor; compound word or continuous phrase,data/handwritten_external/W002/metadata.csv,23,/Users/macbookpro/Desktop/Development/khmer-handwritten-word-recognition/data/handwritten_external/W002/crops_processed/W002_P001_0022.png,មាន,3,True,45,25,64.1089,0.285333,review,transcription_not_human_verified,W002
W002_P001_0023,crops_raw/W002_P001_0023.png,page_001.png,W002,63,229,122,266,ហេតុ,ហេតុ,0.95,0.75,True,pending,tight spacing with neighbor; compound word or continuous phrase,data/handwritten_external/W002/metadata.csv,24,/Users/macbookpro/Desktop/Development/khmer-handwritten-word-recognition/data/handwritten_external/W002/crops_processed/W002_P001_0023.png,ហេតុ,4,True,59,37,56.9773,0.220339,review,transcription_not_human_verified,W002
W002_P001_0024,crops_raw/W002_P001_0024.png,page_001.png,W002,109,224,157,268,ត្រូវតែ,ត្រូវតែ,0.95,0.75,True,pending,tight spacing with neighbor; compound word or continuous phrase,data/handwritten_external/W002/metadata.csv,25,/Users/macbookpro/Desktop/Development/khmer-handwritten-word-recognition/data/handwritten_external/W002/crops_processed/W002_P001_0024.png,ត្រូវតែ,7,True,48,44,58.7149,0.246686,review,transcription_not_human_verified,W002
W002_P001_0025,crops_raw/W002_P001_0025.png,page_001.png,W002,144,223,242,255,មានផល,មានផល,0.95,0.75,True,pending,tight spacing with neighbor; compound word or continuous phrase,data/handwritten_external/W002/metadata.csv,26,/Users/macbookpro/Desktop/Development/khmer-handwritten-word-recognition/data/handwritten_external/W002/crops_processed/W002_P001_0025.png,មានផល,5,True,98,32,56.7401,0.226722,review,transcription_not_human_verified,W002
W002_P001_0026,crops_raw/W002_P001_0026.png,page_001.png,W002,233,231,258,255,។,។,0.95,0.7,True,pending,narrow component; compound word or continuous phrase,data/handwritten_external/W002/metadata.csv,27,/Users/macbookpro/Desktop/Development/khmer-handwritten-word-recognition/data/handwritten_external/W002/crops_processed/W002_P001_0026.png,។,1,True,25,24,46.8049,0.191667,review,transcription_not_human_verified,W002
W002_P001_0028,crops_raw/W002_P001_0028.png,page_001.png,W002,32,255,202,308,បានចំណាយពេលវេលា,បានចំណាយពេលវេលា,0.9,0.75,True,pending,tight spacing with neighbor; compound word or continuous phrase,data/handwritten_external/W002/metadata.csv,29,/Users/macbookpro/Desktop/Development/khmer-handwritten-word-recognition/data/handwritten_external/W002/crops_processed/W002_P001_0028.png,បានចំណាយពេលវេលា,15,True,170,53,53.1055,0.182131,review,transcription_not_human_verified,W002
W002_P001_0029,crops_raw/W002_P001_0029.png,page_001.png,W002,189,256,380,308,របស់ខ្លួនស្ទើរពេញ,របស់ខ្លួនស្ទើរពេញ,0.9,0.75,True,pending,tight spacing with neighbor; compound word or continuous phrase,data/handwritten_external/W002/metadata.csv,30,/Users/macbookpro/Desktop/Development/khmer-handwritten-word-recognition/data/handwritten_external/W002/crops_processed/W002_P001_0029.png,របស់ខ្លួនស្ទើរពេញ,17,True,191,52,58.0317,0.212948,review,transcription_not_human_verified,W002
W002_P001_0030,crops_raw/W002_P001_0030.png,page_001.png,W002,367,258,521,308,មួយជីវិតរបស់ខ្លួន,មួយជីវិតរបស់ខ្លួន,0.9,0.75,True,pending,tight spacing with neighbor; compound word or continuous phrase,data/handwritten_external/W002/metadata.csv,31,/Users/macbookpro/Desktop/Development/khmer-handwritten-word-recognition/data/handwritten_external/W002/crops_processed/W002_P001_0030.png,មួយជីវិតរបស់ខ្លួន,17,True,154,50,56.3185,0.199091,review,transcription_not_human_verified,W002
W002_P001_0031,crops_raw/W002_P001_0031.png,page_001.png,W002,508,255,689,304,ដើម្បីសិក្សាស្វែងយល់,ដើម្បីសិក្សាស្វែងយល់,0.9,0.75,True,pending,tight spacing with neighbor; compound word or continuous phrase,data/handwritten_external/W002/metadata.csv,32,/Users/macbookpro/Desktop/Development/khmer-handwritten-word-recognition/data/handwritten_external/W002/crops_processed/W002_P001_0031.png,ដើម្បីសិក្សាស្វែងយល់,20,True,181,49,58.7008,0.217612,review,transcription_not_human_verified,W002
W002_P001_0032,crops_raw/W002_P001_0032.png,page_001.png,W002,31,295,105,342,នូវអ្វីៗ,នូវអ្វីៗ,0.95,0.95,False,pending,,data/handwritten_external/W002/metadata.csv,33,/Users/macbookpro/Desktop/Development/khmer-handwritten-word-recognition/data/handwritten_external/W002/crops_processed/W002_P001_0032.png,នូវអ្វីៗ,8,True,74,47,47.2313,0.161012,review,transcription_not_human_verified,W002
W002_P001_0033,crops_raw/W002_P001_0033.png,page_001.png,W002,96,293,255,339,ដែលកើតមានឡើង,ដែលកើតមានឡើង,0.9,0.95,False,pending,,data/handwritten_external/W002/metadata.csv,34,/Users/macbookpro/Desktop/Development/khmer-handwritten-word-recognition/data/handwritten_external/W002/crops_processed/W002_P001_0033.png,ដែលកើតមានឡើង,12,True,159,46,54.9485,0.197156,review,transcription_not_human_verified,W002
W002_P001_0034,crops_raw/W002_P001_0034.png,page_001.png,W002,258,292,466,340,ដើម្បីយកមកចងក្រងជាសុភាសិត,ដើម្បីយកមកចងក្រងជាសុភាសិត,0.85,0.85,False,pending,,data/handwritten_external/W002/metadata.csv,35,/Users/macbookpro/Desktop/Development/khmer-handwritten-word-recognition/data/handwritten_external/W002/crops_processed/W002_P001_0034.png,ដើម្បីយកមកចងក្រងជាសុភាសិត,25,True,208,48,58.3443,0.216947,review,transcription_not_human_verified,W002
W002_P001_0035,crops_raw/W002_P001_0035.png,page_001.png,W002,453,292,538,342,ចងក្រង,ចងក្រង,0.95,0.85,False,pending,,data/handwritten_external/W002/metadata.csv,36,/Users/macbookpro/Desktop/Development/khmer-handwritten-word-recognition/data/handwritten_external/W002/crops_processed/W002_P001_0035.png,ចងក្រង,6,True,85,50,48.7106,0.146118,review,transcription_not_human_verified,W002
W002_P001_0036,crops_raw/W002_P001_0036.png,page_001.png,W002,537,300,677,340,ជាពាក្យ-,ជាពាក្យ-,0.9,0.95,False,pending,,data/handwritten_external/W002/metadata.csv,37,/Users/macbookpro/Desktop/Development/khmer-handwritten-word-recognition/data/handwritten_external/W002/crops_processed/W002_P001_0036.png,ជាពាក្យ-,8,True,140,40,54.2226,0.198571,review,transcription_not_human_verified,W002
W002_P001_0037,crops_raw/W002_P001_0037.png,page_001.png,W002,30,340,89,376,ស្លោក,ស្លោក,0.95,0.95,False,pending,,data/handwritten_external/W002/metadata.csv,38,/Users/macbookpro/Desktop/Development/khmer-handwritten-word-recognition/data/handwritten_external/W002/crops_processed/W002_P001_0037.png,ស្លោក,5,True,59,36,51.1979,0.183616,review,transcription_not_human_verified,W002
W002_P001_0038,crops_raw/W002_P001_0038.png,page_001.png,W002,89,330,199,380,ពាក្យប្រដៅ,ពាក្យប្រដៅ,0.95,0.85,False,pending,,data/handwritten_external/W002/metadata.csv,39,/Users/macbookpro/Desktop/Development/khmer-handwritten-word-recognition/data/handwritten_external/W002/crops_processed/W002_P001_0038.png,ពាក្យប្រដៅ,10,True,110,50,49.2432,0.172909,review,transcription_not_human_verified,W002
W002_P001_0039,crops_raw/W002_P001_0039.png,page_001.png,W002,186,333,305,380,របស់ផ្សេងៗ,របស់ផ្សេងៗ,0.95,0.85,False,pending,,data/handwritten_external/W002/metadata.csv,40,/Users/macbookpro/Desktop/Development/khmer-handwritten-word-recognition/data/handwritten_external/W002/crops_processed/W002_P001_0039.png,របស់ផ្សេងៗ,10,True,119,47,51.6972,0.19882,review,transcription_not_human_verified,W002
W002_P001_0041,crops_raw/W002_P001_0041.png,page_001.png,W002,646,337,682,381,ឱ្យ,ឱ្យ,0.95,0.95,False,pending,,data/handwritten_external/W002/metadata.csv,42,/Users/macbookpro/Desktop/Development/khmer-handwritten-word-recognition/data/handwritten_external/W002/crops_processed/W002_P001_0041.png,ឱ្យ,3,True,36,44,59.246,0.233586,review,transcription_not_human_verified,W002
W002_P001_0042,crops_raw/W002_P001_0042.png,page_001.png,W002,29,367,183,416,សិក្សាស្វែងយល់,សិក្សាស្វែងយល់,0.9,0.95,False,pending,,data/handwritten_external/W002/metadata.csv,43,/Users/macbookpro/Desktop/Development/khmer-handwritten-word-recognition/data/handwritten_external/W002/crops_processed/W002_P001_0042.png,សិក្សាស្វែងយល់,14,True,154,49,52.7007,0.184469,review,transcription_not_human_verified,W002
W002_P001_0043,crops_raw/W002_P001_0043.png,page_001.png,W002,183,380,210,402,។,។,0.95,0.8,True,pending,narrow component,data/handwritten_external/W002/metadata.csv,44,/Users/macbookpro/Desktop/Development/khmer-handwritten-word-recognition/data/handwritten_external/W002/crops_processed/W002_P001_0043.png,។,1,True,27,22,48.6123,0.223906,review,transcription_not_human_verified,W002
W002_P001_0044,crops_raw/W002_P001_0044.png,page_001.png,W002,203,370,341,417,ដែលពាក្យស្លោក,ដែលពាក្យស្លោក,0.9,0.95,False,pending,,data/handwritten_external/W002/metadata.csv,45,/Users/macbookpro/Desktop/Development/khmer-handwritten-word-recognition/data/handwritten_external/W002/crops_processed/W002_P001_0044.png,ដែលពាក្យស្លោក,13,True,138,47,54.5353,0.192414,review,transcription_not_human_verified,W002
W002_P001_0045,crops_raw/W002_P001_0045.png,page_001.png,W002,338,372,541,420,ក៏ដូចជាសុភាសិតទាំងនោះ,ក៏ដូចជាសុភាសិតទាំងនោះ,0.85,0.95,False,pending,,data/handwritten_external/W002/metadata.csv,46,/Users/macbookpro/Desktop/Development/khmer-handwritten-word-recognition/data/handwritten_external/W002/crops_processed/W002_P001_0045.png,ក៏ដូចជាសុភាសិតទាំងនោះ,21,True,203,48,56.8607,0.201252,review,transcription_not_human_verified,W002
W002_P001_0046,crops_raw/W002_P001_0046.png,page_001.png,W002,530,368,677,411,មានឥទ្ធិពលដ៏ខ្ពង់ខ្ពស់,មានឥទ្ធិពលដ៏ខ្ពង់ខ្ពស់,0.85,0.95,False,pending,,data/handwritten_external/W002/metadata.csv,47,/Users/macbookpro/Desktop/Development/khmer-handwritten-word-recognition/data/handwritten_external/W002/crops_processed/W002_P001_0046.png,មានឥទ្ធិពលដ៏ខ្ពង់ខ្ពស់,22,True,147,43,56.869,0.231451,review,transcription_not_human_verified,W002
W002_P001_0047,crops_raw/W002_P001_0047.png,page_001.png,W002,31,407,186,447,សង្គមជាតិផងដែរ,សង្គមជាតិផងដែរ,0.9,0.95,False,pending,,data/handwritten_external/W002/metadata.csv,48,/Users/macbookpro/Desktop/Development/khmer-handwritten-word-recognition/data/handwritten_external/W002/crops_processed/W002_P001_0047.png,សង្គមជាតិផងដែរ,14,True,155,40,56.197,0.220968,review,transcription_not_human_verified,W002
W002_P001_0048,crops_raw/W002_P001_0048.png,page_001.png,W002,177,417,204,442,។,។,0.95,0.8,True,pending,narrow component,data/handwritten_external/W002/metadata.csv,49,/Users/macbookpro/Desktop/Development/khmer-handwritten-word-recognition/data/handwritten_external/W002/crops_processed/W002_P001_0048.png,។,1,True,27,25,48.9311,0.194074,review,transcription_not_human_verified,W002
W002_P001_0049,crops_raw/W002_P001_0049.png,page_001.png,W002,202,416,291,459,ហេតុនេះ,ហេតុនេះ,0.95,0.95,False,pending,,data/handwritten_external/W002/metadata.csv,50,/Users/macbookpro/Desktop/Development/khmer-handwritten-word-recognition/data/handwritten_external/W002/crops_processed/W002_P001_0049.png,ហេតុនេះ,7,True,89,43,43.6821,0.130912,review,transcription_not_human_verified,W002
W002_P001_0050,crops_raw/W002_P001_0050.png,page_001.png,W002,282,396,412,442,ហើយទើបមាន,ហើយទើបមាន,0.9,0.85,False,pending,,data/handwritten_external/W002/metadata.csv,51,/Users/macbookpro/Desktop/Development/khmer-handwritten-word-recognition/data/handwritten_external/W002/crops_processed/W002_P001_0050.png,ហើយទើបមាន,9,True,130,46,56.9514,0.241472,review,transcription_not_human_verified,W002
W002_P001_0051,crops_raw/W002_P001_0051.png,page_001.png,W002,399,396,627,455,សុភាសិតមួយលើកឡើងថា,សុភាសិតមួយលើកឡើងថា,0.85,0.85,False,pending,,data/handwritten_external/W002/metadata.csv,52,/Users/macbookpro/Desktop/Development/khmer-handwritten-word-recognition/data/handwritten_external/W002/crops_processed/W002_P001_0051.png,សុភាសិតមួយលើកឡើងថា,18,True,228,59,55.5367,0.208519,review,transcription_not_human_verified,W002
W002_P001_0052,crops_raw/W002_P001_0052.png,page_001.png,W002,619,413,694,441,“ការពា,“ការពា,0.9,0.95,False,pending,hyphenated across lines,data/handwritten_external/W002/metadata.csv,53,/Users/macbookpro/Desktop/Development/khmer-handwritten-word-recognition/data/handwritten_external/W002/crops_processed/W002_P001_0052.png,“ការពា,6,True,75,28,53.5782,0.186667,review,transcription_not_human_verified,W002
W002_P001_0053,crops_raw/W002_P001_0053.png,page_001.png,W002,24,450,101,479,រ,រ,0.9,0.85,False,pending,continuation of ការពារ,data/handwritten_external/W002/metadata.csv,54,/Users/macbookpro/Desktop/Development/khmer-handwritten-word-recognition/data/handwritten_external/W002/crops_processed/W002_P001_0053.png,រ,1,True,77,29,56.987,0.212718,review,transcription_not_human_verified,W002
W002_P001_0054,crops_raw/W002_P001_0054.png,page_001.png,W002,88,452,170,490,ប្រសើរជាងព្យាបាល,ប្រសើរជាងព្យាបាល,0.9,0.85,False,pending,,data/handwritten_external/W002/metadata.csv,55,/Users/macbookpro/Desktop/Development/khmer-handwritten-word-recognition/data/handwritten_external/W002/crops_processed/W002_P001_0054.png,ប្រសើរជាងព្យាបាល,16,True,82,38,48.4252,0.174262,review,transcription_not_human_verified,W002
W002_P001_0056,crops_raw/W002_P001_0056.png,page_001.png,W002,178,454,204,475,។,។,0.95,0.8,True,pending,narrow component,data/handwritten_external/W002/metadata.csv,57,/Users/macbookpro/Desktop/Development/khmer-handwritten-word-recognition/data/handwritten_external/W002/crops_processed/W002_P001_0056.png,។,1,True,26,21,47.2654,0.139194,review,transcription_not_human_verified,W002
W002_P001_0057,crops_raw/W002_P001_0057.png,page_001.png,W002,89,481,263,529,តើសុភាសិត,តើសុភាសិត,0.95,0.95,False,pending,,data/handwritten_external/W002/metadata.csv,58,/Users/macbookpro/Desktop/Development/khmer-handwritten-word-recognition/data/handwritten_external/W002/crops_processed/W002_P001_0057.png,តើសុភាសិត,9,True,174,48,56.1912,0.203664,review,transcription_not_human_verified,W002
W002_P001_0058,crops_raw/W002_P001_0058.png,page_001.png,W002,251,478,432,526,ដែលបានលើកឡើងខាងលើនេះ,ដែលបានលើកឡើងខាងលើនេះ,0.85,0.95,False,pending,,data/handwritten_external/W002/metadata.csv,59,/Users/macbookpro/Desktop/Development/khmer-handwritten-word-recognition/data/handwritten_external/W002/crops_processed/W002_P001_0058.png,ដែលបានលើកឡើងខាងលើនេះ,20,True,181,48,59.6312,0.218462,review,transcription_not_human_verified,W002
W002_P001_0059,crops_raw/W002_P001_0059.png,page_001.png,W002,420,491,465,518,មាន,មាន,0.95,0.95,False,pending,,data/handwritten_external/W002/metadata.csv,60,/Users/macbookpro/Desktop/Development/khmer-handwritten-word-recognition/data/handwritten_external/W002/crops_processed/W002_P001_0059.png,មាន,3,True,45,27,65.5586,0.28642,review,transcription_not_human_verified,W002
W002_P001_0060,crops_raw/W002_P001_0060.png,page_001.png,W002,453,480,619,530,អត្ថន័យដូចម្តេចខ្លះ,អត្ថន័យដូចម្តេចខ្លះ,0.9,0.95,False,pending,,data/handwritten_external/W002/metadata.csv,61,/Users/macbookpro/Desktop/Development/khmer-handwritten-word-recognition/data/handwritten_external/W002/crops_processed/W002_P001_0060.png,អត្ថន័យដូចម្តេចខ្លះ,19,True,166,50,57.0315,0.20494,review,transcription_not_human_verified,W002
W002_P001_0063,crops_raw/W002_P001_0063.png,page_001.png,W002,404,519,672,564,អត្ថន័យខ្លឹមសារនៃប្រធាន,អត្ថន័យខ្លឹមសារនៃប្រធាន,0.85,0.85,False,pending,,data/handwritten_external/W002/metadata.csv,64,/Users/macbookpro/Desktop/Development/khmer-handwritten-word-recognition/data/handwritten_external/W002/crops_processed/W002_P001_0063.png,អត្ថន័យខ្លឹមសារនៃប្រធាន,23,True,268,45,56.831,0.209121,review,transcription_not_human_verified,W002
W002_P001_0064,crops_raw/W002_P001_0064.png,page_001.png,W002,30,557,197,607,ឱ្យកាន់តែពិរោះពិសា,ឱ្យកាន់តែពិរោះពិសា,0.9,0.85,False,pending,,data/handwritten_external/W002/metadata.csv,65,/Users/macbookpro/Desktop/Development/khmer-handwritten-word-recognition/data/handwritten_external/W002/crops_processed/W002_P001_0064.png,ឱ្យកាន់តែពិរោះពិសា,18,True,167,50,54.7182,0.213413,review,transcription_not_human_verified,W002
W002_P001_0066,crops_raw/W002_P001_0066.png,page_001.png,W002,478,558,610,609,មួយកម្រិតទៀតនោះ,មួយកម្រិតទៀតនោះ,0.9,0.75,True,pending,tight spacing with neighbor; compound word or continuous phrase,data/handwritten_external/W002/metadata.csv,67,/Users/macbookpro/Desktop/Development/khmer-handwritten-word-recognition/data/handwritten_external/W002/crops_processed/W002_P001_0066.png,មួយកម្រិតទៀតនោះ,15,True,132,51,52.5013,0.199495,review,transcription_not_human_verified,W002
W002_P001_0067,crops_raw/W002_P001_0067.png,page_001.png,W002,597,557,686,598,យើងគប្បី,យើងគប្បី,0.95,0.75,True,pending,tight spacing with neighbor; compound word or continuous phrase,data/handwritten_external/W002/metadata.csv,68,/Users/macbookpro/Desktop/Development/khmer-handwritten-word-recognition/data/handwritten_external/W002/crops_processed/W002_P001_0067.png,យើងគប្បី,8,True,89,41,47.6321,0.177309,review,transcription_not_human_verified,W002
W002_P001_0070,crops_raw/W002_P001_0070.png,page_001.png,W002,460,595,689,649,ដែលមានក្នុងអត្ថ-,ដែលមានក្នុងអត្ថ-,0.9,0.75,True,pending,tight spacing with neighbor; compound word or continuous phrase,data/handwritten_external/W002/metadata.csv,71,/Users/macbookpro/Desktop/Development/khmer-handwritten-word-recognition/data/handwritten_external/W002/crops_processed/W002_P001_0070.png,ដែលមានក្នុងអត្ថ-,16,True,229,54,57.1561,0.201439,review,transcription_not_human_verified,W002
W002_P001_0071,crops_raw/W002_P001_0071.png,page_001.png,W002,31,641,59,666,ន័យ,ន័យ,0.95,0.8,True,pending,narrow component,data/handwritten_external/W002/metadata.csv,72,/Users/macbookpro/Desktop/Development/khmer-handwritten-word-recognition/data/handwritten_external/W002/crops_processed/W002_P001_0071.png,ន័យ,3,True,28,25,53.0983,0.238571,review,transcription_not_human_verified,W002
W002_P001_0072,crops_raw/W002_P001_0072.png,page_001.png,W002,51,632,119,679,ប្រធាន,ប្រធាន,0.95,0.95,False,pending,,data/handwritten_external/W002/metadata.csv,73,/Users/macbookpro/Desktop/Development/khmer-handwritten-word-recognition/data/handwritten_external/W002/crops_processed/W002_P001_0072.png,ប្រធាន,6,True,68,47,44.7345,0.164581,review,transcription_not_human_verified,W002
W002_P001_0074,crops_raw/W002_P001_0074.png,page_001.png,W002,433,643,457,668,។,។,0.95,0.8,True,pending,narrow component,data/handwritten_external/W002/metadata.csv,75,/Users/macbookpro/Desktop/Development/khmer-handwritten-word-recognition/data/handwritten_external/W002/crops_processed/W002_P001_0074.png,។,1,True,24,25,44.3404,0.133333,review,transcription_not_human_verified,W002
W002_P001_0075,crops_raw/W002_P001_0075.png,page_001.png,W002,454,642,527,668,ការពារ,ការពារ,0.95,0.95,False,pending,,data/handwritten_external/W002/metadata.csv,76,/Users/macbookpro/Desktop/Development/khmer-handwritten-word-recognition/data/handwritten_external/W002/crops_processed/W002_P001_0075.png,ការពារ,6,True,73,26,61.7617,0.240253,review,transcription_not_human_verified,W002
W002_P001_0076,crops_raw/W002_P001_0076.png,page_001.png,W002,516,633,614,670,មានន័យថា,មានន័យថា,0.95,0.95,False,pending,,data/handwritten_external/W002/metadata.csv,77,/Users/macbookpro/Desktop/Development/khmer-handwritten-word-recognition/data/handwritten_external/W002/crops_processed/W002_P001_0076.png,មានន័យថា,8,True,98,37,49.173,0.18781,review,transcription_not_human_verified,W002
W002_P001_0077,crops_raw/W002_P001_0077.png,page_001.png,W002,602,639,690,677,ការប្រឆាំង,ការប្រឆាំង,0.95,0.95,False,pending,,data/handwritten_external/W002/metadata.csv,78,/Users/macbookpro/Desktop/Development/khmer-handwritten-word-recognition/data/handwritten_external/W002/crops_processed/W002_P001_0077.png,ការប្រឆាំង,10,True,88,38,52.8234,0.180323,review,transcription_not_human_verified,W002
W002_P001_0078,crops_raw/W002_P001_0078.png,page_001.png,W002,28,669,136,714,ការទប់ស្កាត់,ការទប់ស្កាត់,0.95,0.95,False,pending,,data/handwritten_external/W002/metadata.csv,79,/Users/macbookpro/Desktop/Development/khmer-handwritten-word-recognition/data/handwritten_external/W002/crops_processed/W002_P001_0078.png,ការទប់ស្កាត់,12,True,108,45,50.9476,0.164403,review,transcription_not_human_verified,W002
W002_P001_0079,crops_raw/W002_P001_0079.png,page_001.png,W002,125,669,235,719,នូវអ្វីៗ,នូវអ្វីៗ,0.95,0.85,False,pending,,data/handwritten_external/W002/metadata.csv,80,/Users/macbookpro/Desktop/Development/khmer-handwritten-word-recognition/data/handwritten_external/W002/crops_processed/W002_P001_0079.png,នូវអ្វីៗ,8,True,110,50,55.7283,0.225636,review,transcription_not_human_verified,W002
W002_P001_0081,crops_raw/W002_P001_0081.png,page_001.png,W002,485,681,511,706,។,។,0.95,0.8,True,pending,narrow component,data/handwritten_external/W002/metadata.csv,82,/Users/macbookpro/Desktop/Development/khmer-handwritten-word-recognition/data/handwritten_external/W002/crops_processed/W002_P001_0081.png,។,1,True,26,25,48.6914,0.212308,review,transcription_not_human_verified,W002
W002_P001_0082,crops_raw/W002_P001_0082.png,page_001.png,W002,507,670,596,706,ចំណែកឯ,ចំណែកឯ,0.95,0.95,False,pending,,data/handwritten_external/W002/metadata.csv,83,/Users/macbookpro/Desktop/Development/khmer-handwritten-word-recognition/data/handwritten_external/W002/crops_processed/W002_P001_0082.png,ចំណែកឯ,6,True,89,36,49.6275,0.179463,review,transcription_not_human_verified,W002
W002_P001_0084,crops_raw/W002_P001_0084.png,page_001.png,W002,601,678,688,716,ព្យាបាល”,ព្យាបាល”,0.9,0.95,False,pending,,data/handwritten_external/W002/metadata.csv,85,/Users/macbookpro/Desktop/Development/khmer-handwritten-word-recognition/data/handwritten_external/W002/crops_processed/W002_P001_0084.png,ព្យាបាល”,8,True,87,38,50.3332,0.171204,review,transcription_not_human_verified,W002
W002_P001_0085,crops_raw/W002_P001_0085.png,page_001.png,W002,26,709,128,754,សម្ដៅលើ,សម្ដៅលើ,0.95,0.85,False,pending,,data/handwritten_external/W002/metadata.csv,86,/Users/macbookpro/Desktop/Development/khmer-handwritten-word-recognition/data/handwritten_external/W002/crops_processed/W002_P001_0085.png,សម្ដៅលើ,7,True,102,45,51.6648,0.173856,review,transcription_not_human_verified,W002
W002_P001_0086,crops_raw/W002_P001_0086.png,page_001.png,W002,115,710,239,753,ដំណោះស្រាយ,ដំណោះស្រាយ,0.95,0.85,False,pending,,data/handwritten_external/W002/metadata.csv,87,/Users/macbookpro/Desktop/Development/khmer-handwritten-word-recognition/data/handwritten_external/W002/crops_processed/W002_P001_0086.png,ដំណោះស្រាយ,10,True,124,43,54.3374,0.204426,review,transcription_not_human_verified,W002
W002_P001_0087,crops_raw/W002_P001_0087.png,page_001.png,W002,235,710,363,765,ការស្វែងរកនូវ,ការស្វែងរកនូវ,0.9,0.85,False,pending,,data/handwritten_external/W002/metadata.csv,88,/Users/macbookpro/Desktop/Development/khmer-handwritten-word-recognition/data/handwritten_external/W002/crops_processed/W002_P001_0087.png,ការស្វែងរកនូវ,13,True,128,55,56.3704,0.204545,review,transcription_not_human_verified,W002
W002_P001_0089,crops_raw/W002_P001_0089.png,page_001.png,W002,568,708,678,756,នូវអ្វីៗដែល,នូវអ្វីៗដែល,0.9,0.95,False,pending,,data/handwritten_external/W002/metadata.csv,90,/Users/macbookpro/Desktop/Development/khmer-handwritten-word-recognition/data/handwritten_external/W002/crops_processed/W002_P001_0089.png,នូវអ្វីៗដែល,11,True,110,48,55.4559,0.207386,review,transcription_not_human_verified,W002
W002_P001_0090,crops_raw/W002_P001_0090.png,page_001.png,W002,27,745,230,793,បានកើតឡើងរួចហើយ,បានកើតឡើងរួចហើយ,0.9,0.95,False,pending,,data/handwritten_external/W002/metadata.csv,91,/Users/macbookpro/Desktop/Development/khmer-handwritten-word-recognition/data/handwritten_external/W002/crops_processed/W002_P001_0090.png,បានកើតឡើងរួចហើយ,15,True,203,48,57.6629,0.210386,review,transcription_not_human_verified,W002
W002_P001_0091,crops_raw/W002_P001_0091.png,page_001.png,W002,221,755,248,779,។,។,0.95,0.8,True,pending,narrow component,data/handwritten_external/W002/metadata.csv,92,/Users/macbookpro/Desktop/Development/khmer-handwritten-word-recognition/data/handwritten_external/W002/crops_processed/W002_P001_0091.png,។,1,True,27,24,48.683,0.191358,review,transcription_not_human_verified,W002
W002_P001_0092,crops_raw/W002_P001_0092.png,page_001.png,W002,238,743,314,793,ដូចនេះ,ដូចនេះ,0.95,0.95,False,pending,,data/handwritten_external/W002/metadata.csv,93,/Users/macbookpro/Desktop/Development/khmer-handwritten-word-recognition/data/handwritten_external/W002/crops_processed/W002_P001_0092.png,ដូចនេះ,6,True,76,50,43.7349,0.128947,review,transcription_not_human_verified,W002
W002_P001_0093,crops_raw/W002_P001_0093.png,page_001.png,W002,309,743,490,798,សុភាសិតខាងលើនេះ,សុភាសិតខាងលើនេះ,0.9,0.95,False,pending,,data/handwritten_external/W002/metadata.csv,94,/Users/macbookpro/Desktop/Development/khmer-handwritten-word-recognition/data/handwritten_external/W002/crops_processed/W002_P001_0093.png,សុភាសិតខាងលើនេះ,15,True,181,55,56.9999,0.199196,review,transcription_not_human_verified,W002
W002_P001_0094,crops_raw/W002_P001_0094.png,page_001.png,W002,480,744,611,791,ចង់សម្ដៅលើ,ចង់សម្ដៅលើ,0.9,0.95,False,pending,,data/handwritten_external/W002/metadata.csv,95,/Users/macbookpro/Desktop/Development/khmer-handwritten-word-recognition/data/handwritten_external/W002/crops_processed/W002_P001_0094.png,ចង់សម្ដៅលើ,10,True,131,47,56.3888,0.198473,review,transcription_not_human_verified,W002
W002_P001_0095,crops_raw/W002_P001_0095.png,page_001.png,W002,601,750,689,790,ការប្រឆាំង,ការប្រឆាំង,0.95,0.95,False,pending,,data/handwritten_external/W002/metadata.csv,96,/Users/macbookpro/Desktop/Development/khmer-handwritten-word-recognition/data/handwritten_external/W002/crops_processed/W002_P001_0095.png,ការប្រឆាំង,10,True,88,40,51.6254,0.187216,review,transcription_not_human_verified,W002
W002_P001_0096,crops_raw/W002_P001_0096.png,page_001.png,W002,29,781,192,833,ឬការប្រុងប្រយ័ត្ន,ឬការប្រុងប្រយ័ត្ន,0.9,0.95,False,pending,,data/handwritten_external/W002/metadata.csv,97,/Users/macbookpro/Desktop/Development/khmer-handwritten-word-recognition/data/handwritten_external/W002/crops_processed/W002_P001_0096.png,ឬការប្រុងប្រយ័ត្ន,17,True,163,52,57.6621,0.219325,review,transcription_not_human_verified,W002
W002_P001_0097,crops_raw/W002_P001_0097.png,page_001.png,W002,189,781,328,834,ការទប់ស្កាត់មុន,ការទប់ស្កាត់មុន,0.9,0.95,False,pending,,data/handwritten_external/W002/metadata.csv,98,/Users/macbookpro/Desktop/Development/khmer-handwritten-word-recognition/data/handwritten_external/W002/crops_processed/W002_P001_0097.png,ការទប់ស្កាត់មុន,15,True,139,53,53.8688,0.177277,review,transcription_not_human_verified,W002
W002_P001_0098,crops_raw/W002_P001_0098.png,page_001.png,W002,324,781,578,831,គឺជារឿងមួយដែលល្អពិត,គឺជារឿងមួយដែលល្អពិត,0.85,0.95,False,pending,,data/handwritten_external/W002/metadata.csv,99,/Users/macbookpro/Desktop/Development/khmer-handwritten-word-recognition/data/handwritten_external/W002/crops_processed/W002_P001_0098.png,គឺជារឿងមួយដែលល្អពិត,19,True,254,50,58.5135,0.220551,review,transcription_not_human_verified,W002
W002_P001_0099,crops_raw/W002_P001_0099.png,page_001.png,W002,572,784,691,831,ការជួបហើយ,ការជួបហើយ,0.9,0.95,False,pending,,data/handwritten_external/W002/metadata.csv,100,/Users/macbookpro/Desktop/Development/khmer-handwritten-word-recognition/data/handwritten_external/W002/crops_processed/W002_P001_0099.png,ការជួបហើយ,9,True,119,47,51.7271,0.166458,review,transcription_not_human_verified,W002
W002_P001_0100,crops_raw/W002_P001_0100.png,page_001.png,W002,29,819,168,865,ទើបដោះស្រាយ,ទើបដោះស្រាយ,0.95,0.75,True,pending,tight spacing with neighbor; compound word or continuous phrase,data/handwritten_external/W002/metadata.csv,101,/Users/macbookpro/Desktop/Development/khmer-handwritten-word-recognition/data/handwritten_external/W002/crops_processed/W002_P001_0100.png,ទើបដោះស្រាយ,11,True,139,46,56.9319,0.206756,review,transcription_not_human_verified,W002
W002_P001_0101,crops_raw/W002_P001_0101.png,page_001.png,W002,155,819,252,867,តាមក្រោយ,តាមក្រោយ,0.95,0.75,True,pending,tight spacing with neighbor; compound word or continuous phrase,data/handwritten_external/W002/metadata.csv,102,/Users/macbookpro/Desktop/Development/khmer-handwritten-word-recognition/data/handwritten_external/W002/crops_processed/W002_P001_0101.png,តាមក្រោយ,8,True,97,48,53.2056,0.163445,review,transcription_not_human_verified,W002
W002_P001_0103,crops_raw/W002_P001_0103.png,page_001.png,W002,77,858,230,895,ការពិតណាស់,ការពិតណាស់,0.95,0.85,False,pending,,data/handwritten_external/W002/metadata.csv,104,/Users/macbookpro/Desktop/Development/khmer-handwritten-word-recognition/data/handwritten_external/W002/crops_processed/W002_P001_0103.png,ការពិតណាស់,10,True,153,37,57.1829,0.20968,review,transcription_not_human_verified,W002
W002_P001_0104,crops_raw/W002_P001_0104.png,page_001.png,W002,225,857,419,913,វិធីសាស្ត្រការពារមុន,វិធីសាស្ត្រការពារមុន,0.9,0.85,False,pending,,data/handwritten_external/W002/metadata.csv,105,/Users/macbookpro/Desktop/Development/khmer-handwritten-word-recognition/data/handwritten_external/W002/crops_processed/W002_P001_0104.png,វិធីសាស្ត្រការពារមុន,20,True,194,56,56.9868,0.197901,review,transcription_not_human_verified,W002
W002_P001_0106,crops_raw/W002_P001_0106.png,page_001.png,W002,29,895,269,943,ចៀសវាងពីគ្រោះថ្នាក់ផ្សេងៗ,ចៀសវាងពីគ្រោះថ្នាក់ផ្សេងៗ,0.85,0.85,False,pending,,data/handwritten_external/W002/metadata.csv,107,/Users/macbookpro/Desktop/Development/khmer-handwritten-word-recognition/data/handwritten_external/W002/crops_processed/W002_P001_0106.png,ចៀសវាងពីគ្រោះថ្នាក់ផ្សេងៗ,25,True,240,48,59.7228,0.22691,review,transcription_not_human_verified,W002
W002_P001_0107,crops_raw/W002_P001_0107.png,page_001.png,W002,263,908,288,930,។,។,0.95,0.7,True,pending,narrow component; compound word or continuous phrase,data/handwritten_external/W002/metadata.csv,108,/Users/macbookpro/Desktop/Development/khmer-handwritten-word-recognition/data/handwritten_external/W002/crops_processed/W002_P001_0107.png,។,1,True,25,22,46.3174,0.172727,review,transcription_not_human_verified,W002
W002_P001_0108,crops_raw/W002_P001_0108.png,page_001.png,W002,289,897,404,944,រាល់រឿងរ៉ាវ,រាល់រឿងរ៉ាវ,0.95,0.85,False,pending,,data/handwritten_external/W002/metadata.csv,109,/Users/macbookpro/Desktop/Development/khmer-handwritten-word-recognition/data/handwritten_external/W002/crops_processed/W002_P001_0108.png,រាល់រឿងរ៉ាវ,11,True,115,47,55.9071,0.211286,review,transcription_not_human_verified,W002
W002_P001_0109,crops_raw/W002_P001_0109.png,page_001.png,W002,402,895,496,941,រាល់បញ្ហា,រាល់បញ្ហា,0.95,0.85,False,pending,,data/handwritten_external/W002/metadata.csv,110,/Users/macbookpro/Desktop/Development/khmer-handwritten-word-recognition/data/handwritten_external/W002/crops_processed/W002_P001_0109.png,រាល់បញ្ហា,9,True,94,46,46.8142,0.134366,review,transcription_not_human_verified,W002
W002_P001_0110,crops_raw/W002_P001_0110.png,page_001.png,W002,491,896,682,939,តែងតែកើតមានឡើង។,តែងតែកើតមានឡើង។,0.9,0.85,False,pending,,data/handwritten_external/W002/metadata.csv,111,/Users/macbookpro/Desktop/Development/khmer-handwritten-word-recognition/data/handwritten_external/W002/crops_processed/W002_P001_0110.png,តែងតែកើតមានឡើង។,15,True,191,43,62.4632,0.245465,review,transcription_not_human_verified,W002
W002_P001_0111,crops_raw/W002_P001_0111.png,page_001.png,W002,28,936,104,979,គ្រាន់តែ,គ្រាន់តែ,0.95,0.85,False,pending,,data/handwritten_external/W002/metadata.csv,112,/Users/macbookpro/Desktop/Development/khmer-handwritten-word-recognition/data/handwritten_external/W002/crops_processed/W002_P001_0111.png,គ្រាន់តែ,8,True,76,43,49.9956,0.174725,review,transcription_not_human_verified,W002
W002_P001_0112,crops_raw/W002_P001_0112.png,page_001.png,W002,91,939,182,980,បញ្ហាទាំងនោះ,បញ្ហាទាំងនោះ,0.9,0.85,False,pending,,data/handwritten_external/W002/metadata.csv,113,/Users/macbookpro/Desktop/Development/khmer-handwritten-word-recognition/data/handwritten_external/W002/crops_processed/W002_P001_0112.png,បញ្ហាទាំងនោះ,12,True,91,41,51.5919,0.176628,review,transcription_not_human_verified,W002
W002_P001_0113,crops_raw/W002_P001_0113.png,page_001.png,W002,169,944,218,969,មាន,មាន,0.95,0.85,False,pending,,data/handwritten_external/W002/metadata.csv,114,/Users/macbookpro/Desktop/Development/khmer-handwritten-word-recognition/data/handwritten_external/W002/crops_processed/W002_P001_0113.png,មាន,3,True,49,25,63.5296,0.302857,review,transcription_not_human_verified,W002
W002_P001_0114,crops_raw/W002_P001_0114.png,page_001.png,W002,208,937,328,986,តូចមានធំ,តូចមានធំ,0.9,0.95,False,pending,,data/handwritten_external/W002/metadata.csv,115,/Users/macbookpro/Desktop/Development/khmer-handwritten-word-recognition/data/handwritten_external/W002/crops_processed/W002_P001_0114.png,តូចមានធំ,8,True,120,49,51.6858,0.169388,review,transcription_not_human_verified,W002
W002_P001_0115,crops_raw/W002_P001_0115.png,page_001.png,W002,330,935,433,979,ឬបញ្ហា,ឬបញ្ហា,0.95,0.95,False,pending,,data/handwritten_external/W002/metadata.csv,116,/Users/macbookpro/Desktop/Development/khmer-handwritten-word-recognition/data/handwritten_external/W002/crops_processed/W002_P001_0115.png,ឬបញ្ហា,6,True,103,44,51.4088,0.163725,review,transcription_not_human_verified,W002
W002_P001_0116,crops_raw/W002_P001_0116.png,page_001.png,W002,431,934,570,986,តិចឬច្រើន,តិចឬច្រើន,0.9,0.95,False,pending,,data/handwritten_external/W002/metadata.csv,117,/Users/macbookpro/Desktop/Development/khmer-handwritten-word-recognition/data/handwritten_external/W002/crops_processed/W002_P001_0116.png,តិចឬច្រើន,9,True,139,52,56.8815,0.197012,review,transcription_not_human_verified,W002
W002_P001_0117,crops_raw/W002_P001_0117.png,page_001.png,W002,564,944,589,969,ប៉ុណ្ណោះ,ប៉ុណ្ណោះ,0.95,0.8,True,pending,narrow component,data/handwritten_external/W002/metadata.csv,118,/Users/macbookpro/Desktop/Development/khmer-handwritten-word-recognition/data/handwritten_external/W002/crops_processed/W002_P001_0117.png,ប៉ុណ្ណោះ,8,True,25,25,48.5596,0.1584,review,transcription_not_human_verified,W002
